-- phpMyAdmin SQL Dump
-- version 4.0.10.14
-- http://www.phpmyadmin.net
--
-- Host: localhost:3306
-- Generation Time: Aug 08, 2016 at 09:11 AM
-- Server version: 5.6.26-cll-lve
-- PHP Version: 5.4.31

SET SQL_MODE = "NO_AUTO_VALUE_ON_ZERO";
SET time_zone = "+00:00";


/*!40101 SET @OLD_CHARACTER_SET_CLIENT=@@CHARACTER_SET_CLIENT */;
/*!40101 SET @OLD_CHARACTER_SET_RESULTS=@@CHARACTER_SET_RESULTS */;
/*!40101 SET @OLD_COLLATION_CONNECTION=@@COLLATION_CONNECTION */;
/*!40101 SET NAMES utf8 */;

--
-- Database: `nhl94db`
--

-- --------------------------------------------------------

--
-- Table structure for table `gamestats`
--

CREATE TABLE IF NOT EXISTS `gamestats` (
  `GameID` int(11) NOT NULL AUTO_INCREMENT,
  `LeagueID` int(11) NOT NULL,
  `SeriesID` int(11) NOT NULL,
  `Crowd` int(11) NOT NULL,
  `GHP1` int(11) NOT NULL,
  `GHP2` int(11) NOT NULL,
  `GHP3` int(11) NOT NULL,
  `GHOT` int(11) NOT NULL,
  `GAP1` int(11) NOT NULL,
  `GAP2` int(11) NOT NULL,
  `GAP3` int(11) NOT NULL,
  `GAOT` int(11) NOT NULL,
  `SHP1` int(11) NOT NULL,
  `SHP2` int(11) NOT NULL,
  `SHP3` int(11) NOT NULL,
  `SHOT` int(11) NOT NULL,
  `SAP1` int(11) NOT NULL,
  `SAP2` int(11) NOT NULL,
  `SAP3` int(11) NOT NULL,
  `SAOT` int(11) NOT NULL,
  `PIMH` int(11) NOT NULL,
  `PIMA` int(11) NOT NULL,
  `BCH` int(11) NOT NULL,
  `BCA` int(11) NOT NULL,
  `PPHG` int(11) NOT NULL,
  `PPAG` int(11) NOT NULL,
  `SHHG` int(11) NOT NULL,
  `SHAG` int(11) NOT NULL,
  `PPH` int(11) NOT NULL,
  `PPA` int(11) NOT NULL,
  `BAHG` int(11) NOT NULL,
  `BAAG` int(11) NOT NULL,
  `BAH` int(11) NOT NULL,
  `BAA` int(11) NOT NULL,
  `1THG` int(11) NOT NULL,
  `1TAG` int(11) NOT NULL,
  `1TH` int(11) NOT NULL,
  `1TA` int(11) NOT NULL,
  `PSHG` int(11) NOT NULL,
  `PSAG` int(11) NOT NULL,
  `PSH` int(11) NOT NULL,
  `PSA` int(11) NOT NULL,
  `FOH` int(11) NOT NULL,
  `FOA` int(11) NOT NULL,
  `AZH` time NOT NULL,
  `AZA` time NOT NULL,
  `PCH` int(11) NOT NULL,
  `PH` int(11) NOT NULL,
  `PCA` int(11) NOT NULL,
  `PA` int(11) NOT NULL,
  PRIMARY KEY (`GameID`)
) ENGINE=InnoDB  DEFAULT CHARSET=latin1 AUTO_INCREMENT=174 ;

--
-- Dumping data for table `gamestats`
--

INSERT INTO `gamestats` (`GameID`, `LeagueID`, `SeriesID`, `Crowd`, `GHP1`, `GHP2`, `GHP3`, `GHOT`, `GAP1`, `GAP2`, `GAP3`, `GAOT`, `SHP1`, `SHP2`, `SHP3`, `SHOT`, `SAP1`, `SAP2`, `SAP3`, `SAOT`, `PIMH`, `PIMA`, `BCH`, `BCA`, `PPHG`, `PPAG`, `SHHG`, `SHAG`, `PPH`, `PPA`, `BAHG`, `BAAG`, `BAH`, `BAA`, `1THG`, `1TAG`, `1TH`, `1TA`, `PSHG`, `PSAG`, `PSH`, `PSA`, `FOH`, `FOA`, `AZH`, `AZA`, `PCH`, `PH`, `PCA`, `PA`) VALUES
(96, 1, 83, 110, 0, 0, 2, 0, 1, 1, 1, 0, 5, 5, 5, 0, 5, 6, 7, 0, 2, 0, 30, 24, 0, 0, 1, 0, 0, 1, 0, 1, 7, 3, 2, 1, 11, 4, 0, 0, 0, 0, 5, 5, '00:05:08', '00:05:01', 22, 55, 26, 45),
(97, 1, 83, 105, 3, 1, 1, 0, 3, 1, 2, 0, 6, 3, 3, 0, 4, 4, 4, 0, 8, 0, 36, 19, 0, 1, 0, 0, 0, 2, 1, 1, 5, 2, 1, 3, 2, 8, 0, 0, 2, 0, 11, 9, '00:04:27', '00:05:44', 20, 35, 18, 40),
(98, 1, 83, 92, 1, 0, 1, 0, 0, 2, 0, 1, 4, 1, 3, 0, 5, 3, 2, 1, 8, 6, 33, 18, 0, 1, 1, 1, 3, 4, 1, 0, 1, 1, 0, 2, 2, 9, 0, 0, 0, 0, 12, 8, '00:04:41', '00:06:43', 24, 45, 24, 37),
(99, 1, 83, 103, 1, 2, 1, 0, 1, 0, 1, 0, 4, 6, 4, 0, 2, 2, 5, 0, 2, 6, 26, 27, 0, 1, 0, 1, 2, 1, 0, 1, 1, 2, 2, 0, 6, 3, 0, 0, 0, 0, 6, 9, '00:05:18', '00:05:21', 24, 45, 27, 39),
(100, 1, 84, 97, 1, 1, 3, 0, 1, 2, 3, 0, 3, 2, 5, 0, 1, 3, 3, 0, 4, 4, 28, 29, 2, 2, 0, 0, 2, 2, 1, 0, 1, 1, 0, 3, 6, 4, 0, 0, 0, 0, 11, 11, '00:06:17', '00:04:19', 24, 49, 25, 47),
(101, 1, 84, 103, 0, 1, 2, 1, 2, 0, 1, 0, 3, 4, 5, 1, 5, 6, 1, 0, 2, 0, 31, 23, 0, 0, 1, 0, 0, 1, 0, 0, 4, 1, 1, 0, 8, 3, 1, 0, 1, 0, 10, 5, '00:05:54', '00:05:08', 34, 54, 20, 41),
(102, 1, 84, 97, 1, 1, 0, 0, 0, 1, 0, 0, 2, 3, 2, 0, 4, 2, 2, 0, 12, 2, 27, 21, 0, 0, 0, 0, 1, 4, 0, 0, 0, 1, 0, 1, 3, 5, 0, 0, 0, 0, 6, 10, '00:03:54', '00:06:50', 17, 37, 19, 40),
(103, 1, 84, 105, 1, 3, 2, 0, 3, 1, 2, 1, 5, 8, 6, 1, 5, 6, 4, 2, 0, 2, 24, 33, 1, 0, 0, 1, 1, 0, 0, 0, 2, 2, 2, 2, 7, 8, 0, 0, 0, 0, 6, 12, '00:06:06', '00:05:13', 25, 52, 27, 50),
(104, 1, 84, 93, 2, 1, 1, 0, 1, 0, 0, 0, 6, 4, 2, 0, 4, 4, 1, 0, 0, 0, 16, 19, 0, 0, 0, 0, 0, 0, 0, 0, 2, 4, 4, 0, 5, 2, 0, 0, 0, 0, 7, 4, '00:05:19', '00:04:37', 27, 49, 12, 28),
(105, 1, 84, 100, 0, 2, 0, 0, 0, 2, 1, 0, 2, 4, 2, 0, 5, 5, 1, 0, 0, 0, 21, 17, 0, 0, 0, 0, 0, 0, 0, 0, 1, 2, 0, 0, 1, 2, 0, 0, 0, 0, 4, 6, '00:05:42', '00:04:29', 22, 41, 15, 29),
(106, 1, 85, 97, 1, 1, 0, 0, 2, 1, 1, 0, 2, 3, 3, 0, 3, 4, 3, 0, 4, 2, 18, 21, 0, 2, 0, 0, 1, 1, 0, 1, 3, 5, 2, 2, 8, 5, 0, 0, 0, 0, 7, 7, '00:06:13', '00:04:32', 15, 39, 23, 42),
(107, 1, 85, 99, 1, 1, 2, 0, 1, 3, 2, 0, 2, 4, 6, 0, 3, 5, 2, 0, 8, 2, 31, 20, 0, 3, 1, 1, 1, 4, 0, 0, 2, 3, 1, 0, 4, 4, 1, 1, 1, 1, 9, 8, '00:05:47', '00:04:31', 18, 38, 27, 46),
(108, 1, 85, 103, 2, 1, 2, 0, 2, 0, 1, 0, 5, 2, 8, 0, 4, 3, 2, 0, 4, 6, 34, 26, 2, 0, 0, 0, 3, 1, 2, 0, 2, 1, 1, 0, 6, 3, 0, 0, 0, 0, 9, 10, '00:04:39', '00:05:21', 23, 43, 21, 37),
(109, 1, 85, 104, 1, 3, 0, 0, 2, 0, 1, 0, 1, 7, 3, 0, 3, 4, 4, 0, 2, 6, 18, 32, 2, 0, 1, 1, 3, 1, 0, 0, 1, 1, 2, 2, 3, 5, 0, 0, 0, 0, 10, 5, '00:06:22', '00:03:56', 29, 50, 18, 40),
(110, 1, 85, 100, 0, 0, 2, 0, 1, 1, 1, 0, 2, 2, 5, 0, 1, 5, 2, 0, 0, 2, 21, 32, 0, 0, 0, 1, 1, 0, 0, 0, 0, 2, 0, 1, 3, 5, 0, 0, 0, 0, 3, 10, '00:05:48', '00:04:40', 16, 29, 21, 47),
(111, 1, 85, 100, 0, 0, 2, 0, 0, 2, 2, 0, 2, 2, 2, 0, 0, 3, 3, 0, 4, 4, 22, 38, 0, 0, 0, 0, 1, 2, 0, 0, 1, 3, 0, 2, 2, 3, 0, 0, 1, 0, 10, 5, '00:06:44', '00:04:07', 15, 33, 17, 33),
(112, 1, 85, 90, 1, 0, 0, 0, 0, 0, 0, 0, 1, 0, 0, 0, 0, 0, 0, 0, 0, 0, 4, 8, 0, 0, 0, 0, 0, 0, 0, 0, 0, 1, 0, 0, 0, 0, 0, 0, 0, 0, 1, 1, '00:00:47', '00:00:56', 1, 2, 4, 8),
(113, 1, 86, 91, 1, 2, 0, 0, 0, 1, 1, 0, 4, 2, 4, 0, 0, 3, 5, 0, 0, 2, 19, 25, 1, 0, 0, 0, 1, 0, 0, 0, 2, 0, 0, 1, 1, 2, 0, 0, 0, 0, 6, 6, '00:05:29', '00:04:53', 30, 51, 16, 38),
(114, 1, 86, 98, 2, 0, 1, 0, 1, 0, 1, 0, 7, 1, 5, 0, 3, 5, 4, 0, 4, 2, 18, 17, 1, 0, 1, 0, 1, 2, 0, 0, 2, 2, 1, 1, 5, 4, 0, 0, 0, 0, 7, 8, '00:05:41', '00:04:48', 26, 48, 24, 43),
(115, 1, 86, 104, 2, 0, 0, 1, 0, 1, 1, 0, 9, 3, 4, 1, 4, 3, 4, 0, 0, 2, 17, 32, 0, 0, 0, 1, 1, 0, 0, 1, 1, 6, 1, 0, 6, 1, 0, 0, 0, 0, 4, 6, '00:05:40', '00:06:11', 34, 57, 20, 37),
(116, 1, 86, 101, 0, 2, 4, 0, 1, 0, 3, 0, 6, 3, 5, 0, 2, 2, 7, 0, 2, 4, 20, 18, 1, 0, 1, 1, 1, 1, 0, 0, 3, 1, 4, 2, 6, 4, 1, 0, 1, 0, 10, 7, '00:05:09', '00:04:32', 17, 43, 23, 46),
(117, 1, 86, 102, 3, 0, 2, 0, 0, 1, 2, 0, 7, 0, 5, 0, 1, 5, 4, 0, 0, 2, 26, 23, 0, 0, 0, 0, 1, 0, 1, 0, 2, 2, 1, 1, 1, 5, 0, 1, 0, 1, 7, 7, '00:04:50', '00:06:15', 22, 39, 16, 37),
(118, 1, 86, 101, 2, 2, 3, 0, 1, 1, 3, 0, 5, 5, 5, 0, 4, 4, 7, 0, 2, 2, 22, 26, 1, 1, 0, 0, 1, 1, 1, 0, 1, 1, 4, 1, 9, 3, 0, 0, 0, 0, 14, 7, '00:05:08', '00:05:40', 25, 54, 14, 26),
(119, 1, 86, 97, 2, 2, 0, 0, 4, 1, 0, 0, 5, 7, 1, 0, 8, 4, 1, 0, 2, 2, 18, 24, 0, 1, 0, 0, 1, 1, 0, 1, 1, 3, 3, 1, 5, 7, 0, 0, 0, 0, 3, 11, '00:05:14', '00:05:32', 26, 47, 23, 44),
(120, 1, 87, 100, 1, 1, 1, 1, 1, 1, 1, 0, 6, 4, 4, 1, 2, 4, 6, 3, 4, 2, 41, 21, 0, 0, 0, 0, 1, 1, 0, 1, 3, 3, 2, 0, 7, 3, 1, 0, 1, 1, 8, 8, '00:05:48', '00:06:44', 30, 62, 29, 48),
(121, 1, 87, 98, 2, 0, 1, 0, 0, 0, 1, 0, 6, 3, 4, 0, 1, 2, 3, 0, 4, 4, 34, 23, 1, 0, 0, 1, 2, 1, 0, 0, 1, 1, 1, 1, 6, 4, 0, 0, 0, 0, 6, 6, '00:04:25', '00:06:00', 24, 43, 24, 43),
(122, 1, 87, 98, 1, 1, 1, 1, 0, 2, 1, 0, 4, 3, 3, 1, 1, 3, 1, 0, 4, 8, 40, 25, 2, 0, 0, 1, 4, 2, 1, 1, 2, 2, 3, 1, 6, 4, 0, 0, 0, 0, 5, 13, '00:04:42', '00:06:01', 17, 33, 23, 41),
(123, 1, 87, 92, 1, 1, 0, 0, 2, 0, 0, 1, 2, 3, 1, 1, 4, 1, 2, 3, 0, 4, 21, 18, 1, 0, 0, 2, 2, 0, 0, 0, 2, 2, 2, 2, 5, 6, 0, 0, 0, 0, 7, 7, '00:05:06', '00:05:52', 21, 48, 30, 51),
(124, 1, 88, 97, 1, 1, 3, 0, 1, 2, 3, 0, 3, 2, 5, 0, 1, 3, 3, 0, 4, 4, 28, 29, 2, 2, 0, 0, 2, 2, 1, 0, 1, 1, 0, 3, 6, 4, 0, 0, 0, 0, 11, 11, '00:06:17', '00:04:19', 24, 49, 25, 47),
(125, 1, 88, 103, 0, 1, 2, 1, 2, 0, 1, 0, 3, 4, 5, 1, 5, 6, 1, 0, 2, 0, 31, 23, 0, 0, 1, 0, 0, 1, 0, 0, 4, 1, 1, 0, 8, 3, 1, 0, 1, 0, 10, 5, '00:05:54', '00:05:08', 34, 54, 20, 41),
(126, 1, 88, 97, 1, 1, 0, 0, 0, 1, 0, 0, 2, 3, 2, 0, 4, 2, 2, 0, 12, 2, 27, 21, 0, 0, 0, 0, 1, 4, 0, 0, 0, 1, 0, 1, 3, 5, 0, 0, 0, 0, 6, 10, '00:03:54', '00:06:50', 17, 37, 19, 40),
(127, 1, 88, 105, 1, 3, 2, 0, 3, 1, 2, 1, 5, 8, 6, 1, 5, 6, 4, 2, 0, 2, 24, 33, 1, 0, 0, 1, 1, 0, 0, 0, 2, 2, 2, 2, 7, 8, 0, 0, 0, 0, 6, 12, '00:06:06', '00:05:13', 25, 52, 27, 50),
(128, 1, 88, 93, 2, 1, 1, 0, 1, 0, 0, 0, 6, 4, 2, 0, 4, 4, 1, 0, 0, 0, 16, 19, 0, 0, 0, 0, 0, 0, 0, 0, 2, 4, 4, 0, 5, 2, 0, 0, 0, 0, 7, 4, '00:05:19', '00:04:37', 27, 49, 12, 28),
(129, 1, 88, 100, 0, 2, 0, 0, 0, 2, 1, 0, 2, 4, 2, 0, 5, 5, 1, 0, 0, 0, 21, 17, 0, 0, 0, 0, 0, 0, 0, 0, 1, 2, 0, 0, 1, 2, 0, 0, 0, 0, 4, 6, '00:05:42', '00:04:29', 22, 41, 15, 29),
(130, 1, 89, 101, 2, 1, 1, 0, 0, 0, 2, 0, 6, 4, 3, 0, 1, 3, 4, 0, 0, 0, 25, 20, 0, 0, 0, 0, 0, 0, 1, 0, 4, 1, 1, 1, 3, 5, 0, 0, 0, 0, 6, 6, '00:04:50', '00:05:02', 14, 37, 18, 41),
(131, 1, 89, 101, 0, 3, 4, 0, 2, 1, 2, 0, 2, 7, 7, 0, 3, 5, 5, 0, 0, 0, 19, 24, 0, 0, 0, 0, 0, 0, 1, 1, 2, 3, 1, 2, 7, 5, 0, 0, 0, 0, 9, 8, '00:05:38', '00:04:50', 12, 36, 22, 43),
(132, 1, 89, 94, 2, 1, 0, 0, 3, 1, 0, 0, 6, 3, 0, 0, 4, 3, 0, 0, 2, 0, 17, 12, 0, 0, 0, 0, 0, 1, 0, 1, 1, 2, 2, 1, 2, 6, 0, 0, 0, 0, 5, 6, '00:03:44', '00:02:57', 17, 27, 18, 32),
(133, 1, 89, 89, 1, 0, 0, 0, 0, 0, 0, 0, 3, 0, 0, 0, 2, 0, 0, 0, 0, 2, 3, 6, 0, 0, 0, 0, 1, 0, 0, 0, 0, 0, 0, 0, 1, 1, 0, 0, 0, 0, 2, 2, '00:02:51', '00:01:07', 6, 11, 2, 4),
(134, 1, 89, 100, 2, 0, 2, 0, 3, 0, 0, 0, 5, 0, 4, 0, 8, 4, 2, 0, 2, 0, 12, 20, 0, 0, 0, 0, 0, 1, 1, 0, 2, 1, 2, 0, 3, 1, 0, 1, 0, 1, 8, 4, '00:04:43', '00:05:30', 33, 55, 14, 27),
(135, 1, 90, 104, 2, 0, 3, 0, 3, 1, 1, 1, 7, 2, 9, 0, 5, 4, 2, 1, 2, 6, 19, 36, 0, 0, 1, 2, 2, 1, 1, 0, 6, 4, 1, 1, 4, 5, 0, 0, 0, 1, 10, 9, '00:05:20', '00:05:09', 22, 40, 24, 41),
(143, 1, 91, 94, 1, 1, 0, 0, 1, 0, 4, 0, 2, 4, 3, 0, 4, 0, 6, 0, 2, 4, 20, 30, 0, 0, 1, 0, 2, 1, 1, 1, 1, 2, 1, 3, 5, 7, 0, 0, 0, 0, 4, 10, '00:04:21', '00:05:42', 21, 39, 18, 37),
(147, 1, 91, 102, 0, 1, 4, 0, 0, 3, 0, 0, 3, 4, 6, 0, 0, 6, 1, 0, 4, 8, 17, 31, 3, 0, 0, 0, 4, 1, 0, 1, 3, 1, 2, 0, 7, 1, 0, 0, 0, 0, 11, 7, '00:05:58', '00:04:03', 26, 51, 16, 32),
(151, 1, 91, 100, 0, 3, 3, 0, 0, 2, 1, 0, 1, 5, 8, 0, 4, 4, 1, 0, 2, 6, 30, 29, 2, 0, 2, 1, 2, 1, 0, 0, 2, 4, 2, 0, 5, 1, 0, 0, 0, 0, 6, 14, '00:05:03', '00:05:00', 21, 35, 23, 37),
(153, 1, 91, 94, 1, 1, 0, 0, 1, 0, 4, 0, 2, 4, 3, 0, 4, 0, 6, 0, 2, 4, 20, 30, 0, 0, 1, 0, 2, 1, 1, 1, 1, 2, 1, 3, 5, 7, 0, 0, 0, 0, 4, 10, '00:04:21', '00:05:42', 21, 39, 18, 37),
(155, 1, 91, 104, 2, 0, 3, 0, 1, 1, 0, 0, 5, 2, 9, 0, 3, 7, 1, 0, 6, 4, 22, 27, 0, 1, 1, 1, 2, 2, 1, 0, 2, 2, 1, 2, 2, 6, 0, 0, 1, 0, 8, 8, '00:05:01', '00:05:55', 19, 31, 26, 49),
(157, 1, 91, 91, 0, 0, 2, 1, 0, 0, 2, 0, 6, 2, 4, 1, 0, 2, 4, 0, 2, 2, 21, 20, 0, 0, 1, 1, 1, 1, 0, 0, 1, 1, 1, 0, 2, 2, 0, 0, 1, 0, 6, 5, '00:04:44', '00:06:07', 13, 28, 25, 46),
(158, 1, 91, 97, 2, 1, 0, 0, 0, 2, 1, 1, 7, 5, 0, 0, 2, 2, 2, 1, 0, 2, 29, 29, 0, 0, 0, 1, 1, 0, 0, 0, 1, 1, 1, 4, 3, 5, 0, 0, 0, 0, 6, 6, '00:05:22', '00:05:17', 26, 42, 32, 54),
(159, 1, 91, 94, 0, 0, 2, 0, 1, 0, 2, 0, 4, 2, 4, 0, 3, 5, 2, 0, 4, 0, 23, 27, 0, 1, 0, 0, 0, 2, 0, 1, 1, 2, 1, 1, 5, 3, 0, 0, 0, 0, 8, 6, '00:05:07', '00:05:26', 24, 40, 18, 41),
(160, 1, 92, 99, 2, 1, 1, 0, 1, 2, 1, 1, 7, 3, 3, 0, 3, 7, 4, 2, 0, 0, 22, 21, 0, 0, 0, 0, 0, 0, 0, 1, 2, 1, 1, 3, 6, 6, 0, 0, 0, 0, 6, 6, '00:05:51', '00:05:26', 23, 41, 28, 56),
(161, 1, 92, 95, 0, 1, 3, 0, 0, 1, 0, 0, 6, 6, 5, 0, 1, 6, 4, 0, 0, 4, 15, 27, 0, 0, 0, 0, 1, 0, 0, 0, 1, 0, 1, 0, 7, 3, 0, 0, 1, 0, 5, 7, '00:05:48', '00:04:45', 21, 53, 30, 55),
(162, 1, 92, 102, 2, 4, 2, 0, 0, 1, 0, 0, 7, 4, 5, 0, 0, 3, 2, 0, 0, 2, 22, 32, 0, 0, 0, 0, 1, 0, 0, 0, 3, 1, 6, 0, 13, 1, 0, 0, 0, 0, 8, 6, '00:05:56', '00:04:21', 28, 55, 15, 35),
(163, 1, 92, 101, 2, 1, 1, 0, 1, 2, 1, 1, 7, 2, 1, 0, 3, 4, 3, 2, 4, 2, 33, 30, 1, 2, 0, 0, 0, 1, 1, 1, 2, 1, 0, 1, 2, 4, 1, 0, 1, 0, 6, 10, '00:04:23', '00:06:38', 18, 44, 16, 37),
(164, 1, 92, 95, 0, 0, 1, 0, 2, 3, 1, 0, 0, 3, 3, 0, 6, 6, 2, 0, 0, 2, 28, 17, 0, 0, 0, 1, 1, 0, 0, 0, 3, 2, 0, 1, 2, 6, 0, 0, 0, 0, 7, 6, '00:05:04', '00:05:28', 16, 37, 25, 42),
(165, 1, 93, 100, 0, 2, 0, 0, 2, 1, 1, 0, 1, 6, 2, 0, 4, 3, 3, 0, 2, 4, 14, 21, 0, 0, 0, 3, 2, 0, 0, 0, 2, 2, 1, 2, 5, 4, 0, 0, 0, 0, 5, 7, '00:06:36', '00:03:51', 15, 35, 16, 35),
(166, 1, 94, 93, 0, 0, 1, 0, 2, 1, 3, 0, 2, 1, 3, 0, 3, 2, 4, 0, 4, 6, 22, 23, 1, 1, 0, 0, 2, 2, 0, 1, 1, 1, 0, 1, 3, 4, 0, 0, 0, 0, 8, 7, '00:05:03', '00:04:18', 15, 29, 20, 44),
(167, 1, 95, 103, 0, 0, 1, 0, 4, 3, 1, 0, 3, 1, 3, 0, 7, 5, 4, 0, 2, 4, 30, 32, 0, 1, 0, 0, 1, 1, 0, 1, 3, 3, 1, 3, 3, 4, 0, 1, 0, 1, 12, 5, '00:04:23', '00:06:02', 23, 44, 20, 37),
(168, 1, 95, 99, 0, 3, 0, 0, 0, 0, 3, 1, 1, 3, 1, 1, 6, 6, 7, 4, 0, 4, 17, 35, 0, 0, 0, 0, 2, 0, 2, 0, 2, 1, 0, 4, 3, 8, 0, 0, 0, 0, 11, 4, '00:05:34', '00:06:58', 35, 68, 26, 49),
(169, 1, 95, 108, 3, 1, 5, 0, 1, 1, 0, 0, 5, 4, 8, 0, 1, 3, 1, 0, 0, 6, 13, 28, 3, 0, 0, 0, 1, 0, 1, 0, 3, 1, 5, 0, 9, 3, 0, 0, 0, 0, 13, 6, '00:05:40', '00:04:36', 20, 43, 15, 40),
(170, 1, 95, 103, 2, 1, 2, 0, 1, 1, 0, 0, 5, 7, 4, 0, 6, 3, 0, 0, 8, 6, 27, 29, 1, 0, 1, 1, 3, 3, 1, 0, 4, 1, 0, 1, 4, 5, 0, 0, 1, 0, 8, 10, '00:04:53', '00:04:34', 29, 42, 23, 44),
(171, 1, 95, 99, 0, 2, 1, 0, 2, 2, 3, 0, 4, 6, 4, 0, 5, 4, 6, 0, 6, 2, 43, 21, 0, 1, 1, 0, 0, 3, 1, 0, 2, 3, 1, 2, 3, 2, 0, 0, 0, 0, 13, 7, '00:05:46', '00:05:11', 17, 39, 20, 31),
(172, 1, 95, 102, 4, 1, 2, 0, 5, 1, 2, 0, 6, 4, 5, 0, 7, 2, 5, 0, 2, 2, 37, 11, 1, 1, 0, 0, 1, 1, 0, 0, 2, 1, 1, 2, 2, 2, 0, 0, 0, 0, 8, 14, '00:05:20', '00:04:50', 13, 25, 22, 36),
(173, 1, 95, 96, 2, 0, 0, 0, 1, 3, 3, 0, 5, 3, 0, 0, 3, 5, 5, 0, 10, 4, 28, 24, 0, 3, 1, 2, 2, 3, 0, 0, 2, 1, 0, 2, 2, 3, 0, 0, 1, 0, 8, 11, '00:05:42', '00:05:04', 13, 29, 27, 44);

-- --------------------------------------------------------

--
-- Table structure for table `nhlteam`
--

CREATE TABLE IF NOT EXISTS `nhlteam` (
  `ID` int(11) NOT NULL AUTO_INCREMENT,
  `Name` varchar(255) NOT NULL,
  `TeamID` int(11) NOT NULL,
  `ABV` varchar(255) NOT NULL,
  PRIMARY KEY (`ID`)
) ENGINE=InnoDB  DEFAULT CHARSET=latin1 AUTO_INCREMENT=29 ;

--
-- Dumping data for table `nhlteam`
--

INSERT INTO `nhlteam` (`ID`, `Name`, `TeamID`, `ABV`) VALUES
(1, 'Boston Bruins', 2, 'BOS'),
(2, 'Quebec Nordiques', 19, 'QUE'),
(3, 'Montreal Canadiens', 12, 'MTL'),
(4, 'Buffalo Sabres', 3, 'BUF'),
(5, 'Hartford Whalers', 10, 'HFD'),
(6, 'Ottawa Senators', 16, 'OTW'),
(7, 'Pittsburgh Penguins', 18, 'PIT'),
(8, 'Washington Capitals', 25, 'WSH'),
(9, 'New York Islanders', 14, 'NYI'),
(10, 'New Jersey Devils', 13, 'NJ'),
(11, 'Philadelphia Flyers', 17, 'PHI'),
(12, 'New York Rangers', 15, 'NYR'),
(13, 'Chicago Blackhawks', 5, 'CHI'),
(14, 'Detroit Red Wings', 7, 'DET'),
(15, 'Toronto Maple Leafs', 23, 'TOR'),
(16, 'St. Louis Blues', 21, 'STL'),
(17, 'Dallas Stars', 6, 'DAL'),
(18, 'Tampa Bay Lightning', 22, 'TB'),
(19, 'Vancouver Canucks', 24, 'VAN'),
(20, 'Calgary Flames', 4, 'CGY'),
(21, 'Los Angeles Kings', 11, 'LA'),
(22, 'Winnipeg Jets', 26, 'WPG'),
(23, 'Edmonton Oilers', 8, 'EDM'),
(24, 'San Jose Sharks', 20, 'SJ'),
(25, 'Anaheim Mighty Ducks', 1, 'ANH'),
(26, 'Florida Panthers', 9, 'FLA'),
(27, 'All Stars East', 27, 'ASE'),
(28, 'All Stars West', 28, 'ASW');

-- --------------------------------------------------------

--
-- Table structure for table `pensum`
--

CREATE TABLE IF NOT EXISTS `pensum` (
  `ID` int(11) NOT NULL AUTO_INCREMENT,
  `GameID` int(11) NOT NULL,
  `TeamID` int(11) NOT NULL,
  `PlayerID` int(11) NOT NULL,
  `Period` int(11) NOT NULL,
  `Time` varchar(255) NOT NULL,
  `Type` varchar(255) NOT NULL,
  PRIMARY KEY (`ID`)
) ENGINE=InnoDB  DEFAULT CHARSET=latin1 AUTO_INCREMENT=403 ;

--
-- Dumping data for table `pensum`
--

INSERT INTO `pensum` (`ID`, `GameID`, `TeamID`, `PlayerID`, `Period`, `Time`, `Type`) VALUES
(166, 96, 3, 46, 3, '1:16', 'Slashing'),
(167, 97, 3, 61, 1, '0:50', 'Charging'),
(168, 97, 3, 61, 3, '3:09', 'Slashing'),
(169, 97, 3, 55, 3, '3:41', 'Roughing'),
(170, 97, 3, 64, 3, '4:50', 'Charging'),
(171, 98, 3, 47, 1, '0:30', 'Slashing'),
(172, 98, 3, 62, 1, '3:33', 'Charging'),
(173, 98, 5, 95, 2, '0:38', 'Roughing'),
(174, 98, 3, 47, 2, '1:45', 'Roughing'),
(175, 98, 5, 110, 3, '0:33', 'Holding'),
(176, 98, 3, 62, 3, '1:47', 'Tripping'),
(177, 98, 5, 96, 3, '4:34', 'Hooking'),
(178, 99, 3, 55, 1, '2:37', 'Charging'),
(179, 99, 3, 62, 1, '2:46', 'Roughing'),
(180, 99, 3, 61, 2, '4:32', 'Charging'),
(181, 99, 5, 111, 3, '2:10', 'Hooking'),
(182, 100, 23, 538, 1, '1:12', 'Cross Check'),
(183, 100, 3, 46, 1, '4:25', 'Roughing'),
(184, 100, 3, 55, 2, '4:55', 'Charging'),
(185, 100, 23, 538, 3, '3:51', 'Roughing'),
(186, 101, 3, 61, 3, '0:45', 'Boarding'),
(187, 102, 23, 553, 1, '0:13', 'Hooking'),
(188, 102, 3, 46, 1, '0:36', 'Cross Check'),
(189, 102, 3, 62, 2, '1:37', 'Cross Check'),
(190, 102, 3, 55, 2, '5:00', 'Hooking'),
(191, 102, 3, 61, 3, '1:40', 'Slashing'),
(192, 102, 3, 64, 3, '2:32', 'Boarding'),
(193, 102, 3, 61, 3, '4:57', 'Boarding'),
(194, 103, 3, 61, 2, '3:50', 'Cross Check'),
(195, 106, 3, 46, 1, '0:28', 'Roughing'),
(196, 106, 3, 61, 1, '0:48', 'Charging'),
(197, 106, 19, 452, 2, '0:14', 'Hooking'),
(198, 107, 3, 61, 1, '0:27', 'Boarding'),
(199, 107, 3, 62, 1, '3:58', 'Roughing'),
(200, 107, 3, 46, 2, '0:13', 'Hooking'),
(201, 107, 3, 47, 2, '2:21', 'Charging'),
(202, 107, 19, 453, 3, '4:09', 'Hooking'),
(203, 108, 19, 437, 1, '3:07', 'Slashing'),
(204, 108, 19, 452, 1, '4:26', 'Boarding'),
(205, 108, 3, 47, 2, '0:59', 'Interference'),
(206, 108, 3, 61, 2, '2:02', 'Hooking'),
(207, 108, 19, 452, 3, '1:52', 'Roughing'),
(208, 109, 3, 61, 1, '0:24', 'Hooking'),
(209, 109, 19, 438, 1, '2:03', 'Charging'),
(210, 109, 3, 46, 2, '0:07', 'Boarding'),
(211, 109, 3, 62, 2, '3:06', 'Cross Check'),
(212, 110, 3, 47, 2, '0:35', 'Roughing'),
(213, 111, 19, 437, 1, '0:40', 'Tripping'),
(214, 111, 3, 55, 1, '1:25', 'Interference'),
(215, 111, 3, 46, 1, '2:51', 'Charging'),
(216, 111, 19, 452, 1, '4:13', 'Hooking'),
(217, 113, 7, 155, 2, '1:25', 'Tripping'),
(218, 114, 5, 96, 1, '0:14', 'Slashing'),
(219, 114, 7, 160, 1, '3:47', 'Cross Check'),
(220, 114, 5, 96, 1, '4:39', 'Interference'),
(221, 115, 7, 160, 2, '0:28', 'Roughing'),
(222, 116, 7, 145, 2, '2:28', 'Hooking'),
(223, 116, 5, 111, 3, '4:28', 'Hooking'),
(224, 116, 5, 95, 3, '4:35', 'Interference'),
(225, 117, 5, 110, 2, '3:44', 'Roughing'),
(226, 118, 5, 104, 1, '0:26', 'Charging'),
(227, 118, 7, 163, 2, '3:53', 'Hooking'),
(228, 119, 5, 111, 2, '2:56', 'Hooking'),
(229, 119, 7, 163, 3, '2:35', 'Roughing'),
(230, 120, 3, 62, 1, '0:35', 'Cross Check'),
(231, 120, 3, 46, 1, '0:35', 'Charging'),
(232, 120, 10, 218, 4, '1:20', 'Interference'),
(233, 121, 3, 46, 2, '0:29', 'Charging'),
(234, 121, 10, 218, 2, '4:51', 'Cross Check'),
(235, 121, 10, 228, 3, '3:50', 'Tripping'),
(236, 121, 3, 47, 3, '4:19', 'Tripping'),
(237, 122, 3, 55, 1, '1:42', 'Hooking'),
(238, 122, 10, 214, 1, '2:02', 'Boarding'),
(239, 122, 3, 59, 1, '3:54', 'Cross Check'),
(240, 122, 10, 223, 1, '4:12', 'Cross Check'),
(241, 122, 10, 223, 2, '3:21', 'Interference'),
(242, 122, 10, 218, 4, '0:09', 'Cross Check'),
(243, 123, 3, 61, 1, '1:17', 'Slashing'),
(244, 123, 3, 61, 4, '0:18', 'Charging'),
(245, 124, 23, 538, 1, '1:12', 'Cross Check'),
(246, 124, 3, 46, 1, '4:25', 'Roughing'),
(247, 124, 3, 55, 2, '4:55', 'Charging'),
(248, 124, 23, 538, 3, '3:51', 'Roughing'),
(249, 125, 3, 61, 3, '0:45', 'Boarding'),
(250, 126, 23, 553, 1, '0:13', 'Hooking'),
(251, 126, 3, 46, 1, '0:36', 'Cross Check'),
(252, 126, 3, 62, 2, '1:37', 'Cross Check'),
(253, 126, 3, 55, 2, '5:00', 'Hooking'),
(254, 126, 3, 61, 3, '1:40', 'Slashing'),
(255, 126, 3, 64, 3, '2:32', 'Boarding'),
(256, 126, 3, 61, 3, '4:57', 'Boarding'),
(257, 127, 3, 61, 2, '3:50', 'Cross Check'),
(258, 132, 26, 626, 2, '3:54', 'Hooking'),
(259, 133, 26, 612, 1, '4:04', 'Cross Check'),
(260, 134, 3, 55, 2, '2:45', 'Slashing'),
(261, 135, 9, 202, 1, '4:24', 'Hooking'),
(262, 135, 9, 201, 1, '4:24', 'Slashing'),
(263, 135, 9, 195, 2, '1:32', 'Interference'),
(264, 135, 22, 519, 2, '4:46', 'Charging'),
(299, 143, 10, 214, 1, '0:39', 'Interference'),
(300, 143, 2, 35, 1, '4:56', 'Hooking'),
(301, 143, 2, 20, 2, '2:18', 'Tripping'),
(313, 147, 2, 24, 1, '0:59', 'Hooking'),
(314, 147, 10, 223, 1, '2:28', 'Boarding'),
(315, 147, 10, 230, 1, '4:19', 'Boarding'),
(316, 147, 2, 24, 2, '3:33', 'Cross Check'),
(317, 147, 2, 36, 3, '1:49', 'Slashing'),
(318, 147, 2, 29, 3, '4:04', 'Holding'),
(331, 151, 10, 223, 1, '4:07', 'Interference'),
(332, 151, 2, 29, 2, '1:33', 'Holding'),
(333, 151, 2, 36, 2, '3:11', 'Interference'),
(334, 151, 2, 35, 2, '5:00', 'Roughing'),
(340, 153, 10, 214, 1, '0:39', 'Interference'),
(341, 153, 2, 35, 1, '4:56', 'Hooking'),
(342, 153, 2, 20, 2, '2:18', 'Tripping'),
(348, 155, 8, 185, 1, '0:14', 'Boarding'),
(349, 155, 8, 186, 1, '1:17', 'Slashing'),
(350, 155, 8, 173, 1, '4:30', 'Tripping'),
(351, 155, 10, 228, 2, '2:46', 'Tripping'),
(352, 155, 10, 218, 3, '4:20', 'Interference'),
(355, 157, 10, 230, 3, '2:02', 'Charging'),
(356, 157, 8, 186, 3, '3:41', 'Charging'),
(357, 158, 10, 218, 1, '4:32', 'Tripping'),
(358, 159, 10, 218, 1, '0:32', 'Charging'),
(359, 159, 10, 223, 1, '3:54', 'Slashing'),
(360, 161, 11, 251, 1, '1:19', 'Hooking'),
(361, 161, 11, 253, 1, '1:19', 'Charging'),
(362, 162, 11, 242, 1, '0:16', 'Slashing'),
(363, 163, 10, 230, 1, '1:04', 'Slashing'),
(364, 163, 11, 243, 2, '1:19', 'Slashing'),
(365, 163, 11, 251, 2, '2:51', 'Hooking'),
(366, 164, 10, 214, 3, '0:34', 'Charging'),
(367, 165, 22, 518, 1, '1:57', 'Hooking'),
(368, 165, 22, 515, 3, '4:30', 'Boarding'),
(369, 165, 8, 176, 3, '4:54', 'Tripping'),
(370, 166, 10, 223, 1, '0:37', 'Cross Check'),
(371, 166, 8, 182, 2, '1:11', 'Cross Check'),
(372, 166, 8, 185, 2, '4:20', 'Slashing'),
(373, 166, 8, 187, 3, '0:33', 'Boarding'),
(374, 166, 10, 223, 3, '1:30', 'Slashing'),
(375, 167, 19, 448, 1, '3:23', 'Slashing'),
(376, 167, 4, 71, 3, '3:14', 'Charging'),
(377, 167, 4, 79, 3, '4:12', 'Boarding'),
(378, 168, 4, 80, 1, '3:58', 'Cross Check'),
(379, 168, 4, 79, 3, '0:37', 'Boarding'),
(380, 169, 4, 71, 3, '1:35', 'Boarding'),
(381, 169, 4, 83, 3, '1:51', 'Roughing'),
(382, 169, 4, 84, 3, '2:15', 'Roughing'),
(383, 170, 19, 452, 1, '0:35', 'Cross Check'),
(384, 170, 4, 79, 1, '1:35', 'Tripping'),
(385, 170, 4, 80, 1, '1:48', 'Cross Check'),
(386, 170, 19, 448, 1, '4:41', 'Roughing'),
(387, 170, 4, 84, 1, '4:47', 'Holding'),
(388, 170, 4, 80, 2, '4:10', 'Slashing'),
(389, 170, 19, 448, 3, '3:28', 'Hooking'),
(390, 171, 4, 84, 1, '4:15', 'Cross Check'),
(391, 171, 4, 84, 2, '2:33', 'Roughing'),
(392, 171, 4, 83, 3, '4:33', 'Charging'),
(393, 171, 19, 452, 3, '4:48', 'Tripping'),
(394, 172, 19, 441, 3, '0:49', 'Hooking'),
(395, 172, 4, 84, 3, '2:34', 'Cross Check'),
(396, 173, 19, 452, 1, '1:15', 'Roughing'),
(397, 173, 4, 74, 2, '0:27', 'Slashing'),
(398, 173, 19, 448, 2, '2:01', 'Roughing'),
(399, 173, 19, 448, 2, '2:48', 'Slashing'),
(400, 173, 19, 453, 2, '3:18', 'Tripping'),
(401, 173, 19, 438, 2, '4:44', 'Boarding'),
(402, 173, 4, 83, 3, '1:32', 'Boarding');

-- --------------------------------------------------------

--
-- Table structure for table `playerstats`
--

CREATE TABLE IF NOT EXISTS `playerstats` (
  `ID` int(11) NOT NULL AUTO_INCREMENT,
  `GameID` int(11) NOT NULL,
  `TeamID` int(11) NOT NULL,
  `PlayerID` int(11) NOT NULL,
  `Pos` varchar(255) NOT NULL,
  `G` int(11) NOT NULL,
  `A` int(11) NOT NULL,
  `SOG` int(11) NOT NULL,
  `PIM` int(11) NOT NULL,
  `Chks` int(11) NOT NULL,
  `TOI` varchar(255) NOT NULL,
  `ChksA` int(11) NOT NULL,
  `PlusMinus` int(11) NOT NULL,
  PRIMARY KEY (`ID`)
) ENGINE=InnoDB  DEFAULT CHARSET=latin1 AUTO_INCREMENT=2479 ;

--
-- Dumping data for table `playerstats`
--

INSERT INTO `playerstats` (`ID`, `GameID`, `TeamID`, `PlayerID`, `Pos`, `G`, `A`, `SOG`, `PIM`, `Chks`, `TOI`, `ChksA`, `PlusMinus`) VALUES
(1304, 96, 3, 43, 'G', 3, 0, 18, 0, 0, '00:15:-1', 0, 0),
(1305, 96, 3, 46, 'F', 0, 0, 1, 2, 7, '00:13:0', 0, 0),
(1306, 96, 3, 47, 'F', 0, 1, 6, 0, 5, '00:15:-1', 0, 0),
(1307, 96, 3, 55, 'F', 2, 0, 7, 0, 2, '00:15:-1', 0, 0),
(1308, 96, 3, 61, 'D', 0, 1, 1, 0, 9, '00:15:-1', 0, 0),
(1309, 96, 3, 62, 'D', 0, 0, 0, 0, 7, '00:15:-1', 0, 0),
(1310, 96, 5, 93, 'G', 2, 2, 15, 0, 0, '00:15:-2', 0, 0),
(1311, 96, 5, 95, 'F', 2, 1, 13, 0, 15, '00:15:-1', 0, 0),
(1312, 96, 5, 97, 'F', 0, 0, 0, 0, 0, '00:0:-1', 0, 0),
(1313, 96, 5, 99, 'F', 0, 0, 1, 0, 0, '00:15:-1', 0, 0),
(1314, 96, 5, 104, 'F', 1, 1, 1, 0, 2, '00:15:-1', 0, 0),
(1315, 96, 5, 110, 'D', 0, 2, 1, 0, 3, '00:15:-1', 0, 0),
(1316, 96, 5, 111, 'D', 0, 0, 2, 0, 4, '00:15:-1', 0, 0),
(1317, 97, 3, 43, 'G', 6, 0, 12, 0, 0, '00:15:0', 0, 0),
(1318, 97, 3, 46, 'F', 1, 2, 4, 0, 14, '00:15:0', 0, 0),
(1319, 97, 3, 47, 'F', 0, 0, 2, 0, 2, '00:11:54', 0, 0),
(1320, 97, 3, 55, 'F', 4, 1, 6, 2, 5, '00:13:41', 0, 0),
(1321, 97, 3, 61, 'D', 0, 0, 0, 4, 3, '00:11:54', 0, 0),
(1322, 97, 3, 62, 'D', 0, 2, 0, 0, 11, '00:15:0', 0, 0),
(1323, 97, 3, 64, 'D', 0, 0, 0, 2, 0, '00:2:54', 0, 0),
(1324, 97, 3, 65, 'D', 0, 0, 0, 0, 1, '00:0:8', 0, 0),
(1325, 97, 5, 93, 'G', 5, 1, 12, 0, 0, '00:15:0', 0, 0),
(1326, 97, 5, 95, 'F', 3, 0, 5, 0, 7, '00:15:0', 0, 0),
(1327, 97, 5, 96, 'F', 3, 0, 6, 0, 1, '00:15:0', 0, 0),
(1328, 97, 5, 104, 'F', 0, 3, 1, 0, 4, '00:15:0', 0, 0),
(1329, 97, 5, 110, 'D', 0, 1, 0, 0, 2, '00:15:0', 0, 0),
(1330, 97, 5, 111, 'D', 0, 1, 0, 0, 5, '00:15:0', 0, 0),
(1331, 98, 3, 43, 'G', 3, 0, 11, 0, 0, '00:15:20', 0, 0),
(1332, 98, 3, 46, 'F', 1, 1, 4, 0, 10, '00:15:32', 0, 0),
(1333, 98, 3, 47, 'F', 0, 0, 0, 4, 3, '00:7:41', 0, 0),
(1334, 98, 3, 48, 'F', 0, 0, 0, 0, 0, '00:0:10', 0, 0),
(1335, 98, 3, 55, 'F', 1, 1, 4, 0, 8, '00:15:32', 0, 0),
(1336, 98, 3, 61, 'D', 0, 0, 0, 0, 6, '00:15:32', 0, 0),
(1337, 98, 3, 62, 'D', 0, 0, 0, 4, 4, '00:11:57', 0, 0),
(1338, 98, 3, 63, 'D', 0, 1, 0, 0, 2, '00:3:51', 0, 0),
(1339, 98, 5, 93, 'G', 2, 0, 8, 0, 0, '00:15:31', 0, 0),
(1340, 98, 5, 95, 'F', 2, 0, 5, 2, 4, '00:13:33', 0, 0),
(1341, 98, 5, 96, 'F', 0, 1, 3, 2, 2, '00:14:35', 0, 0),
(1342, 98, 5, 97, 'F', 0, 1, 0, 0, 0, '00:0:56', 0, 0),
(1343, 98, 5, 104, 'F', 1, 1, 1, 0, 1, '00:11:22', 0, 0),
(1344, 98, 5, 110, 'D', 0, 0, 1, 2, 4, '00:13:33', 0, 0),
(1345, 98, 5, 111, 'D', 0, 0, 1, 0, 6, '00:15:32', 0, 0),
(1346, 98, 5, 113, 'D', 0, 0, 0, 0, 1, '00:3:11', 0, 0),
(1347, 99, 5, 93, 'G', 2, 0, 9, 0, 0, '00:15:0', 0, 0),
(1348, 99, 5, 95, 'F', 3, 1, 9, 0, 7, '00:15:0', 0, 0),
(1349, 99, 5, 96, 'F', 0, 0, 0, 0, 6, '00:15:0', 0, 0),
(1350, 99, 5, 97, 'F', 0, 3, 1, 0, 2, '00:14:20', 0, 0),
(1351, 99, 5, 110, 'D', 1, 1, 2, 0, 4, '00:15:0', 0, 0),
(1352, 99, 5, 111, 'D', 0, 1, 2, 2, 6, '00:14:20', 0, 0),
(1353, 99, 5, 112, 'D', 0, 0, 0, 0, 1, '00:0:38', 0, 0),
(1354, 99, 3, 43, 'G', 4, 1, 14, 0, 0, '00:15:0', 0, 0),
(1355, 99, 3, 46, 'F', 2, 0, 4, 0, 9, '00:15:0', 0, 0),
(1356, 99, 3, 47, 'F', 0, 0, 1, 0, 1, '00:10:9', 0, 0),
(1357, 99, 3, 55, 'F', 0, 0, 4, 2, 7, '00:13:1', 0, 0),
(1358, 99, 3, 61, 'D', 0, 1, 0, 2, 4, '00:13:1', 0, 0),
(1359, 99, 3, 62, 'D', 0, 0, 0, 2, 6, '00:13:1', 0, 0),
(1360, 99, 3, 63, 'D', 0, 1, 0, 0, 0, '00:2:11', 0, 0),
(1361, 99, 3, 64, 'D', 0, 0, 0, 0, 0, '00:2:36', 0, 0),
(1362, 100, 3, 43, 'G', 6, 1, 7, 0, 0, '00:15:0', 0, 0),
(1363, 100, 3, 46, 'F', 2, 1, 3, 2, 8, '00:14:2', 0, 0),
(1364, 100, 3, 47, 'F', 2, 1, 4, 0, 3, '00:15:0', 0, 0),
(1365, 100, 3, 55, 'F', 1, 0, 2, 2, 3, '00:14:14', 0, 0),
(1366, 100, 3, 61, 'D', 0, 1, 0, 0, 6, '00:15:0', 0, 0),
(1367, 100, 3, 62, 'D', 0, 0, 1, 0, 8, '00:15:0', 0, 0),
(1368, 100, 23, 535, 'G', 5, 0, 10, 0, 0, '00:15:-2', 0, 0),
(1369, 100, 23, 538, 'F', 4, 0, 4, 4, 8, '00:12:44', 0, 0),
(1370, 100, 23, 539, 'F', 0, 0, 0, 0, 0, '00:1:20', 0, 0),
(1371, 100, 23, 543, 'F', 0, 0, 0, 0, 0, '00:0:52', 0, 0),
(1372, 100, 23, 547, 'F', 1, 1, 2, 0, 3, '00:15:0', 0, 0),
(1373, 100, 23, 548, 'F', 1, 3, 1, 0, 4, '00:12:44', 0, 0),
(1374, 100, 23, 549, 'F', 0, 0, 0, 0, 0, '00:0:0', 0, 0),
(1375, 100, 23, 553, 'D', 0, 2, 0, 0, 6, '00:15:0', 0, 0),
(1376, 100, 23, 556, 'D', 0, 1, 0, 0, 8, '00:15:0', 0, 0),
(1377, 101, 3, 43, 'G', 3, 0, 12, 0, 0, '00:15:24', 0, 0),
(1378, 101, 3, 46, 'F', 1, 1, 5, 0, 7, '00:15:24', 0, 0),
(1379, 101, 3, 47, 'F', 0, 0, 2, 0, 4, '00:13:23', 0, 0),
(1380, 101, 3, 55, 'F', 3, 1, 5, 0, 5, '00:15:24', 0, 0),
(1381, 101, 3, 61, 'D', 0, 1, 0, 2, 4, '00:13:25', 0, 0),
(1382, 101, 3, 62, 'D', 0, 0, 1, 0, 11, '00:15:24', 0, 0),
(1383, 101, 3, 64, 'D', 0, 0, 0, 0, 0, '00:2:-1', 0, 0),
(1384, 101, 23, 535, 'G', 4, 1, 13, 0, 0, '00:15:24', 0, 0),
(1385, 101, 23, 538, 'F', 1, 0, 5, 0, 7, '00:15:24', 0, 0),
(1386, 101, 23, 543, 'F', 1, 0, 1, 0, 3, '00:4:34', 0, 0),
(1387, 101, 23, 547, 'F', 1, 0, 4, 0, 1, '00:10:48', 0, 0),
(1388, 101, 23, 548, 'F', 0, 0, 1, 0, 3, '00:15:24', 0, 0),
(1389, 101, 23, 552, 'D', 0, 0, 0, 0, 1, '00:4:38', 0, 0),
(1390, 101, 23, 553, 'D', 0, 0, 1, 0, 3, '00:10:44', 0, 0),
(1391, 101, 23, 556, 'D', 0, 1, 0, 0, 5, '00:15:24', 0, 0),
(1392, 102, 3, 43, 'G', 1, 0, 8, 0, 0, '00:15:0', 0, 0),
(1393, 102, 3, 46, 'F', 0, 0, 2, 2, 8, '00:11:-1', 0, 0),
(1394, 102, 3, 47, 'F', 1, 0, 2, 0, 2, '00:9:33', 0, 0),
(1395, 102, 3, 55, 'F', 0, 0, 2, 2, 3, '00:13:1', 0, 0),
(1396, 102, 3, 61, 'D', 0, 0, 0, 4, 5, '00:13:-2', 0, 0),
(1397, 102, 3, 62, 'D', 1, 0, 1, 2, 6, '00:13:1', 0, 0),
(1398, 102, 3, 63, 'D', 0, 0, 0, 0, 0, '00:2:27', 0, 0),
(1399, 102, 3, 64, 'D', 0, 0, 0, 2, 2, '00:0:57', 0, 0),
(1400, 102, 3, 65, 'D', 0, 0, 0, 0, 1, '00:2:0', 0, 0),
(1401, 102, 23, 535, 'G', 2, 0, 7, 0, 0, '00:15:-2', 0, 0),
(1402, 102, 23, 538, 'F', 1, 0, 5, 0, 9, '00:15:0', 0, 0),
(1403, 102, 23, 543, 'F', 0, 0, 0, 0, 0, '00:0:11', 0, 0),
(1404, 102, 23, 544, 'F', 0, 0, 0, 0, 1, '00:2:26', 0, 0),
(1405, 102, 23, 547, 'F', 0, 1, 1, 0, 3, '00:12:32', 0, 0),
(1406, 102, 23, 548, 'F', 0, 0, 0, 0, 0, '00:10:29', 0, 0),
(1407, 102, 23, 549, 'F', 0, 0, 0, 0, 0, '00:0:0', 0, 0),
(1408, 102, 23, 553, 'D', 0, 1, 2, 2, 4, '00:13:1', 0, 0),
(1409, 102, 23, 556, 'D', 0, 0, 0, 0, 4, '00:14:57', 0, 0),
(1410, 102, 23, 557, 'D', 0, 0, 0, 0, 0, '00:0:1', 0, 0),
(1411, 102, 23, 558, 'D', 0, 0, 0, 0, 0, '00:4:16', 0, 0),
(1412, 103, 12, 260, 'G', 7, 0, 17, 0, 0, '00:16:40', 0, 0),
(1413, 103, 12, 262, 'F', 2, 2, 5, 0, 2, '00:16:43', 0, 0),
(1414, 103, 12, 263, 'F', 1, 2, 5, 0, 5, '00:16:43', 0, 0),
(1415, 103, 12, 264, 'F', 3, 3, 9, 0, 8, '00:16:43', 0, 0),
(1416, 103, 12, 266, 'F', 0, 0, 0, 0, 0, '00:0:1', 0, 0),
(1417, 103, 12, 277, 'D', 0, 0, 0, 0, 3, '00:16:43', 0, 0),
(1418, 103, 12, 281, 'D', 0, 1, 1, 0, 6, '00:16:43', 0, 0),
(1419, 103, 3, 43, 'G', 6, 3, 20, 0, 0, '00:16:43', 0, 0),
(1420, 103, 3, 46, 'F', 3, 2, 5, 0, 7, '00:16:43', 0, 0),
(1421, 103, 3, 47, 'F', 0, 2, 2, 0, 3, '00:15:44', 0, 0),
(1422, 103, 3, 55, 'F', 3, 1, 9, 0, 8, '00:16:43', 0, 0),
(1423, 103, 3, 61, 'D', 0, 0, 0, 2, 10, '00:15:44', 0, 0),
(1424, 103, 3, 62, 'D', 1, 4, 1, 0, 5, '00:16:43', 0, 0),
(1425, 103, 3, 64, 'D', 0, 0, 0, 0, 0, '00:0:57', 0, 0),
(1426, 104, 12, 260, 'G', 1, 0, 9, 0, 0, '00:15:-1', 0, 0),
(1427, 104, 12, 263, 'F', 2, 1, 6, 0, 5, '00:15:-1', 0, 0),
(1428, 104, 12, 264, 'F', 2, 1, 3, 0, 3, '00:15:-1', 0, 0),
(1429, 104, 12, 266, 'F', 0, 2, 2, 0, 1, '00:15:-1', 0, 0),
(1430, 104, 12, 277, 'D', 0, 0, 0, 0, 5, '00:15:-1', 0, 0),
(1431, 104, 12, 281, 'D', 0, 2, 1, 0, 2, '00:15:-1', 0, 0),
(1432, 104, 3, 43, 'G', 3, 0, 7, 0, 0, '00:9:51', 0, 0),
(1433, 104, 3, 45, 'G', 1, 0, 5, 0, 0, '00:5:6', 0, 0),
(1434, 104, 3, 46, 'F', 0, 0, 5, 0, 4, '00:15:-1', 0, 0),
(1435, 104, 3, 47, 'F', 0, 0, 2, 0, 3, '00:15:-1', 0, 0),
(1436, 104, 3, 55, 'F', 1, 0, 2, 0, 3, '00:15:-1', 0, 0),
(1437, 104, 3, 61, 'D', 0, 0, 0, 0, 3, '00:15:-1', 0, 0),
(1438, 104, 3, 62, 'D', 0, 0, 0, 0, 6, '00:15:-1', 0, 0),
(1439, 105, 12, 260, 'G', 3, 2, 11, 0, 0, '00:15:-1', 0, 0),
(1440, 105, 12, 263, 'F', 1, 1, 5, 0, 1, '00:15:-1', 0, 0),
(1441, 105, 12, 264, 'F', 0, 0, 0, 0, 7, '00:15:-1', 0, 0),
(1442, 105, 12, 266, 'F', 1, 1, 3, 0, 6, '00:15:-1', 0, 0),
(1443, 105, 12, 277, 'D', 0, 0, 0, 0, 4, '00:15:-1', 0, 0),
(1444, 105, 12, 281, 'D', 0, 0, 0, 0, 3, '00:15:-1', 0, 0),
(1445, 105, 3, 43, 'G', 2, 0, 8, 0, 0, '00:15:-1', 0, 0),
(1446, 105, 3, 46, 'F', 1, 1, 5, 0, 2, '00:15:-1', 0, 0),
(1447, 105, 3, 47, 'F', 0, 0, 0, 0, 3, '00:15:-1', 0, 0),
(1448, 105, 3, 55, 'F', 2, 0, 4, 0, 7, '00:15:-1', 0, 0),
(1449, 105, 3, 61, 'D', 0, 0, 1, 0, 1, '00:15:-1', 0, 0),
(1450, 105, 3, 62, 'D', 0, 1, 1, 0, 4, '00:15:-1', 0, 0),
(1451, 106, 3, 43, 'G', 4, 0, 10, 0, 0, '00:14:19', 0, 0),
(1452, 106, 3, 46, 'F', 0, 1, 5, 2, 5, '00:13:20', 0, 0),
(1453, 106, 3, 47, 'F', 0, 1, 1, 0, 6, '00:13:5', 0, 0),
(1454, 106, 3, 48, 'F', 2, 0, 2, 0, 1, '00:0:38', 0, 0),
(1455, 106, 3, 55, 'F', 0, 2, 0, 0, 1, '00:15:-1', 0, 0),
(1456, 106, 3, 61, 'D', 0, 0, 0, 2, 3, '00:13:5', 0, 0),
(1457, 106, 3, 62, 'D', 0, 0, 0, 0, 2, '00:15:-1', 0, 0),
(1458, 106, 3, 64, 'D', 0, 0, 0, 0, 0, '00:1:52', 0, 0),
(1459, 106, 19, 435, 'G', 2, 1, 8, 0, 0, '00:14:46', 0, 0),
(1460, 106, 19, 437, 'F', 2, 0, 5, 0, 1, '00:15:-1', 0, 0),
(1461, 106, 19, 438, 'F', 1, 2, 3, 0, 6, '00:15:-1', 0, 0),
(1462, 106, 19, 448, 'F', 1, 0, 2, 0, 0, '00:11:52', 0, 0),
(1463, 106, 19, 451, 'F', 0, 0, 0, 0, 0, '00:0:11', 0, 0),
(1464, 106, 19, 452, 'D', 0, 2, 0, 2, 5, '00:13:0', 0, 0),
(1465, 106, 19, 453, 'D', 0, 1, 0, 0, 7, '00:15:-1', 0, 0),
(1466, 106, 19, 455, 'D', 0, 0, 0, 0, 2, '00:3:5', 0, 0),
(1467, 107, 3, 43, 'G', 6, 0, 10, 0, 0, '00:15:0', 0, 0),
(1468, 107, 3, 46, 'F', 1, 1, 2, 2, 7, '00:13:1', 0, 0),
(1469, 107, 3, 47, 'F', 0, 0, 0, 2, 4, '00:12:22', 0, 0),
(1470, 107, 3, 55, 'F', 3, 0, 8, 0, 3, '00:15:0', 0, 0),
(1471, 107, 3, 61, 'D', 0, 1, 2, 2, 9, '00:14:54', 0, 0),
(1472, 107, 3, 62, 'D', 0, 0, 0, 2, 8, '00:13:46', 0, 0),
(1473, 107, 3, 63, 'D', 0, 0, 0, 0, 0, '00:1:12', 0, 0),
(1474, 107, 3, 64, 'D', 0, 0, 0, 0, 0, '00:0:4', 0, 0),
(1475, 107, 19, 435, 'G', 4, 0, 12, 0, 0, '00:14:56', 0, 0),
(1476, 107, 19, 437, 'F', 1, 1, 3, 0, 3, '00:15:0', 0, 0),
(1477, 107, 19, 438, 'F', 2, 2, 3, 0, 4, '00:15:0', 0, 0),
(1478, 107, 19, 448, 'F', 1, 1, 2, 0, 6, '00:14:12', 0, 0),
(1479, 107, 19, 451, 'F', 0, 0, 0, 0, 0, '00:0:-1', 0, 0),
(1480, 107, 19, 452, 'D', 2, 1, 2, 0, 2, '00:15:0', 0, 0),
(1481, 107, 19, 453, 'D', 0, 0, 0, 2, 3, '00:9:36', 0, 0),
(1482, 107, 19, 454, 'D', 0, 0, 0, 0, 2, '00:5:22', 0, 0),
(1483, 108, 3, 43, 'G', 3, 0, 9, 0, 0, '00:14:57', 0, 0),
(1484, 108, 3, 46, 'F', 1, 1, 6, 0, 6, '00:12:4', 0, 0),
(1485, 108, 3, 47, 'F', 0, 0, 1, 2, 4, '00:12:28', 0, 0),
(1486, 108, 3, 48, 'F', 0, 0, 0, 0, 0, '00:0:1', 0, 0),
(1487, 108, 3, 55, 'F', 4, 1, 8, 0, 8, '00:15:0', 0, 0),
(1488, 108, 3, 57, 'F', 0, 0, 0, 0, 0, '00:0:31', 0, 0),
(1489, 108, 3, 61, 'D', 0, 0, 0, 2, 7, '00:13:1', 0, 0),
(1490, 108, 3, 62, 'D', 0, 4, 0, 0, 8, '00:15:0', 0, 0),
(1491, 108, 3, 64, 'D', 0, 1, 0, 0, 1, '00:2:54', 0, 0),
(1492, 108, 19, 435, 'G', 5, 0, 15, 0, 0, '00:15:0', 0, 0),
(1493, 108, 19, 437, 'F', 0, 0, 0, 2, 6, '00:13:40', 0, 0),
(1494, 108, 19, 438, 'F', 1, 0, 4, 0, 6, '00:15:0', 0, 0),
(1495, 108, 19, 448, 'F', 2, 0, 4, 0, 4, '00:9:27', 0, 0),
(1496, 108, 19, 449, 'F', 0, 0, 1, 0, 0, '00:1:18', 0, 0),
(1497, 108, 19, 452, 'D', 0, 0, 0, 4, 5, '00:11:15', 0, 0),
(1498, 108, 19, 453, 'D', 0, 0, 0, 0, 3, '00:15:0', 0, 0),
(1499, 108, 19, 455, 'D', 0, 0, 0, 0, 2, '00:4:21', 0, 0),
(1500, 109, 19, 435, 'G', 3, 0, 11, 0, 0, '00:15:0', 0, 0),
(1501, 109, 19, 437, 'F', 0, 1, 3, 0, 3, '00:15:0', 0, 0),
(1502, 109, 19, 438, 'F', 0, 0, 0, 2, 3, '00:2:14', 0, 0),
(1503, 109, 19, 448, 'F', 2, 1, 5, 0, 4, '00:12:57', 0, 0),
(1504, 109, 19, 449, 'F', 2, 0, 3, 0, 2, '00:12:48', 0, 0),
(1505, 109, 19, 452, 'D', 0, 1, 0, 0, 2, '00:15:0', 0, 0),
(1506, 109, 19, 453, 'D', 0, 2, 0, 0, 4, '00:15:0', 0, 0),
(1507, 109, 3, 43, 'G', 4, 0, 11, 0, 0, '00:15:0', 0, 0),
(1508, 109, 3, 46, 'F', 1, 1, 4, 2, 8, '00:14:21', 0, 0),
(1509, 109, 3, 47, 'F', 0, 0, 0, 0, 4, '00:11:20', 0, 0),
(1510, 109, 3, 55, 'F', 1, 2, 5, 0, 4, '00:15:0', 0, 0),
(1511, 109, 3, 61, 'D', 0, 1, 1, 2, 6, '00:13:1', 0, 0),
(1512, 109, 3, 62, 'D', 0, 1, 0, 2, 9, '00:13:56', 0, 0),
(1513, 109, 3, 63, 'D', 0, 0, 0, 0, 0, '00:1:2', 0, 0),
(1514, 109, 3, 64, 'D', 1, 0, 1, 0, 1, '00:2:34', 0, 0),
(1515, 110, 19, 435, 'G', 3, 0, 8, 0, 0, '00:15:-1', 0, 0),
(1516, 110, 19, 437, 'F', 0, 0, 1, 0, 1, '00:15:-1', 0, 0),
(1517, 110, 19, 438, 'F', 0, 0, 2, 0, 6, '00:8:38', 0, 0),
(1518, 110, 19, 448, 'F', 2, 0, 5, 0, 7, '00:15:-1', 0, 0),
(1519, 110, 19, 449, 'F', 0, 0, 0, 0, 0, '00:6:19', 0, 0),
(1520, 110, 19, 452, 'D', 0, 0, 1, 0, 2, '00:15:-1', 0, 0),
(1521, 110, 19, 453, 'D', 0, 0, 0, 0, 5, '00:15:-1', 0, 0),
(1522, 110, 3, 43, 'G', 2, 0, 9, 0, 0, '00:15:-1', 0, 0),
(1523, 110, 3, 46, 'F', 0, 1, 1, 0, 8, '00:15:-1', 0, 0),
(1524, 110, 3, 47, 'F', 1, 0, 1, 2, 7, '00:13:0', 0, 0),
(1525, 110, 3, 55, 'F', 2, 1, 5, 0, 4, '00:15:-1', 0, 0),
(1526, 110, 3, 61, 'D', 0, 1, 0, 0, 5, '00:15:-1', 0, 0),
(1527, 110, 3, 62, 'D', 0, 0, 1, 0, 8, '00:15:-1', 0, 0),
(1528, 111, 19, 435, 'G', 4, 0, 6, 0, 0, '00:14:48', 0, 0),
(1529, 111, 19, 437, 'F', 0, 1, 2, 2, 2, '00:9:30', 0, 0),
(1530, 111, 19, 438, 'F', 0, 1, 1, 0, 7, '00:15:0', 0, 0),
(1531, 111, 19, 448, 'F', 0, 0, 0, 0, 4, '00:10:-1', 0, 0),
(1532, 111, 19, 449, 'F', 0, 0, 0, 0, 0, '00:5:11', 0, 0),
(1533, 111, 19, 452, 'D', 1, 0, 2, 2, 4, '00:13:1', 0, 0),
(1534, 111, 19, 453, 'D', 1, 0, 1, 0, 5, '00:15:0', 0, 0),
(1535, 111, 19, 455, 'D', 0, 0, 0, 0, 0, '00:3:29', 0, 0),
(1536, 111, 3, 43, 'G', 2, 1, 6, 0, 0, '00:15:0', 0, 0),
(1537, 111, 3, 46, 'F', 2, 1, 3, 2, 5, '00:13:1', 0, 0),
(1538, 111, 3, 47, 'F', 0, 1, 0, 0, 3, '00:15:0', 0, 0),
(1539, 111, 3, 55, 'F', 2, 1, 3, 2, 8, '00:13:1', 0, 0),
(1540, 111, 3, 61, 'D', 0, 0, 0, 0, 12, '00:15:0', 0, 0),
(1541, 111, 3, 62, 'D', 0, 0, 0, 0, 10, '00:15:0', 0, 0),
(1542, 112, 3, 43, 'G', 0, 0, 0, 0, 0, '00:2:34', 0, 0),
(1543, 112, 3, 46, 'F', 0, 0, 0, 0, 1, '00:2:34', 0, 0),
(1544, 112, 3, 47, 'F', 1, 0, 1, 0, 2, '00:2:34', 0, 0),
(1545, 112, 3, 55, 'F', 0, 0, 0, 0, 0, '00:2:34', 0, 0),
(1546, 112, 3, 61, 'D', 0, 0, 0, 0, 1, '00:2:34', 0, 0),
(1547, 112, 3, 62, 'D', 0, 0, 0, 0, 0, '00:2:34', 0, 0),
(1548, 112, 19, 435, 'G', 1, 0, 1, 0, 0, '00:2:34', 0, 0),
(1549, 112, 19, 437, 'F', 0, 0, 0, 0, 3, '00:2:34', 0, 0),
(1550, 112, 19, 438, 'F', 0, 0, 0, 0, 1, '00:2:34', 0, 0),
(1551, 112, 19, 448, 'F', 0, 0, 0, 0, 1, '00:2:34', 0, 0),
(1552, 112, 19, 452, 'D', 0, 0, 0, 0, 1, '00:2:34', 0, 0),
(1553, 112, 19, 453, 'D', 0, 0, 0, 0, 2, '00:2:34', 0, 0),
(1554, 113, 5, 93, 'G', 2, 0, 8, 0, 0, '00:14:55', 0, 0),
(1555, 113, 5, 95, 'F', 1, 1, 7, 0, 5, '00:15:-1', 0, 0),
(1556, 113, 5, 96, 'F', 1, 1, 1, 0, 5, '00:15:-1', 0, 0),
(1557, 113, 5, 97, 'F', 0, 0, 0, 0, 0, '00:0:2', 0, 0),
(1558, 113, 5, 104, 'F', 1, 0, 1, 0, 2, '00:15:-1', 0, 0),
(1559, 113, 5, 110, 'D', 0, 0, 1, 0, 4, '00:15:-1', 0, 0),
(1560, 113, 5, 111, 'D', 0, 0, 0, 0, 3, '00:15:-1', 0, 0),
(1561, 113, 7, 143, 'G', 3, 0, 10, 0, 0, '00:15:-1', 0, 0),
(1562, 113, 7, 145, 'F', 1, 1, 5, 0, 7, '00:15:-1', 0, 0),
(1563, 113, 7, 146, 'F', 0, 0, 0, 0, 4, '00:15:-1', 0, 0),
(1564, 113, 7, 155, 'F', 1, 0, 3, 2, 6, '00:14:6', 0, 0),
(1565, 113, 7, 160, 'D', 0, 0, 0, 0, 3, '00:15:-1', 0, 0),
(1566, 113, 7, 163, 'D', 0, 0, 0, 0, 5, '00:15:-1', 0, 0),
(1567, 114, 5, 93, 'G', 2, 0, 12, 0, 0, '00:15:0', 0, 0),
(1568, 114, 5, 95, 'F', 1, 1, 4, 0, 0, '00:15:0', 0, 0),
(1569, 114, 5, 96, 'F', 1, 1, 3, 4, 1, '00:11:2', 0, 0),
(1570, 114, 5, 104, 'F', 0, 1, 3, 0, 4, '00:15:0', 0, 0),
(1571, 114, 5, 110, 'D', 1, 0, 1, 0, 4, '00:15:0', 0, 0),
(1572, 114, 5, 111, 'D', 0, 0, 2, 0, 9, '00:15:0', 0, 0),
(1573, 114, 7, 143, 'G', 3, 0, 13, 0, 0, '00:14:47', 0, 0),
(1574, 114, 7, 145, 'F', 0, 1, 1, 0, 3, '00:15:0', 0, 0),
(1575, 114, 7, 146, 'F', 0, 1, 2, 0, 2, '00:14:57', 0, 0),
(1576, 114, 7, 150, 'F', 0, 0, 0, 0, 0, '00:0:11', 0, 0),
(1577, 114, 7, 155, 'F', 2, 0, 8, 0, 3, '00:15:0', 0, 0),
(1578, 114, 7, 160, 'D', 0, 0, 0, 2, 5, '00:14:57', 0, 0),
(1579, 114, 7, 163, 'D', 0, 1, 1, 0, 4, '00:15:0', 0, 0),
(1580, 114, 7, 165, 'D', 0, 0, 0, 0, 0, '00:0:1', 0, 0),
(1581, 115, 5, 93, 'G', 2, 0, 11, 0, 0, '00:16:5', 0, 0),
(1582, 115, 5, 95, 'F', 2, 0, 7, 0, 3, '00:16:5', 0, 0),
(1583, 115, 5, 96, 'F', 0, 1, 3, 0, 1, '00:16:5', 0, 0),
(1584, 115, 5, 104, 'F', 1, 1, 3, 0, 0, '00:16:5', 0, 0),
(1585, 115, 5, 110, 'D', 0, 1, 3, 0, 6, '00:16:5', 0, 0),
(1586, 115, 5, 111, 'D', 0, 0, 1, 0, 7, '00:16:5', 0, 0),
(1587, 115, 7, 143, 'G', 3, 0, 17, 0, 0, '00:16:4', 0, 0),
(1588, 115, 7, 145, 'F', 0, 0, 3, 0, 3, '00:16:5', 0, 0),
(1589, 115, 7, 146, 'F', 0, 0, 1, 0, 2, '00:11:33', 0, 0),
(1590, 115, 7, 155, 'F', 2, 0, 5, 0, 12, '00:16:5', 0, 0),
(1591, 115, 7, 160, 'D', 0, 0, 0, 2, 8, '00:14:6', 0, 0),
(1592, 115, 7, 163, 'D', 0, 1, 2, 0, 4, '00:16:5', 0, 0),
(1593, 115, 7, 165, 'D', 0, 1, 0, 0, 3, '00:4:31', 0, 0),
(1594, 116, 7, 143, 'G', 4, 0, 11, 0, 0, '00:15:0', 0, 0),
(1595, 116, 7, 145, 'F', 2, 1, 5, 2, 4, '00:13:1', 0, 0),
(1596, 116, 7, 146, 'F', 2, 1, 4, 0, 3, '00:15:0', 0, 0),
(1597, 116, 7, 155, 'F', 2, 0, 4, 0, 5, '00:15:0', 0, 0),
(1598, 116, 7, 160, 'D', 0, 4, 0, 0, 6, '00:15:0', 0, 0),
(1599, 116, 7, 163, 'D', 0, 0, 1, 0, 2, '00:15:0', 0, 0),
(1600, 116, 5, 93, 'G', 6, 0, 14, 0, 0, '00:15:0', 0, 0),
(1601, 116, 5, 95, 'F', 1, 1, 5, 2, 7, '00:14:35', 0, 0),
(1602, 116, 5, 96, 'F', 1, 0, 1, 0, 3, '00:10:7', 0, 0),
(1603, 116, 5, 104, 'F', 0, 2, 3, 0, 1, '00:14:35', 0, 0),
(1604, 116, 5, 108, 'F', 1, 1, 1, 0, 0, '00:5:16', 0, 0),
(1605, 116, 5, 110, 'D', 0, 0, 0, 0, 5, '00:15:0', 0, 0),
(1606, 116, 5, 111, 'D', 1, 0, 1, 2, 2, '00:15:0', 0, 0),
(1607, 117, 7, 143, 'G', 3, 0, 10, 0, 0, '00:15:-1', 0, 0),
(1608, 117, 7, 145, 'F', 1, 0, 4, 0, 1, '00:15:-1', 0, 0),
(1609, 117, 7, 146, 'F', 1, 2, 1, 0, 3, '00:15:-1', 0, 0),
(1610, 117, 7, 155, 'F', 3, 0, 6, 0, 6, '00:15:-1', 0, 0),
(1611, 117, 7, 160, 'D', 0, 2, 0, 0, 7, '00:15:-1', 0, 0),
(1612, 117, 7, 163, 'D', 0, 1, 1, 0, 9, '00:15:-1', 0, 0),
(1613, 117, 5, 93, 'G', 5, 1, 12, 0, 0, '00:15:-1', 0, 0),
(1614, 117, 5, 95, 'F', 2, 1, 6, 0, 3, '00:15:-1', 0, 0),
(1615, 117, 5, 96, 'F', 1, 1, 2, 0, 2, '00:15:-1', 0, 0),
(1616, 117, 5, 104, 'F', 0, 0, 1, 0, 4, '00:12:24', 0, 0),
(1617, 117, 5, 110, 'D', 0, 0, 0, 2, 6, '00:13:0', 0, 0),
(1618, 117, 5, 111, 'D', 0, 0, 1, 0, 8, '00:15:-1', 0, 0),
(1619, 117, 5, 113, 'D', 0, 0, 0, 0, 0, '00:2:33', 0, 0),
(1620, 118, 7, 143, 'G', 5, 0, 15, 0, 0, '00:15:0', 0, 0),
(1621, 118, 7, 145, 'F', 2, 1, 3, 0, 4, '00:15:0', 0, 0),
(1622, 118, 7, 146, 'F', 1, 2, 2, 0, 3, '00:14:56', 0, 0),
(1623, 118, 7, 155, 'F', 3, 2, 8, 0, 8, '00:15:0', 0, 0),
(1624, 118, 7, 160, 'D', 1, 2, 1, 0, 5, '00:15:0', 0, 0),
(1625, 118, 7, 161, 'D', 0, 0, 0, 0, 0, '00:0:2', 0, 0),
(1626, 118, 7, 163, 'D', 0, 4, 1, 2, 2, '00:14:56', 0, 0),
(1627, 118, 5, 93, 'G', 6, 0, 14, 0, 0, '00:14:19', 0, 0),
(1628, 118, 5, 95, 'F', 2, 2, 8, 0, 5, '00:15:0', 0, 0),
(1629, 118, 5, 97, 'F', 1, 0, 1, 0, 0, '00:0:39', 0, 0),
(1630, 118, 5, 99, 'F', 0, 0, 2, 0, 2, '00:15:0', 0, 0),
(1631, 118, 5, 104, 'F', 2, 0, 3, 2, 3, '00:13:17', 0, 0),
(1632, 118, 5, 110, 'D', 0, 2, 1, 0, 10, '00:15:0', 0, 0),
(1633, 118, 5, 111, 'D', 0, 0, 0, 0, 6, '00:15:0', 0, 0),
(1634, 119, 5, 93, 'G', 4, 0, 12, 0, 0, '00:14:38', 0, 0),
(1635, 119, 5, 95, 'F', 3, 0, 6, 0, 7, '00:15:-1', 0, 0),
(1636, 119, 5, 96, 'F', 0, 3, 0, 0, 2, '00:15:-1', 0, 0),
(1637, 119, 5, 97, 'F', 0, 0, 0, 0, 0, '00:0:19', 0, 0),
(1638, 119, 5, 104, 'F', 1, 1, 4, 0, 4, '00:14:56', 0, 0),
(1639, 119, 5, 110, 'D', 0, 0, 1, 0, 2, '00:15:-1', 0, 0),
(1640, 119, 5, 111, 'D', 0, 1, 2, 2, 3, '00:14:56', 0, 0),
(1641, 119, 5, 112, 'D', 0, 0, 0, 0, 0, '00:0:1', 0, 0),
(1642, 119, 7, 143, 'G', 4, 0, 13, 0, 0, '00:15:-1', 0, 0),
(1643, 119, 7, 145, 'F', 0, 1, 1, 0, 6, '00:15:-1', 0, 0),
(1644, 119, 7, 146, 'F', 2, 1, 5, 0, 4, '00:12:34', 0, 0),
(1645, 119, 7, 155, 'F', 3, 2, 7, 0, 4, '00:15:-1', 0, 0),
(1646, 119, 7, 160, 'D', 0, 0, 0, 0, 2, '00:15:-1', 0, 0),
(1647, 119, 7, 161, 'D', 0, 0, 0, 0, 1, '00:2:23', 0, 0),
(1648, 119, 7, 163, 'D', 0, 0, 0, 2, 7, '00:13:0', 0, 0),
(1649, 120, 3, 43, 'G', 3, 0, 15, 0, 0, '00:18:38', 0, 0),
(1650, 120, 3, 46, 'F', 1, 2, 5, 2, 5, '00:16:44', 0, 0),
(1651, 120, 3, 47, 'F', 1, 0, 2, 0, 5, '00:16:27', 0, 0),
(1652, 120, 3, 48, 'F', 0, 0, 0, 0, 0, '00:0:3', 0, 0),
(1653, 120, 3, 55, 'F', 1, 1, 7, 0, 7, '00:18:43', 0, 0),
(1654, 120, 3, 61, 'D', 1, 0, 1, 0, 11, '00:18:43', 0, 0),
(1655, 120, 3, 62, 'D', 0, 0, 0, 2, 12, '00:16:44', 0, 0),
(1656, 120, 3, 63, 'D', 0, 0, 0, 0, 1, '00:2:14', 0, 0),
(1657, 120, 10, 210, 'G', 4, 0, 15, 0, 0, '00:18:41', 0, 0),
(1658, 120, 10, 213, 'F', 0, 0, 1, 0, 0, '00:6:41', 0, 0),
(1659, 120, 10, 214, 'F', 1, 1, 5, 0, 5, '00:18:43', 0, 0),
(1660, 120, 10, 215, 'F', 0, 0, 0, 0, 0, '00:0:0', 0, 0),
(1661, 120, 10, 218, 'F', 0, 1, 3, 2, 2, '00:10:1', 0, 0),
(1662, 120, 10, 223, 'F', 2, 0, 4, 0, 7, '00:18:43', 0, 0),
(1663, 120, 10, 228, 'D', 0, 1, 0, 0, 3, '00:18:43', 0, 0),
(1664, 120, 10, 230, 'D', 0, 1, 2, 0, 4, '00:18:43', 0, 0),
(1665, 121, 3, 43, 'G', 1, 0, 6, 0, 0, '00:15:-1', 0, 0),
(1666, 121, 3, 46, 'F', 1, 0, 4, 2, 7, '00:13:0', 0, 0),
(1667, 121, 3, 47, 'F', 0, 1, 1, 2, 4, '00:14:19', 0, 0),
(1668, 121, 3, 51, 'F', 0, 0, 0, 0, 3, '00:1:45', 0, 0),
(1669, 121, 3, 55, 'F', 2, 1, 7, 0, 8, '00:13:12', 0, 0),
(1670, 121, 3, 61, 'D', 0, 1, 0, 0, 5, '00:15:-1', 0, 0),
(1671, 121, 3, 62, 'D', 0, 0, 1, 0, 7, '00:15:-1', 0, 0),
(1672, 121, 10, 210, 'G', 3, 0, 13, 0, 0, '00:14:45', 0, 0),
(1673, 121, 10, 213, 'F', 0, 0, 0, 0, 0, '00:0:12', 0, 0),
(1674, 121, 10, 214, 'F', 0, 1, 2, 0, 4, '00:15:-1', 0, 0),
(1675, 121, 10, 218, 'F', 0, 0, 1, 2, 6, '00:12:50', 0, 0),
(1676, 121, 10, 223, 'F', 1, 0, 2, 0, 3, '00:15:-1', 0, 0),
(1677, 121, 10, 228, 'D', 0, 0, 0, 2, 4, '00:13:50', 0, 0),
(1678, 121, 10, 230, 'D', 0, 0, 1, 0, 5, '00:15:-1', 0, 0),
(1679, 121, 10, 233, 'D', 0, 0, 0, 0, 1, '00:1:7', 0, 0),
(1680, 122, 3, 43, 'G', 3, 0, 5, 0, 0, '00:15:19', 0, 0),
(1681, 122, 3, 46, 'F', 0, 2, 0, 0, 6, '00:10:20', 0, 0),
(1682, 122, 3, 47, 'F', 2, 1, 3, 0, 4, '00:15:29', 0, 0),
(1683, 122, 3, 55, 'F', 2, 1, 8, 2, 7, '00:13:30', 0, 0),
(1684, 122, 3, 57, 'F', 0, 0, 0, 0, 0, '00:0:8', 0, 0),
(1685, 122, 3, 59, 'F', 0, 1, 0, 2, 2, '00:3:8', 0, 0),
(1686, 122, 3, 61, 'D', 0, 1, 0, 0, 8, '00:15:29', 0, 0),
(1687, 122, 3, 62, 'D', 0, 1, 0, 0, 13, '00:15:29', 0, 0),
(1688, 122, 10, 210, 'G', 4, 1, 11, 0, 0, '00:15:29', 0, 0),
(1689, 122, 10, 214, 'F', 1, 0, 1, 2, 4, '00:13:30', 0, 0),
(1690, 122, 10, 218, 'F', 0, 1, 1, 2, 5, '00:15:10', 0, 0),
(1691, 122, 10, 223, 'F', 2, 0, 3, 4, 6, '00:12:41', 0, 0),
(1692, 122, 10, 228, 'D', 0, 0, 0, 0, 7, '00:15:29', 0, 0),
(1693, 122, 10, 230, 'D', 0, 1, 0, 0, 3, '00:15:29', 0, 0),
(1694, 123, 10, 210, 'G', 3, 0, 10, 0, 0, '00:16:6', 0, 0),
(1695, 123, 10, 214, 'F', 0, 1, 1, 0, 3, '00:16:6', 0, 0),
(1696, 123, 10, 218, 'F', 1, 1, 3, 0, 3, '00:16:6', 0, 0),
(1697, 123, 10, 223, 'F', 1, 0, 2, 0, 3, '00:16:6', 0, 0),
(1698, 123, 10, 228, 'D', 0, 0, 1, 0, 7, '00:16:6', 0, 0),
(1699, 123, 10, 230, 'D', 0, 0, 0, 0, 5, '00:16:6', 0, 0),
(1700, 123, 3, 43, 'G', 2, 1, 7, 0, 0, '00:16:6', 0, 0),
(1701, 123, 3, 46, 'F', 1, 1, 1, 0, 6, '00:16:6', 0, 0),
(1702, 123, 3, 47, 'F', 0, 1, 0, 0, 3, '00:14:26', 0, 0),
(1703, 123, 3, 55, 'F', 2, 1, 9, 0, 3, '00:16:6', 0, 0),
(1704, 123, 3, 61, 'D', 0, 0, 0, 4, 2, '00:14:26', 0, 0),
(1705, 123, 3, 62, 'D', 0, 1, 0, 0, 4, '00:16:6', 0, 0),
(1706, 123, 3, 64, 'D', 0, 0, 0, 0, 0, '00:1:38', 0, 0),
(1707, 124, 3, 43, 'G', 6, 1, 7, 0, 0, '00:15:0', 0, 0),
(1708, 124, 3, 46, 'F', 2, 1, 3, 2, 8, '00:14:2', 0, 0),
(1709, 124, 3, 47, 'F', 2, 1, 4, 0, 3, '00:15:0', 0, 0),
(1710, 124, 3, 55, 'F', 1, 0, 2, 2, 3, '00:14:14', 0, 0),
(1711, 124, 3, 61, 'D', 0, 1, 0, 0, 6, '00:15:0', 0, 0),
(1712, 124, 3, 62, 'D', 0, 0, 1, 0, 8, '00:15:0', 0, 0),
(1713, 124, 23, 535, 'G', 5, 0, 10, 0, 0, '00:15:-2', 0, 0),
(1714, 124, 23, 538, 'F', 4, 0, 4, 4, 8, '00:12:44', 0, 0),
(1715, 124, 23, 539, 'F', 0, 0, 0, 0, 0, '00:1:20', 0, 0),
(1716, 124, 23, 543, 'F', 0, 0, 0, 0, 0, '00:0:52', 0, 0),
(1717, 124, 23, 547, 'F', 1, 1, 2, 0, 3, '00:15:0', 0, 0),
(1718, 124, 23, 548, 'F', 1, 3, 1, 0, 4, '00:12:44', 0, 0),
(1719, 124, 23, 549, 'F', 0, 0, 0, 0, 0, '00:0:0', 0, 0),
(1720, 124, 23, 553, 'D', 0, 2, 0, 0, 6, '00:15:0', 0, 0),
(1721, 124, 23, 556, 'D', 0, 1, 0, 0, 8, '00:15:0', 0, 0),
(1722, 125, 3, 43, 'G', 3, 0, 12, 0, 0, '00:15:24', 0, 0),
(1723, 125, 3, 46, 'F', 1, 1, 5, 0, 7, '00:15:24', 0, 0),
(1724, 125, 3, 47, 'F', 0, 0, 2, 0, 4, '00:13:23', 0, 0),
(1725, 125, 3, 55, 'F', 3, 1, 5, 0, 5, '00:15:24', 0, 0),
(1726, 125, 3, 61, 'D', 0, 1, 0, 2, 4, '00:13:25', 0, 0),
(1727, 125, 3, 62, 'D', 0, 0, 1, 0, 11, '00:15:24', 0, 0),
(1728, 125, 3, 64, 'D', 0, 0, 0, 0, 0, '00:2:-1', 0, 0),
(1729, 125, 23, 535, 'G', 4, 1, 13, 0, 0, '00:15:24', 0, 0),
(1730, 125, 23, 538, 'F', 1, 0, 5, 0, 7, '00:15:24', 0, 0),
(1731, 125, 23, 543, 'F', 1, 0, 1, 0, 3, '00:4:34', 0, 0),
(1732, 125, 23, 547, 'F', 1, 0, 4, 0, 1, '00:10:48', 0, 0),
(1733, 125, 23, 548, 'F', 0, 0, 1, 0, 3, '00:15:24', 0, 0),
(1734, 125, 23, 552, 'D', 0, 0, 0, 0, 1, '00:4:38', 0, 0),
(1735, 125, 23, 553, 'D', 0, 0, 1, 0, 3, '00:10:44', 0, 0),
(1736, 125, 23, 556, 'D', 0, 1, 0, 0, 5, '00:15:24', 0, 0),
(1737, 126, 3, 43, 'G', 1, 0, 8, 0, 0, '00:15:0', 0, 0),
(1738, 126, 3, 46, 'F', 0, 0, 2, 2, 8, '00:11:-1', 0, 0),
(1739, 126, 3, 47, 'F', 1, 0, 2, 0, 2, '00:9:33', 0, 0),
(1740, 126, 3, 55, 'F', 0, 0, 2, 2, 3, '00:13:1', 0, 0),
(1741, 126, 3, 61, 'D', 0, 0, 0, 4, 5, '00:13:-2', 0, 0),
(1742, 126, 3, 62, 'D', 1, 0, 1, 2, 6, '00:13:1', 0, 0),
(1743, 126, 3, 63, 'D', 0, 0, 0, 0, 0, '00:2:27', 0, 0),
(1744, 126, 3, 64, 'D', 0, 0, 0, 2, 2, '00:0:57', 0, 0),
(1745, 126, 3, 65, 'D', 0, 0, 0, 0, 1, '00:2:0', 0, 0),
(1746, 126, 23, 535, 'G', 2, 0, 7, 0, 0, '00:15:-2', 0, 0),
(1747, 126, 23, 538, 'F', 1, 0, 5, 0, 9, '00:15:0', 0, 0),
(1748, 126, 23, 543, 'F', 0, 0, 0, 0, 0, '00:0:11', 0, 0),
(1749, 126, 23, 544, 'F', 0, 0, 0, 0, 1, '00:2:26', 0, 0),
(1750, 126, 23, 547, 'F', 0, 1, 1, 0, 3, '00:12:32', 0, 0),
(1751, 126, 23, 548, 'F', 0, 0, 0, 0, 0, '00:10:29', 0, 0),
(1752, 126, 23, 549, 'F', 0, 0, 0, 0, 0, '00:0:0', 0, 0),
(1753, 126, 23, 553, 'D', 0, 1, 2, 2, 4, '00:13:1', 0, 0),
(1754, 126, 23, 556, 'D', 0, 0, 0, 0, 4, '00:14:57', 0, 0),
(1755, 126, 23, 557, 'D', 0, 0, 0, 0, 0, '00:0:1', 0, 0),
(1756, 126, 23, 558, 'D', 0, 0, 0, 0, 0, '00:4:16', 0, 0),
(1757, 127, 12, 260, 'G', 7, 0, 17, 0, 0, '00:16:40', 0, 0),
(1758, 127, 12, 262, 'F', 2, 2, 5, 0, 2, '00:16:43', 0, 0),
(1759, 127, 12, 263, 'F', 1, 2, 5, 0, 5, '00:16:43', 0, 0),
(1760, 127, 12, 264, 'F', 3, 3, 9, 0, 8, '00:16:43', 0, 0),
(1761, 127, 12, 266, 'F', 0, 0, 0, 0, 0, '00:0:1', 0, 0),
(1762, 127, 12, 277, 'D', 0, 0, 0, 0, 3, '00:16:43', 0, 0),
(1763, 127, 12, 281, 'D', 0, 1, 1, 0, 6, '00:16:43', 0, 0),
(1764, 127, 3, 43, 'G', 6, 3, 20, 0, 0, '00:16:43', 0, 0),
(1765, 127, 3, 46, 'F', 3, 2, 5, 0, 7, '00:16:43', 0, 0),
(1766, 127, 3, 47, 'F', 0, 2, 2, 0, 3, '00:15:44', 0, 0),
(1767, 127, 3, 55, 'F', 3, 1, 9, 0, 8, '00:16:43', 0, 0),
(1768, 127, 3, 61, 'D', 0, 0, 0, 2, 10, '00:15:44', 0, 0),
(1769, 127, 3, 62, 'D', 1, 4, 1, 0, 5, '00:16:43', 0, 0),
(1770, 127, 3, 64, 'D', 0, 0, 0, 0, 0, '00:0:57', 0, 0),
(1771, 128, 12, 260, 'G', 1, 0, 9, 0, 0, '00:15:-1', 0, 0),
(1772, 128, 12, 263, 'F', 2, 1, 6, 0, 5, '00:15:-1', 0, 0),
(1773, 128, 12, 264, 'F', 2, 1, 3, 0, 3, '00:15:-1', 0, 0),
(1774, 128, 12, 266, 'F', 0, 2, 2, 0, 1, '00:15:-1', 0, 0),
(1775, 128, 12, 277, 'D', 0, 0, 0, 0, 5, '00:15:-1', 0, 0),
(1776, 128, 12, 281, 'D', 0, 2, 1, 0, 2, '00:15:-1', 0, 0),
(1777, 128, 3, 43, 'G', 3, 0, 7, 0, 0, '00:9:51', 0, 0),
(1778, 128, 3, 45, 'G', 1, 0, 5, 0, 0, '00:5:6', 0, 0),
(1779, 128, 3, 46, 'F', 0, 0, 5, 0, 4, '00:15:-1', 0, 0),
(1780, 128, 3, 47, 'F', 0, 0, 2, 0, 3, '00:15:-1', 0, 0),
(1781, 128, 3, 55, 'F', 1, 0, 2, 0, 3, '00:15:-1', 0, 0),
(1782, 128, 3, 61, 'D', 0, 0, 0, 0, 3, '00:15:-1', 0, 0),
(1783, 128, 3, 62, 'D', 0, 0, 0, 0, 6, '00:15:-1', 0, 0),
(1784, 129, 12, 260, 'G', 3, 2, 11, 0, 0, '00:15:-1', 0, 0),
(1785, 129, 12, 263, 'F', 1, 1, 5, 0, 1, '00:15:-1', 0, 0),
(1786, 129, 12, 264, 'F', 0, 0, 0, 0, 7, '00:15:-1', 0, 0),
(1787, 129, 12, 266, 'F', 1, 1, 3, 0, 6, '00:15:-1', 0, 0),
(1788, 129, 12, 277, 'D', 0, 0, 0, 0, 4, '00:15:-1', 0, 0),
(1789, 129, 12, 281, 'D', 0, 0, 0, 0, 3, '00:15:-1', 0, 0),
(1790, 129, 3, 43, 'G', 2, 0, 8, 0, 0, '00:15:-1', 0, 0),
(1791, 129, 3, 46, 'F', 1, 1, 5, 0, 2, '00:15:-1', 0, 0),
(1792, 129, 3, 47, 'F', 0, 0, 0, 0, 3, '00:15:-1', 0, 0),
(1793, 129, 3, 55, 'F', 2, 0, 4, 0, 7, '00:15:-1', 0, 0),
(1794, 129, 3, 61, 'D', 0, 0, 1, 0, 1, '00:15:-1', 0, 0),
(1795, 129, 3, 62, 'D', 0, 1, 1, 0, 4, '00:15:-1', 0, 0),
(1796, 130, 26, 609, 'G', 2, 0, 8, 0, 0, '00:15:-1', 0, 0),
(1797, 130, 26, 611, 'F', 1, 0, 2, 0, 2, '00:15:-1', 0, 0),
(1798, 130, 26, 621, 'F', 2, 1, 7, 0, 9, '00:15:-1', 0, 0),
(1799, 130, 26, 622, 'F', 1, 2, 3, 0, 5, '00:15:-1', 0, 0),
(1800, 130, 26, 626, 'D', 0, 1, 0, 0, 4, '00:13:13', 0, 0),
(1801, 130, 26, 627, 'D', 0, 1, 1, 0, 5, '00:15:-1', 0, 0),
(1802, 130, 26, 629, 'D', 0, 0, 0, 0, 0, '00:1:44', 0, 0),
(1803, 130, 12, 260, 'G', 4, 0, 13, 0, 0, '00:15:-1', 0, 0),
(1804, 130, 12, 262, 'F', 0, 0, 2, 0, 2, '00:15:-1', 0, 0),
(1805, 130, 12, 263, 'F', 2, 0, 4, 0, 4, '00:15:-1', 0, 0),
(1806, 130, 12, 264, 'F', 0, 1, 1, 0, 3, '00:15:-1', 0, 0),
(1807, 130, 12, 276, 'D', 0, 0, 1, 0, 5, '00:15:-1', 0, 0),
(1808, 130, 12, 281, 'D', 0, 0, 0, 0, 6, '00:15:-1', 0, 0),
(1809, 131, 26, 609, 'G', 5, 0, 13, 0, 0, '00:15:0', 0, 0),
(1810, 131, 26, 611, 'F', 3, 2, 7, 0, 3, '00:15:0', 0, 0),
(1811, 131, 26, 612, 'F', 0, 1, 1, 0, 2, '00:15:0', 0, 0),
(1812, 131, 26, 621, 'F', 3, 1, 5, 0, 4, '00:15:0', 0, 0),
(1813, 131, 26, 626, 'D', 1, 1, 2, 0, 4, '00:15:0', 0, 0),
(1814, 131, 26, 627, 'D', 0, 1, 1, 0, 6, '00:15:0', 0, 0),
(1815, 131, 3, 43, 'G', 7, 0, 16, 0, 0, '00:15:0', 0, 0),
(1816, 131, 3, 46, 'F', 0, 3, 6, 0, 3, '00:15:0', 0, 0),
(1817, 131, 3, 47, 'F', 0, 1, 0, 0, 7, '00:15:0', 0, 0),
(1818, 131, 3, 55, 'F', 4, 0, 5, 0, 6, '00:15:0', 0, 0),
(1819, 131, 3, 61, 'D', 1, 0, 2, 0, 4, '00:15:0', 0, 0),
(1820, 131, 3, 62, 'D', 0, 2, 0, 0, 4, '00:15:0', 0, 0),
(1821, 132, 26, 609, 'G', 3, 0, 6, 0, 0, '00:9:37', 0, 0),
(1822, 132, 26, 611, 'F', 1, 1, 2, 0, 6, '00:10:-1', 0, 0),
(1823, 132, 26, 617, 'F', 0, 0, 0, 0, 0, '00:0:20', 0, 0),
(1824, 132, 26, 621, 'F', 1, 1, 5, 0, 5, '00:8:54', 0, 0),
(1825, 132, 26, 622, 'F', 1, 0, 2, 0, 1, '00:10:-1', 0, 0),
(1826, 132, 26, 626, 'D', 0, 1, 0, 2, 3, '00:8:54', 0, 0),
(1827, 132, 26, 627, 'D', 0, 0, 0, 0, 2, '00:10:-1', 0, 0),
(1828, 132, 26, 629, 'D', 0, 0, 0, 0, 0, '00:1:3', 0, 0),
(1829, 132, 3, 43, 'G', 3, 1, 9, 0, 0, '00:10:-1', 0, 0),
(1830, 132, 3, 46, 'F', 1, 0, 2, 0, 3, '00:10:-1', 0, 0),
(1831, 132, 3, 47, 'F', 0, 1, 0, 0, 2, '00:10:-1', 0, 0),
(1832, 132, 3, 55, 'F', 2, 0, 4, 0, 3, '00:10:-1', 0, 0),
(1833, 132, 3, 61, 'D', 1, 0, 1, 0, 2, '00:10:-1', 0, 0),
(1834, 132, 3, 62, 'D', 0, 0, 0, 0, 2, '00:10:-1', 0, 0),
(1835, 133, 3, 43, 'G', 0, 0, 2, 0, 0, '00:4:55', 0, 0),
(1836, 133, 3, 46, 'F', 0, 0, 0, 0, 0, '00:5:-2', 0, 0),
(1837, 133, 3, 47, 'F', 0, 0, 0, 0, 0, '00:5:-2', 0, 0),
(1838, 133, 3, 48, 'F', 0, 0, 0, 0, 0, '00:0:1', 0, 0),
(1839, 133, 3, 55, 'F', 1, 0, 3, 0, 1, '00:5:-2', 0, 0),
(1840, 133, 3, 61, 'D', 0, 0, 0, 0, 1, '00:5:-2', 0, 0),
(1841, 133, 3, 62, 'D', 0, 0, 0, 0, 1, '00:5:-2', 0, 0),
(1842, 133, 26, 609, 'G', 0, 0, 2, 0, 0, '00:4:48', 0, 0),
(1843, 133, 26, 611, 'F', 0, 0, 0, 0, 1, '00:4:3', 0, 0),
(1844, 133, 26, 612, 'F', 0, 0, 0, 2, 1, '00:4:3', 0, 0),
(1845, 133, 26, 617, 'F', 0, 0, 0, 0, 0, '00:0:8', 0, 0),
(1846, 133, 26, 621, 'F', 0, 0, 2, 0, 0, '00:5:-2', 0, 0),
(1847, 133, 26, 622, 'F', 0, 0, 0, 0, 0, '00:0:53', 0, 0),
(1848, 133, 26, 626, 'D', 0, 0, 0, 0, 2, '00:5:-2', 0, 0),
(1849, 133, 26, 627, 'D', 0, 0, 0, 0, 2, '00:5:-2', 0, 0),
(1850, 134, 3, 43, 'G', 3, 2, 14, 0, 0, '00:15:-1', 0, 0),
(1851, 134, 3, 46, 'F', 1, 1, 1, 0, 1, '00:15:-1', 0, 0),
(1852, 134, 3, 47, 'F', 0, 3, 1, 0, 0, '00:15:-1', 0, 0),
(1853, 134, 3, 55, 'F', 3, 0, 7, 2, 3, '00:13:0', 0, 0),
(1854, 134, 3, 61, 'D', 0, 0, 0, 0, 7, '00:15:-1', 0, 0),
(1855, 134, 3, 62, 'D', 0, 0, 0, 0, 1, '00:15:-1', 0, 0),
(1856, 134, 26, 609, 'G', 4, 0, 9, 0, 0, '00:15:-1', 0, 0),
(1857, 134, 26, 611, 'F', 2, 0, 4, 0, 9, '00:15:-1', 0, 0),
(1858, 134, 26, 621, 'F', 1, 0, 4, 0, 2, '00:15:-1', 0, 0),
(1859, 134, 26, 622, 'F', 0, 1, 1, 0, 2, '00:15:-1', 0, 0),
(1860, 134, 26, 626, 'D', 0, 1, 4, 0, 3, '00:15:-1', 0, 0),
(1861, 134, 26, 627, 'D', 0, 1, 1, 0, 4, '00:15:-1', 0, 0),
(1862, 135, 22, 510, 'G', 6, 0, 12, 0, 0, '00:14:52', 0, 0),
(1863, 135, 22, 512, 'G', 1, 2, 5, 0, 2, '00:15:9', 0, 0),
(1864, 135, 22, 513, 'F', 3, 0, 6, 0, 4, '00:15:9', 0, 0),
(1865, 135, 22, 514, 'F', 0, 2, 3, 0, 3, '00:13:1', 0, 0),
(1866, 135, 22, 515, 'F', 0, 0, 0, 0, 0, '00:0:15', 0, 0),
(1867, 135, 22, 518, 'F', 0, 3, 1, 0, 4, '00:15:9', 0, 0),
(1868, 135, 22, 519, 'F', 1, 0, 3, 2, 5, '00:13:10', 0, 0),
(1869, 135, 22, 521, 'F', 0, 1, 0, 0, 1, '00:2:6', 0, 0),
(1870, 135, 9, 193, 'G', 5, 4, 18, 0, 0, '00:15:9', 0, 0),
(1871, 135, 9, 195, 'F', 2, 1, 4, 2, 5, '00:10:6', 0, 0),
(1872, 135, 9, 196, 'F', 3, 2, 6, 0, 6, '00:13:1', 0, 0),
(1873, 135, 9, 197, 'F', 1, 0, 2, 0, 6, '00:13:0', 0, 0),
(1874, 135, 9, 199, 'F', 0, 0, 0, 0, 2, '00:3:2', 0, 0),
(1875, 135, 9, 201, 'F', 0, 0, 0, 2, 4, '00:13:10', 0, 0),
(1876, 135, 9, 202, 'F', 0, 0, 0, 2, 6, '00:13:10', 0, 0),
(1877, 135, 9, 203, 'F', 0, 0, 0, 0, 5, '00:2:7', 0, 0),
(1878, 135, 9, 204, 'D', 0, 0, 0, 0, 2, '00:2:6', 0, 0),
(1990, 143, 10, 210, 'G', 5, 0, 10, 0, 0, '00:14:43', 0, 0),
(1991, 143, 10, 213, 'F', 0, 0, 0, 0, 0, '00:0:0', 0, 0),
(1992, 143, 10, 214, 'F', 0, 0, 0, 2, 1, '00:13:0', 0, 0),
(1993, 143, 10, 218, 'F', 1, 0, 4, 0, 5, '00:15:-1', 0, 0),
(1994, 143, 10, 223, 'F', 0, 1, 3, 0, 4, '00:15:-1', 0, 0),
(1995, 143, 10, 224, 'F', 0, 1, 0, 0, 0, '00:0:12', 0, 0),
(1996, 143, 10, 228, 'D', 1, 0, 2, 0, 7, '00:15:-1', 0, 0),
(1997, 143, 10, 230, 'D', 0, 0, 0, 0, 3, '00:15:-1', 0, 0),
(1998, 143, 2, 18, 'G', 2, 1, 9, 0, 0, '00:15:-1', 0, 0),
(1999, 143, 2, 20, 'F', 3, 1, 5, 2, 5, '00:13:0', 0, 0),
(2000, 143, 2, 23, 'F', 0, 0, 0, 0, 0, '00:2:28', 0, 0),
(2001, 143, 2, 24, 'F', 2, 1, 4, 0, 8, '00:12:38', 0, 0),
(2002, 143, 2, 29, 'F', 0, 1, 1, 0, 3, '00:12:29', 0, 0),
(2003, 143, 2, 35, 'D', 0, 0, 0, 2, 9, '00:13:0', 0, 0),
(2004, 143, 2, 36, 'D', 0, 2, 0, 0, 5, '00:15:-1', 0, 0),
(2005, 143, 2, 37, 'D', 0, 0, 0, 0, 0, '00:2:19', 0, 0),
(2053, 147, 10, 210, 'G', 3, 0, 7, 0, 0, '00:14:35', 0, 0),
(2054, 147, 10, 213, 'F', 0, 0, 0, 0, 0, '00:0:23', 0, 0),
(2055, 147, 10, 214, 'F', 1, 0, 1, 0, 4, '00:14:19', 0, 0),
(2056, 147, 10, 218, 'F', 1, 1, 7, 0, 1, '00:13:20', 0, 0),
(2057, 147, 10, 223, 'F', 1, 1, 3, 2, 4, '00:13:1', 0, 0),
(2058, 147, 10, 228, 'D', 0, 3, 0, 0, 5, '00:15:0', 0, 0),
(2059, 147, 10, 229, 'D', 0, 0, 0, 0, 0, '00:2:19', 0, 0),
(2060, 147, 10, 230, 'D', 2, 0, 2, 2, 3, '00:13:1', 0, 0),
(2061, 147, 2, 18, 'G', 5, 0, 13, 0, 0, '00:15:0', 0, 0),
(2062, 147, 2, 20, 'F', 0, 1, 0, 0, 5, '00:15:0', 0, 0),
(2063, 147, 2, 24, 'F', 1, 1, 4, 4, 8, '00:12:18', 0, 0),
(2064, 147, 2, 29, 'F', 2, 1, 2, 2, 3, '00:14:23', 0, 0),
(2065, 147, 2, 35, 'D', 0, 1, 1, 0, 8, '00:12:28', 0, 0),
(2066, 147, 2, 36, 'D', 0, 1, 0, 2, 7, '00:14:9', 0, 0),
(2067, 147, 2, 37, 'D', 0, 0, 0, 0, 0, '00:0:49', 0, 0),
(2068, 147, 2, 39, 'D', 0, 0, 0, 0, 0, '00:2:30', 0, 0),
(2117, 151, 10, 210, 'G', 3, 2, 9, 0, 0, '00:15:0', 0, 0),
(2118, 151, 10, 214, 'F', 0, 0, 2, 0, 2, '00:15:0', 0, 0),
(2119, 151, 10, 218, 'F', 3, 2, 8, 0, 11, '00:15:0', 0, 0),
(2120, 151, 10, 223, 'F', 3, 1, 3, 2, 6, '00:13:1', 0, 0),
(2121, 151, 10, 228, 'D', 0, 2, 1, 0, 6, '00:15:0', 0, 0),
(2122, 151, 10, 230, 'D', 0, 1, 0, 0, 5, '00:15:0', 0, 0),
(2123, 151, 2, 18, 'G', 6, 1, 14, 0, 0, '00:15:-1', 0, 0),
(2124, 151, 2, 20, 'F', 0, 0, 2, 0, 2, '00:15:0', 0, 0),
(2125, 151, 2, 24, 'F', 1, 1, 4, 0, 8, '00:12:23', 0, 0),
(2126, 151, 2, 25, 'F', 0, 0, 0, 0, 0, '00:0:-1', 0, 0),
(2127, 151, 2, 29, 'F', 2, 0, 2, 2, 4, '00:13:8', 0, 0),
(2128, 151, 2, 35, 'D', 0, 1, 0, 2, 9, '00:14:12', 0, 0),
(2129, 151, 2, 36, 'D', 0, 2, 1, 2, 6, '00:13:1', 0, 0),
(2130, 151, 2, 37, 'D', 0, 0, 0, 0, 0, '00:2:35', 0, 0),
(2131, 151, 2, 38, 'D', 0, 0, 0, 0, 0, '00:0:46', 0, 0),
(2149, 153, 10, 210, 'G', 5, 0, 10, 0, 0, '00:14:43', 0, 0),
(2150, 153, 10, 213, 'F', 0, 0, 0, 0, 0, '00:0:0', 0, 0),
(2151, 153, 10, 214, 'F', 0, 0, 0, 2, 1, '00:13:0', 0, 0),
(2152, 153, 10, 218, 'F', 1, 0, 4, 0, 5, '00:15:-1', 0, 0),
(2153, 153, 10, 223, 'F', 0, 1, 3, 0, 4, '00:15:-1', 0, 0),
(2154, 153, 10, 224, 'F', 0, 1, 0, 0, 0, '00:0:12', 0, 0),
(2155, 153, 10, 228, 'D', 1, 0, 2, 0, 7, '00:15:-1', 0, 0),
(2156, 153, 10, 230, 'D', 0, 0, 0, 0, 3, '00:15:-1', 0, 0),
(2157, 153, 2, 18, 'G', 2, 1, 9, 0, 0, '00:15:-1', 0, 0),
(2158, 153, 2, 20, 'F', 3, 1, 5, 2, 5, '00:13:0', 0, 0),
(2159, 153, 2, 23, 'F', 0, 0, 0, 0, 0, '00:2:28', 0, 0),
(2160, 153, 2, 24, 'F', 2, 1, 4, 0, 8, '00:12:38', 0, 0),
(2161, 153, 2, 29, 'F', 0, 1, 1, 0, 3, '00:12:29', 0, 0),
(2162, 153, 2, 35, 'D', 0, 0, 0, 2, 9, '00:13:0', 0, 0),
(2163, 153, 2, 36, 'D', 0, 2, 0, 0, 5, '00:15:-1', 0, 0),
(2164, 153, 2, 37, 'D', 0, 0, 0, 0, 0, '00:2:19', 0, 0),
(2182, 155, 8, 168, 'G', 2, 0, 11, 0, 0, '00:14:37', 0, 0),
(2183, 155, 8, 170, 'F', 0, 0, 0, 0, 0, '00:0:21', 0, 0),
(2184, 155, 8, 173, 'F', 2, 0, 2, 2, 4, '00:10:10', 0, 0),
(2185, 155, 8, 177, 'F', 0, 2, 3, 0, 2, '00:13:12', 0, 0),
(2186, 155, 8, 182, 'F', 2, 1, 7, 0, 2, '00:15:0', 0, 0),
(2187, 155, 8, 185, 'D', 0, 0, 1, 2, 8, '00:13:1', 0, 0),
(2188, 155, 8, 186, 'D', 1, 0, 3, 2, 2, '00:13:12', 0, 0),
(2189, 155, 8, 187, 'D', 0, 0, 0, 0, 2, '00:2:49', 0, 0),
(2190, 155, 8, 188, 'D', 0, 0, 0, 0, 2, '00:1:46', 0, 0),
(2191, 155, 10, 210, 'G', 5, 0, 16, 0, 0, '00:15:0', 0, 0),
(2192, 155, 10, 214, 'F', 0, 1, 1, 0, 5, '00:12:46', 0, 0),
(2193, 155, 10, 218, 'F', 1, 0, 5, 2, 6, '00:14:20', 0, 0),
(2194, 155, 10, 223, 'F', 1, 1, 4, 0, 4, '00:15:0', 0, 0),
(2195, 155, 10, 228, 'D', 0, 0, 0, 2, 7, '00:13:1', 0, 0),
(2196, 155, 10, 229, 'D', 0, 1, 1, 0, 5, '00:14:46', 0, 0),
(2197, 155, 10, 230, 'D', 0, 0, 0, 0, 0, '00:0:12', 0, 0),
(2198, 155, 10, 233, 'D', 0, 0, 0, 0, 0, '00:2:12', 0, 0),
(2214, 157, 8, 168, 'G', 2, 0, 6, 0, 0, '00:15:12', 0, 0),
(2215, 157, 8, 170, 'F', 0, 0, 0, 0, 0, '00:0:-1', 0, 0),
(2216, 157, 8, 173, 'F', 1, 0, 4, 0, 5, '00:13:41', 0, 0),
(2217, 157, 8, 177, 'F', 1, 0, 3, 0, 2, '00:15:13', 0, 0),
(2218, 157, 8, 182, 'F', 1, 1, 4, 0, 2, '00:15:13', 0, 0),
(2219, 157, 8, 185, 'D', 0, 2, 2, 0, 6, '00:15:13', 0, 0),
(2220, 157, 8, 186, 'D', 0, 0, 0, 2, 6, '00:13:41', 0, 0),
(2221, 157, 8, 188, 'D', 0, 1, 0, 0, 0, '00:1:30', 0, 0),
(2222, 157, 10, 210, 'G', 3, 0, 13, 0, 0, '00:15:13', 0, 0),
(2223, 157, 10, 214, 'F', 0, 0, 0, 0, 5, '00:12:16', 0, 0),
(2224, 157, 10, 218, 'F', 0, 0, 2, 0, 3, '00:15:13', 0, 0),
(2225, 157, 10, 223, 'F', 2, 0, 4, 0, 3, '00:15:13', 0, 0),
(2226, 157, 10, 228, 'D', 0, 0, 0, 0, 6, '00:15:13', 0, 0),
(2227, 157, 10, 229, 'D', 0, 0, 0, 0, 1, '00:2:55', 0, 0),
(2228, 157, 10, 230, 'D', 0, 1, 0, 2, 2, '00:13:14', 0, 0),
(2229, 158, 8, 168, 'G', 4, 0, 7, 0, 0, '00:15:40', 0, 0),
(2230, 158, 8, 173, 'F', 0, 1, 2, 0, 6, '00:15:40', 0, 0),
(2231, 158, 8, 177, 'F', 1, 2, 2, 0, 4, '00:15:40', 0, 0),
(2232, 158, 8, 182, 'F', 1, 1, 5, 0, 2, '00:15:40', 0, 0),
(2233, 158, 8, 185, 'D', 1, 0, 3, 0, 8, '00:15:40', 0, 0),
(2234, 158, 8, 186, 'D', 0, 0, 0, 0, 9, '00:15:40', 0, 0),
(2235, 158, 10, 210, 'G', 3, 0, 12, 0, 0, '00:15:40', 0, 0),
(2236, 158, 10, 213, 'F', 0, 0, 0, 0, 0, '00:0:20', 0, 0),
(2237, 158, 10, 214, 'F', 0, 2, 1, 0, 8, '00:12:30', 0, 0),
(2238, 158, 10, 218, 'F', 0, 2, 1, 2, 3, '00:13:41', 0, 0),
(2239, 158, 10, 220, 'F', 0, 0, 0, 0, 2, '00:2:46', 0, 0),
(2240, 158, 10, 223, 'F', 4, 0, 5, 0, 7, '00:15:40', 0, 0),
(2241, 158, 10, 228, 'D', 0, 1, 0, 0, 5, '00:15:40', 0, 0),
(2242, 158, 10, 230, 'D', 0, 1, 0, 0, 4, '00:15:40', 0, 0),
(2243, 159, 10, 210, 'G', 3, 0, 10, 0, 0, '00:15:0', 0, 0),
(2244, 159, 10, 214, 'F', 1, 0, 6, 0, 2, '00:15:0', 0, 0),
(2245, 159, 10, 218, 'F', 0, 0, 0, 2, 0, '00:14:4', 0, 0),
(2246, 159, 10, 223, 'F', 1, 0, 3, 2, 5, '00:13:1', 0, 0),
(2247, 159, 10, 228, 'D', 0, 0, 1, 0, 9, '00:15:0', 0, 0),
(2248, 159, 10, 230, 'D', 0, 0, 0, 0, 7, '00:15:0', 0, 0),
(2249, 159, 8, 168, 'G', 2, 2, 10, 0, 0, '00:14:57', 0, 0),
(2250, 159, 8, 170, 'F', 0, 0, 0, 0, 0, '00:0:1', 0, 0),
(2251, 159, 8, 173, 'F', 2, 0, 3, 0, 5, '00:15:0', 0, 0),
(2252, 159, 8, 177, 'F', 1, 0, 2, 0, 6, '00:15:0', 0, 0),
(2253, 159, 8, 182, 'F', 0, 0, 5, 0, 5, '00:15:0', 0, 0),
(2254, 159, 8, 185, 'D', 0, 1, 0, 0, 5, '00:15:0', 0, 0),
(2255, 159, 8, 186, 'D', 0, 2, 0, 0, 6, '00:15:0', 0, 0),
(2256, 160, 10, 210, 'G', 5, 1, 16, 0, 0, '00:15:34', 0, 0),
(2257, 160, 10, 213, 'F', 0, 0, 0, 0, 0, '00:0:6', 0, 0),
(2258, 160, 10, 214, 'F', 2, 1, 3, 0, 5, '00:15:42', 0, 0),
(2259, 160, 10, 218, 'F', 0, 1, 3, 0, 2, '00:15:42', 0, 0),
(2260, 160, 10, 223, 'F', 2, 2, 6, 0, 6, '00:15:42', 0, 0),
(2261, 160, 10, 228, 'D', 0, 0, 1, 0, 2, '00:15:42', 0, 0),
(2262, 160, 10, 230, 'D', 0, 1, 0, 0, 7, '00:15:42', 0, 0),
(2263, 160, 11, 236, 'G', 3, 0, 8, 0, 0, '00:6:15', 0, 0),
(2264, 160, 11, 237, 'G', 1, 0, 5, 0, 0, '00:9:25', 0, 0),
(2265, 160, 11, 242, 'F', 0, 2, 8, 0, 3, '00:15:42', 0, 0),
(2266, 160, 11, 243, 'F', 4, 0, 6, 0, 3, '00:15:42', 0, 0),
(2267, 160, 11, 247, 'F', 1, 2, 2, 0, 1, '00:15:42', 0, 0),
(2268, 160, 11, 251, 'D', 0, 1, 0, 0, 6, '00:15:42', 0, 0),
(2269, 160, 11, 253, 'D', 0, 1, 0, 0, 8, '00:15:42', 0, 0),
(2270, 161, 10, 210, 'G', 1, 0, 11, 0, 0, '00:14:45', 0, 0),
(2271, 161, 10, 213, 'F', 0, 0, 0, 0, 0, '00:0:12', 0, 0),
(2272, 161, 10, 214, 'F', 0, 0, 3, 0, 1, '00:15:-1', 0, 0),
(2273, 161, 10, 218, 'F', 2, 1, 5, 0, 1, '00:15:-1', 0, 0),
(2274, 161, 10, 223, 'F', 2, 1, 8, 0, 4, '00:15:-1', 0, 0),
(2275, 161, 10, 228, 'D', 0, 1, 1, 0, 4, '00:15:-1', 0, 0),
(2276, 161, 10, 230, 'D', 0, 1, 0, 0, 5, '00:15:-1', 0, 0),
(2277, 161, 11, 235, 'G', 0, 0, 1, 0, 0, '00:1:18', 0, 0),
(2278, 161, 11, 237, 'G', 4, 0, 16, 0, 0, '00:13:39', 0, 0),
(2279, 161, 11, 242, 'F', 0, 1, 2, 0, 3, '00:11:19', 0, 0),
(2280, 161, 11, 243, 'F', 0, 0, 5, 0, 4, '00:15:-1', 0, 0),
(2281, 161, 11, 247, 'F', 1, 0, 3, 0, 5, '00:11:19', 0, 0),
(2282, 161, 11, 251, 'D', 0, 1, 1, 2, 6, '00:13:0', 0, 0),
(2283, 161, 11, 252, 'D', 0, 0, 0, 0, 3, '00:3:38', 0, 0),
(2284, 161, 11, 253, 'D', 0, 0, 0, 2, 6, '00:13:0', 0, 0),
(2285, 161, 11, 255, 'D', 0, 0, 0, 0, 0, '00:3:38', 0, 0),
(2286, 162, 10, 210, 'G', 1, 0, 5, 0, 0, '00:14:57', 0, 0),
(2287, 162, 10, 213, 'F', 0, 0, 0, 0, 0, '00:0:0', 0, 0),
(2288, 162, 10, 214, 'F', 1, 2, 4, 0, 2, '00:15:-1', 0, 0),
(2289, 162, 10, 218, 'F', 1, 5, 2, 0, 2, '00:15:-1', 0, 0),
(2290, 162, 10, 223, 'F', 6, 0, 10, 0, 7, '00:15:-1', 0, 0),
(2291, 162, 10, 228, 'D', 0, 0, 0, 0, 5, '00:15:-1', 0, 0),
(2292, 162, 10, 230, 'D', 0, 2, 0, 0, 6, '00:15:-1', 0, 0),
(2293, 162, 11, 235, 'G', 3, 0, 6, 0, 0, '00:7:10', 0, 0),
(2294, 162, 11, 236, 'G', 5, 0, 9, 0, 0, '00:7:-1', 0, 0),
(2295, 162, 11, 237, 'G', 0, 0, 1, 0, 0, '00:0:46', 0, 0),
(2296, 162, 11, 242, 'F', 0, 0, 1, 2, 7, '00:13:0', 0, 0),
(2297, 162, 11, 243, 'F', 0, 0, 0, 0, 3, '00:15:-1', 0, 0),
(2298, 162, 11, 247, 'F', 0, 0, 3, 0, 6, '00:15:-1', 0, 0),
(2299, 162, 11, 251, 'D', 1, 0, 1, 0, 11, '00:15:-1', 0, 0),
(2300, 162, 11, 253, 'D', 0, 0, 0, 0, 5, '00:15:-1', 0, 0),
(2301, 163, 11, 235, 'G', 5, 1, 12, 0, 0, '00:16:8', 0, 0),
(2302, 163, 11, 238, 'F', 1, 0, 1, 0, 3, '00:16:12', 0, 0),
(2303, 163, 11, 239, 'F', 0, 0, 0, 0, 0, '00:0:2', 0, 0),
(2304, 163, 11, 243, 'F', 2, 1, 3, 2, 9, '00:13:36', 0, 0),
(2305, 163, 11, 247, 'F', 0, 1, 4, 0, 5, '00:15:45', 0, 0),
(2306, 163, 11, 251, 'D', 0, 0, 1, 2, 7, '00:15:8', 0, 0),
(2307, 163, 11, 252, 'D', 0, 0, 0, 0, 1, '00:1:2', 0, 0),
(2308, 163, 11, 253, 'D', 1, 0, 1, 0, 8, '00:16:12', 0, 0),
(2309, 163, 10, 210, 'G', 4, 0, 10, 0, 0, '00:16:12', 0, 0),
(2310, 163, 10, 214, 'F', 1, 0, 5, 0, 5, '00:16:12', 0, 0),
(2311, 163, 10, 218, 'F', 0, 2, 0, 0, 3, '00:16:12', 0, 0),
(2312, 163, 10, 223, 'F', 4, 1, 5, 0, 9, '00:16:12', 0, 0),
(2313, 163, 10, 228, 'D', 0, 0, 1, 0, 5, '00:16:12', 0, 0),
(2314, 163, 10, 230, 'D', 0, 2, 1, 2, 8, '00:16:12', 0, 0),
(2315, 164, 11, 235, 'G', 2, 0, 4, 0, 0, '00:3:19', 0, 0),
(2316, 164, 11, 236, 'G', 4, 1, 10, 0, 0, '00:11:38', 0, 0),
(2317, 164, 11, 238, 'F', 0, 0, 1, 0, 10, '00:15:-1', 0, 0),
(2318, 164, 11, 242, 'F', 0, 0, 2, 0, 4, '00:15:-1', 0, 0),
(2319, 164, 11, 243, 'F', 1, 0, 3, 0, 4, '00:15:-1', 0, 0),
(2320, 164, 11, 251, 'D', 0, 0, 0, 0, 7, '00:15:-1', 0, 0),
(2321, 164, 11, 253, 'D', 0, 0, 0, 0, 3, '00:15:-1', 0, 0),
(2322, 164, 10, 210, 'G', 1, 0, 6, 0, 0, '00:15:-1', 0, 0),
(2323, 164, 10, 214, 'F', 0, 1, 1, 2, 2, '00:13:0', 0, 0),
(2324, 164, 10, 218, 'F', 1, 0, 5, 0, 3, '00:15:-1', 0, 0),
(2325, 164, 10, 223, 'F', 4, 1, 7, 0, 4, '00:15:-1', 0, 0),
(2326, 164, 10, 228, 'D', 0, 1, 0, 0, 7, '00:15:-1', 0, 0),
(2327, 164, 10, 230, 'D', 1, 0, 1, 0, 1, '00:15:-1', 0, 0),
(2328, 165, 8, 168, 'G', 3, 0, 9, 0, 0, '00:14:19', 0, 0),
(2329, 165, 8, 170, 'F', 1, 0, 2, 0, 2, '00:15:-1', 0, 0),
(2330, 165, 8, 171, 'F', 0, 1, 4, 0, 1, '00:14:29', 0, 0),
(2331, 165, 8, 172, 'F', 1, 0, 1, 0, 1, '00:0:38', 0, 0),
(2332, 165, 8, 173, 'F', 0, 1, 2, 0, 2, '00:15:-1', 0, 0),
(2333, 165, 8, 176, 'F', 0, 0, 0, 2, 4, '00:14:53', 0, 0),
(2334, 165, 8, 177, 'F', 0, 1, 0, 0, 4, '00:15:-1', 0, 0),
(2335, 165, 8, 178, 'F', 0, 0, 0, 0, 0, '00:0:4', 0, 0),
(2336, 165, 8, 179, 'F', 0, 0, 0, 0, 0, '00:0:22', 0, 0),
(2337, 165, 22, 510, 'G', 3, 1, 10, 0, 0, '00:15:-1', 0, 0),
(2338, 165, 22, 512, 'G', 2, 2, 4, 0, 2, '00:15:-1', 0, 0),
(2339, 165, 22, 513, 'F', 1, 1, 3, 0, 3, '00:15:-1', 0, 0),
(2340, 165, 22, 515, 'F', 0, 0, 1, 2, 7, '00:11:26', 0, 0),
(2341, 165, 22, 518, 'F', 0, 0, 1, 2, 3, '00:13:0', 0, 0),
(2342, 165, 22, 519, 'F', 0, 0, 0, 0, 5, '00:15:-1', 0, 0),
(2343, 165, 22, 520, 'F', 0, 1, 0, 0, 1, '00:3:1', 0, 0),
(2344, 166, 10, 210, 'G', 6, 0, 9, 0, 0, '00:15:-1', 0, 0),
(2345, 166, 10, 213, 'F', 0, 0, 0, 0, 1, '00:4:25', 0, 0),
(2346, 166, 10, 214, 'F', 0, 0, 2, 0, 2, '00:10:32', 0, 0),
(2347, 166, 10, 218, 'F', 1, 0, 2, 0, 4, '00:15:-1', 0, 0),
(2348, 166, 10, 223, 'F', 0, 0, 1, 4, 4, '00:11:39', 0, 0),
(2349, 166, 10, 228, 'D', 0, 0, 1, 0, 6, '00:15:-1', 0, 0),
(2350, 166, 10, 230, 'D', 0, 1, 0, 0, 5, '00:15:-1', 0, 0),
(2351, 166, 8, 168, 'G', 1, 1, 6, 0, 0, '00:14:41', 0, 0),
(2352, 166, 8, 170, 'F', 0, 0, 0, 0, 0, '00:0:16', 0, 0),
(2353, 166, 8, 173, 'F', 2, 1, 2, 0, 4, '00:9:51', 0, 0),
(2354, 166, 8, 176, 'F', 0, 0, 0, 0, 0, '00:3:7', 0, 0),
(2355, 166, 8, 177, 'F', 0, 2, 1, 0, 3, '00:12:41', 0, 0),
(2356, 166, 8, 182, 'F', 4, 0, 5, 2, 6, '00:13:0', 0, 0),
(2357, 166, 8, 185, 'D', 0, 1, 0, 2, 6, '00:13:0', 0, 0),
(2358, 166, 8, 186, 'D', 0, 1, 1, 0, 3, '00:15:-1', 0, 0),
(2359, 166, 8, 187, 'D', 0, 0, 0, 2, 1, '00:1:30', 0, 0),
(2360, 166, 8, 190, 'D', 0, 0, 0, 0, 0, '00:0:44', 0, 0),
(2361, 167, 19, 435, 'G', 6, 0, 9, 0, 0, '00:6:50', 0, 0),
(2362, 167, 19, 436, 'G', 2, 0, 7, 0, 0, '00:8:8', 0, 0),
(2363, 167, 19, 437, 'F', 0, 0, 0, 0, 4, '00:15:0', 0, 0),
(2364, 167, 19, 438, 'F', 1, 0, 2, 0, 4, '00:15:0', 0, 0),
(2365, 167, 19, 441, 'F', 0, 0, 1, 0, 1, '00:7:37', 0, 0),
(2366, 167, 19, 448, 'F', 0, 0, 2, 2, 2, '00:6:31', 0, 0),
(2367, 167, 19, 449, 'F', 0, 0, 1, 0, 0, '00:0:45', 0, 0),
(2368, 167, 19, 452, 'D', 0, 1, 0, 0, 10, '00:9:16', 0, 0),
(2369, 167, 19, 453, 'D', 0, 0, 1, 0, 8, '00:15:0', 0, 0),
(2370, 167, 19, 456, 'D', 0, 0, 0, 0, 1, '00:5:42', 0, 0),
(2371, 167, 4, 68, 'G', 1, 0, 7, 0, 0, '00:14:49', 0, 0),
(2372, 167, 4, 71, 'F', 2, 0, 2, 2, 2, '00:6:49', 0, 0),
(2373, 167, 4, 72, 'F', 0, 0, 0, 0, 0, '00:0:45', 0, 0),
(2374, 167, 4, 74, 'F', 2, 2, 4, 0, 3, '00:6:34', 0, 0),
(2375, 167, 4, 75, 'F', 0, 0, 0, 0, 0, '00:0:57', 0, 0),
(2376, 167, 4, 79, 'F', 2, 3, 6, 2, 15, '00:14:13', 0, 0),
(2377, 167, 4, 80, 'F', 0, 2, 1, 0, 3, '00:13:14', 0, 0),
(2378, 167, 4, 83, 'D', 1, 2, 1, 0, 6, '00:15:0', 0, 0),
(2379, 167, 4, 84, 'D', 1, 0, 2, 0, 3, '00:15:0', 0, 0),
(2380, 168, 19, 435, 'G', 4, 2, 23, 0, 0, '00:18:17', 0, 0),
(2381, 168, 19, 437, 'F', 1, 1, 1, 0, 2, '00:18:17', 0, 0),
(2382, 168, 19, 438, 'F', 1, 0, 2, 0, 2, '00:18:17', 0, 0),
(2383, 168, 19, 448, 'F', 1, 0, 3, 0, 3, '00:18:17', 0, 0),
(2384, 168, 19, 452, 'D', 0, 0, 0, 0, 4, '00:18:17', 0, 0),
(2385, 168, 19, 453, 'D', 0, 1, 0, 0, 3, '00:13:55', 0, 0),
(2386, 168, 19, 454, 'D', 0, 0, 0, 0, 3, '00:4:20', 0, 0),
(2387, 168, 4, 68, 'G', 3, 0, 6, 0, 0, '00:18:17', 0, 0),
(2388, 168, 4, 71, 'F', 0, 0, 0, 0, 0, '00:3:16', 0, 0),
(2389, 168, 4, 74, 'F', 3, 0, 4, 0, 3, '00:15:-1', 0, 0),
(2390, 168, 4, 79, 'F', 0, 1, 6, 2, 17, '00:16:18', 0, 0),
(2391, 168, 4, 80, 'F', 1, 2, 9, 2, 6, '00:16:18', 0, 0),
(2392, 168, 4, 83, 'D', 0, 0, 4, 0, 5, '00:18:17', 0, 0),
(2393, 168, 4, 84, 'D', 0, 3, 0, 0, 4, '00:18:17', 0, 0),
(2394, 169, 19, 435, 'G', 2, 2, 5, 0, 0, '00:15:0', 0, 0),
(2395, 169, 19, 438, 'F', 2, 4, 4, 0, 1, '00:15:0', 0, 0),
(2396, 169, 19, 441, 'F', 1, 1, 3, 0, 0, '00:15:0', 0, 0),
(2397, 169, 19, 448, 'F', 4, 2, 7, 0, 3, '00:15:0', 0, 0),
(2398, 169, 19, 452, 'D', 0, 2, 0, 0, 3, '00:11:35', 0, 0),
(2399, 169, 19, 453, 'D', 2, 1, 2, 0, 6, '00:15:0', 0, 0),
(2400, 169, 19, 455, 'D', 0, 1, 1, 0, 0, '00:3:23', 0, 0),
(2401, 169, 4, 68, 'G', 8, 0, 15, 0, 0, '00:13:35', 0, 0),
(2402, 169, 4, 69, 'G', 1, 0, 2, 0, 0, '00:1:23', 0, 0),
(2403, 169, 4, 70, 'F', 0, 0, 0, 0, 3, '00:7:0', 0, 0),
(2404, 169, 4, 71, 'F', 0, 1, 0, 2, 2, '00:6:-2', 0, 0),
(2405, 169, 4, 75, 'F', 0, 0, 0, 0, 0, '00:0:14', 0, 0),
(2406, 169, 4, 79, 'F', 1, 1, 2, 0, 10, '00:15:0', 0, 0),
(2407, 169, 4, 80, 'F', 1, 1, 3, 0, 0, '00:11:39', 0, 0),
(2408, 169, 4, 83, 'D', 0, 0, 0, 2, 5, '00:13:16', 0, 0),
(2409, 169, 4, 84, 'D', 0, 0, 0, 2, 4, '00:12:19', 0, 0),
(2410, 169, 4, 85, 'D', 0, 0, 0, 0, 3, '00:2:39', 0, 0),
(2411, 169, 4, 89, 'D', 0, 0, 0, 0, 1, '00:1:42', 0, 0),
(2412, 170, 4, 68, 'G', 2, 1, 9, 0, 0, '00:15:-1', 0, 0),
(2413, 170, 4, 71, 'F', 2, 1, 4, 0, 3, '00:13:12', 0, 0),
(2414, 170, 4, 74, 'F', 0, 1, 0, 0, 1, '00:1:47', 0, 0),
(2415, 170, 4, 79, 'F', 2, 0, 6, 2, 10, '00:13:1', 0, 0),
(2416, 170, 4, 80, 'F', 0, 0, 1, 4, 2, '00:9:1', 0, 0),
(2417, 170, 4, 83, 'D', 1, 2, 2, 0, 8, '00:15:0', 0, 0),
(2418, 170, 4, 84, 'D', 0, 1, 3, 2, 3, '00:13:1', 0, 0),
(2419, 170, 4, 85, 'D', 0, 0, 0, 0, 0, '00:2:-1', 0, 0),
(2420, 170, 19, 435, 'G', 5, 0, 16, 0, 0, '00:14:52', 0, 0),
(2421, 170, 19, 437, 'F', 0, 0, 0, 0, 3, '00:2:34', 0, 0),
(2422, 170, 19, 438, 'F', 1, 0, 3, 0, 6, '00:10:15', 0, 0),
(2423, 170, 19, 441, 'F', 1, 1, 3, 0, 3, '00:15:0', 0, 0),
(2424, 170, 19, 448, 'F', 0, 0, 2, 4, 3, '00:12:13', 0, 0),
(2425, 170, 19, 451, 'F', 0, 0, 0, 0, 0, '00:0:6', 0, 0),
(2426, 170, 19, 452, 'D', 0, 1, 1, 2, 7, '00:13:1', 0, 0),
(2427, 170, 19, 453, 'D', 0, 1, 0, 0, 5, '00:15:0', 0, 0),
(2428, 170, 19, 455, 'D', 0, 0, 0, 0, 2, '00:2:7', 0, 0),
(2429, 171, 4, 68, 'G', 6, 0, 13, 0, 0, '00:13:17', 0, 0),
(2430, 171, 4, 69, 'G', 1, 0, 2, 0, 0, '00:1:39', 0, 0),
(2431, 171, 4, 71, 'F', 1, 0, 2, 0, 2, '00:7:26', 0, 0),
(2432, 171, 4, 74, 'F', 0, 1, 2, 0, 3, '00:7:34', 0, 0),
(2433, 171, 4, 79, 'F', 2, 1, 6, 0, 24, '00:15:0', 0, 0),
(2434, 171, 4, 80, 'F', 0, 1, 3, 0, 2, '00:11:44', 0, 0),
(2435, 171, 4, 83, 'D', 0, 0, 0, 2, 4, '00:14:33', 0, 0),
(2436, 171, 4, 84, 'D', 0, 0, 0, 4, 7, '00:12:39', 0, 0),
(2437, 171, 4, 85, 'D', 0, 0, 1, 0, 1, '00:2:47', 0, 0),
(2438, 171, 4, 89, 'D', 0, 0, 0, 0, 0, '00:0:25', 0, 0),
(2439, 171, 19, 435, 'G', 3, 2, 14, 0, 0, '00:14:57', 0, 0);
INSERT INTO `playerstats` (`ID`, `GameID`, `TeamID`, `PlayerID`, `Pos`, `G`, `A`, `SOG`, `PIM`, `Chks`, `TOI`, `ChksA`, `PlusMinus`) VALUES
(2440, 171, 19, 437, 'F', 1, 3, 3, 0, 4, '00:15:0', 0, 0),
(2441, 171, 19, 441, 'F', 2, 2, 2, 0, 4, '00:14:48', 0, 0),
(2442, 171, 19, 448, 'F', 3, 2, 6, 0, 0, '00:15:0', 0, 0),
(2443, 171, 19, 451, 'F', 0, 0, 0, 0, 0, '00:0:1', 0, 0),
(2444, 171, 19, 452, 'D', 0, 0, 1, 2, 3, '00:14:48', 0, 0),
(2445, 171, 19, 453, 'D', 1, 1, 3, 0, 10, '00:15:0', 0, 0),
(2446, 171, 19, 455, 'D', 0, 0, 0, 0, 0, '00:0:10', 0, 0),
(2447, 172, 4, 68, 'G', 8, 0, 14, 0, 0, '00:15:0', 0, 0),
(2448, 172, 4, 71, 'F', 0, 0, 0, 0, 0, '00:1:55', 0, 0),
(2449, 172, 4, 74, 'F', 2, 1, 3, 0, 1, '00:13:5', 0, 0),
(2450, 172, 4, 79, 'F', 2, 1, 8, 0, 20, '00:15:1', 0, 0),
(2451, 172, 4, 80, 'F', 1, 1, 2, 0, 4, '00:13:5', 0, 0),
(2452, 172, 4, 83, 'D', 2, 0, 2, 0, 6, '00:15:1', 0, 0),
(2453, 172, 4, 84, 'D', 0, 0, 0, 2, 5, '00:13:5', 0, 0),
(2454, 172, 4, 85, 'D', 0, 0, 0, 0, 1, '00:1:54', 0, 0),
(2455, 172, 19, 435, 'G', 7, 1, 15, 0, 0, '00:15:1', 0, 0),
(2456, 172, 19, 437, 'F', 1, 5, 1, 0, 3, '00:15:1', 0, 0),
(2457, 172, 19, 441, 'F', 3, 1, 4, 2, 1, '00:14:0', 0, 0),
(2458, 172, 19, 448, 'F', 4, 1, 8, 0, 2, '00:15:1', 0, 0),
(2459, 172, 19, 452, 'D', 0, 1, 1, 0, 3, '00:15:1', 0, 0),
(2460, 172, 19, 453, 'D', 0, 0, 0, 0, 2, '00:15:1', 0, 0),
(2461, 173, 19, 435, 'G', 7, 0, 13, 0, 0, '00:15:0', 0, 0),
(2462, 173, 19, 437, 'F', 2, 0, 5, 0, 4, '00:13:34', 0, 0),
(2463, 173, 19, 438, 'F', 0, 0, 0, 2, 4, '00:5:23', 0, 0),
(2464, 173, 19, 441, 'F', 0, 0, 1, 0, 1, '00:5:49', 0, 0),
(2465, 173, 19, 448, 'F', 0, 0, 1, 4, 3, '00:12:9', 0, 0),
(2466, 173, 19, 452, 'D', 0, 1, 1, 2, 6, '00:13:1', 0, 0),
(2467, 173, 19, 453, 'D', 0, 1, 0, 2, 6, '00:13:26', 0, 0),
(2468, 173, 19, 454, 'D', 0, 0, 0, 0, 2, '00:1:32', 0, 0),
(2469, 173, 19, 455, 'D', 0, 0, 0, 0, 2, '00:2:57', 0, 0),
(2470, 173, 4, 68, 'G', 2, 0, 8, 0, 0, '00:15:0', 0, 0),
(2471, 173, 4, 71, 'F', 0, 0, 1, 0, 1, '00:4:45', 0, 0),
(2472, 173, 4, 74, 'F', 1, 0, 1, 2, 1, '00:5:47', 0, 0),
(2473, 173, 4, 79, 'F', 4, 1, 5, 0, 10, '00:15:0', 0, 0),
(2474, 173, 4, 80, 'F', 0, 2, 4, 0, 1, '00:15:0', 0, 0),
(2475, 173, 4, 82, 'F', 0, 0, 0, 0, 0, '00:0:13', 0, 0),
(2476, 173, 4, 83, 'D', 2, 0, 2, 2, 8, '00:13:1', 0, 0),
(2477, 173, 4, 84, 'D', 0, 0, 0, 0, 3, '00:15:0', 0, 0),
(2478, 173, 4, 89, 'D', 0, 0, 0, 0, 0, '00:2:10', 0, 0);

-- --------------------------------------------------------

--
-- Table structure for table `roster`
--

CREATE TABLE IF NOT EXISTS `roster` (
  `ID` int(11) NOT NULL AUTO_INCREMENT,
  `PlayerID` int(3) DEFAULT NULL,
  `First` varchar(8) DEFAULT NULL,
  `Last` varchar(10) DEFAULT NULL,
  `Team` varchar(3) DEFAULT NULL,
  `Pos` varchar(1) DEFAULT NULL,
  `JNo` int(2) DEFAULT NULL,
  `Wgt` int(2) DEFAULT NULL,
  `Agl` int(1) DEFAULT NULL,
  `Spd` int(1) DEFAULT NULL,
  `OfA` int(1) DEFAULT NULL,
  `DfA` int(1) DEFAULT NULL,
  `ShP` int(1) DEFAULT NULL,
  `ChK` int(1) DEFAULT NULL,
  `H/F` int(2) DEFAULT NULL,
  `StH` int(1) DEFAULT NULL,
  `ShA` int(1) DEFAULT NULL,
  `End` int(1) DEFAULT NULL,
  `Rgh` int(1) DEFAULT NULL,
  `Pas` int(1) DEFAULT NULL,
  `Agr` int(1) DEFAULT NULL,
  `TeamID` int(11) NOT NULL,
  PRIMARY KEY (`ID`)
) ENGINE=InnoDB  DEFAULT CHARSET=utf8 AUTO_INCREMENT=685 ;

--
-- Dumping data for table `roster`
--

INSERT INTO `roster` (`ID`, `PlayerID`, `First`, `Last`, `Team`, `Pos`, `JNo`, `Wgt`, `Agl`, `Spd`, `OfA`, `DfA`, `ShP`, `ChK`, `H/F`, `StH`, `ShA`, `End`, `Rgh`, `Pas`, `Agr`, `TeamID`) VALUES
(1, 0, 'Guy', 'Hebert', 'ANH', 'G', 29, 6, 2, 3, 3, 3, 2, 0, 0, 0, 0, 2, 2, 2, 2, 1),
(2, 1, 'Ron', 'Tugnutt', 'ANH', 'G', 1, 2, 2, 3, 3, 3, 1, 0, 0, 0, 0, 1, 1, 1, 2, 1),
(3, 2, 'Steven', 'King', 'ANH', 'F', 27, 7, 2, 2, 3, 2, 2, 1, 3, 2, 3, 3, 4, 2, 2, 1),
(4, 3, 'Troy', 'Loney', 'ANH', 'F', 24, 10, 2, 3, 2, 3, 2, 4, 6, 2, 1, 3, 2, 1, 3, 1),
(5, 4, 'Stu', 'Grimson', 'ANH', 'F', 23, 11, 1, 1, 0, 2, 1, 3, 10, 1, 1, 2, 5, 1, 4, 1),
(6, 5, 'Terry', 'Yake', 'ANH', 'F', 25, 6, 3, 3, 4, 3, 3, 3, 3, 3, 4, 4, 0, 3, 2, 1),
(7, 6, 'Bob', 'Corkum', 'ANH', 'F', 30, 10, 2, 2, 1, 3, 2, 2, 3, 2, 2, 3, 5, 2, 2, 1),
(8, 7, 'Anatoli', 'Semenov', 'ANH', 'F', 20, 7, 3, 3, 3, 4, 3, 2, 0, 3, 3, 4, 0, 3, 2, 1),
(9, 8, 'Lonnie', 'Loach', 'ANH', 'F', 28, 6, 2, 3, 3, 2, 2, 2, 6, 2, 3, 2, 2, 2, 2, 1),
(10, 9, 'Robin', 'Bawa', 'ANH', 'F', 26, 11, 2, 2, 1, 1, 2, 1, 5, 1, 4, 1, 3, 2, 3, 1),
(11, 10, 'Tim', 'Sweeney', 'ANH', 'F', 41, 5, 2, 2, 3, 2, 2, 1, 0, 2, 2, 1, 4, 1, 1, 1),
(12, 11, 'Alexei', 'Kasatonov', 'ANH', 'D', 7, 11, 4, 3, 2, 3, 4, 4, 4, 4, 1, 3, 1, 4, 2, 1),
(13, 12, 'Sean', 'Hill', 'ANH', 'D', 38, 8, 2, 2, 2, 2, 2, 3, 5, 2, 1, 2, 3, 1, 4, 1),
(14, 13, 'Randy', 'Ladouceur', 'ANH', 'D', 39, 11, 3, 3, 1, 3, 1, 2, 4, 2, 1, 3, 5, 1, 4, 1),
(15, 14, 'David', 'Williams', 'ANH', 'D', 3, 8, 2, 2, 2, 2, 2, 2, 5, 2, 0, 2, 2, 1, 3, 1),
(16, 15, 'Bill', 'Houlder', 'ANH', 'D', 33, 11, 3, 2, 3, 3, 2, 3, 4, 2, 2, 2, 4, 2, 1, 1),
(17, 16, 'Bobby', 'Dollas', 'ANH', 'D', 32, 11, 2, 1, 1, 2, 1, 2, 1, 1, 0, 2, 1, 1, 1, 1),
(18, 17, 'Dennis', 'Vial', 'ANH', 'D', 17, 11, 1, 1, 1, 2, 1, 3, 8, 1, 0, 2, 1, 1, 3, 1),
(19, 18, 'Andy', 'Moog', 'BOS', 'G', 35, 4, 4, 4, 2, 2, 4, 0, 0, 0, 0, 4, 3, 4, 3, 2),
(20, 19, 'John', 'Blue', 'BOS', 'G', 39, 6, 3, 4, 5, 5, 3, 0, 0, 0, 0, 4, 3, 4, 3, 2),
(21, 20, 'Adam', 'Oates', 'BOS', 'F', 12, 7, 5, 4, 6, 5, 3, 3, 1, 5, 4, 5, 0, 6, 1, 2),
(22, 21, 'Dave', 'Poulin', 'BOS', 'F', 19, 7, 4, 3, 3, 4, 3, 4, 4, 3, 3, 4, 1, 4, 2, 2),
(23, 22, 'Vladimir', 'Ruzicka', 'BOS', 'F', 38, 10, 4, 4, 3, 3, 4, 2, 6, 4, 3, 3, 3, 3, 2, 2),
(24, 23, 'Ted', 'Donato', 'BOS', 'F', 21, 4, 3, 4, 3, 4, 3, 3, 0, 3, 3, 3, 3, 3, 2, 2),
(25, 24, 'Joe', 'Juneau', 'BOS', 'F', 49, 5, 4, 4, 4, 3, 4, 2, 0, 4, 3, 4, 0, 4, 1, 2),
(26, 25, 'Dmitri', 'Kvartalnov', 'BOS', 'F', 10, 6, 4, 4, 4, 2, 3, 2, 0, 4, 3, 4, 2, 4, 1, 2),
(27, 26, 'Dave', 'Reid', 'BOS', 'F', 17, 9, 2, 3, 3, 3, 3, 1, 4, 2, 4, 4, 4, 2, 0, 2),
(28, 27, 'Gregori', 'Pantaleyev', 'BOS', 'F', 13, 6, 4, 4, 2, 2, 2, 1, 2, 3, 3, 2, 4, 3, 1, 2),
(29, 28, 'Brent', 'Hughes', 'BOS', 'F', 42, 6, 3, 3, 1, 3, 2, 3, 6, 3, 2, 2, 5, 3, 4, 2),
(30, 29, 'Cam', 'Neely', 'BOS', 'F', 8, 10, 4, 4, 5, 4, 4, 4, 9, 4, 5, 5, 3, 4, 4, 2),
(31, 30, 'Stephen', 'Leach', 'BOS', 'F', 27, 6, 3, 3, 3, 3, 3, 3, 7, 3, 2, 4, 5, 3, 3, 2),
(32, 31, 'Stephen', 'Heinze', 'BOS', 'F', 23, 6, 3, 3, 3, 3, 3, 3, 3, 3, 3, 3, 5, 3, 1, 2),
(33, 32, 'C.J.', 'Young', 'BOS', 'F', 18, 6, 3, 3, 2, 2, 3, 2, 5, 3, 3, 2, 3, 2, 2, 2),
(34, 33, 'Darin', 'Kimble', 'BOS', 'F', 29, 9, 1, 1, 2, 1, 1, 2, 9, 2, 4, 1, 3, 1, 5, 2),
(35, 34, 'Peter', 'Douris', 'BOS', 'F', 16, 8, 3, 4, 3, 3, 3, 2, 5, 3, 3, 2, 4, 2, 1, 2),
(36, 35, 'Ray', 'Bourque', 'BOS', 'D', 77, 10, 5, 4, 4, 6, 5, 6, 0, 5, 5, 6, 2, 5, 2, 2),
(37, 36, 'Don', 'Sweeney', 'BOS', 'D', 32, 4, 4, 4, 3, 4, 4, 4, 4, 4, 1, 4, 1, 4, 2, 2),
(38, 37, 'Glen', 'Wesley', 'BOS', 'D', 26, 8, 5, 4, 3, 4, 4, 3, 6, 4, 1, 4, 4, 4, 2, 2),
(39, 38, 'David', 'Shaw', 'BOS', 'D', 34, 9, 2, 2, 2, 4, 2, 3, 3, 2, 2, 4, 5, 2, 3, 2),
(40, 39, 'Gord', 'Murphy', 'BOS', 'D', 28, 8, 5, 4, 2, 3, 4, 4, 9, 3, 1, 3, 3, 3, 3, 2),
(41, 40, 'Gordie', 'Roberts', 'BOS', 'D', 14, 7, 3, 2, 2, 3, 1, 3, 4, 2, 3, 3, 0, 2, 3, 2),
(42, 41, 'Glen', 'Feathrston', 'BOS', 'D', 6, 11, 3, 3, 2, 2, 2, 4, 8, 2, 3, 2, 3, 2, 4, 2),
(43, 42, 'Jim', 'Wiemer', 'BOS', 'D', 36, 10, 2, 1, 2, 2, 1, 2, 8, 2, 0, 2, 3, 2, 4, 2),
(44, 43, 'Grant', 'Fuhr', 'BUF', 'G', 31, 7, 5, 4, 5, 5, 5, 0, 1, 0, 0, 4, 4, 5, 5, 3),
(45, 44, 'Tom', 'Draper', 'BUF', 'G', 35, 6, 2, 3, 3, 3, 2, 0, 0, 0, 0, 2, 2, 2, 2, 3),
(46, 45, 'Dominik', 'Hasek', 'BUF', 'G', 39, 4, 3, 3, 5, 5, 2, 0, 0, 0, 0, 2, 2, 2, 2, 3),
(47, 46, 'Pat', 'LaFontaine', 'BUF', 'F', 16, 5, 5, 4, 6, 4, 3, 3, 3, 5, 4, 6, 0, 5, 2, 3),
(48, 47, 'Dale', 'Hawerchuk', 'BUF', 'F', 10, 6, 5, 4, 4, 4, 3, 2, 0, 5, 1, 3, 0, 5, 2, 3),
(49, 48, 'Bob', 'Sweeney', 'BUF', 'F', 20, 9, 4, 2, 3, 5, 3, 4, 7, 3, 4, 4, 2, 3, 3, 3),
(50, 49, 'Dave', 'Hannan', 'BUF', 'F', 14, 6, 2, 2, 2, 3, 2, 2, 6, 2, 3, 2, 0, 2, 2, 3),
(51, 50, 'Randy', 'Wood', 'BUF', 'F', 19, 8, 1, 5, 3, 3, 2, 3, 6, 2, 2, 3, 4, 2, 3, 3),
(52, 51, 'Yuri', 'Khmylev', 'BUF', 'F', 13, 7, 4, 3, 3, 4, 4, 3, 1, 3, 4, 3, 3, 3, 2, 3),
(53, 52, 'Brad', 'May', 'BUF', 'F', 27, 9, 2, 2, 2, 2, 2, 3, 10, 2, 3, 2, 5, 1, 4, 3),
(54, 53, 'Bob', 'Errey', 'BUF', 'F', 12, 6, 4, 4, 2, 4, 2, 4, 4, 3, 2, 4, 5, 2, 3, 3),
(55, 54, 'Rob', 'Ray', 'BUF', 'F', 32, 10, 3, 4, 1, 1, 1, 3, 10, 2, 2, 1, 5, 1, 4, 3),
(56, 55, 'Alexnder', 'Mogilny', 'BUF', 'F', 89, 7, 6, 6, 6, 3, 4, 2, 4, 5, 5, 4, 4, 5, 2, 3),
(57, 56, 'Wayne', 'Presley', 'BUF', 'F', 18, 6, 3, 3, 3, 3, 4, 2, 7, 2, 3, 3, 3, 2, 3, 3),
(58, 57, 'Donald', 'Audette', 'BUF', 'F', 28, 5, 3, 3, 3, 3, 3, 2, 9, 3, 3, 3, 5, 2, 3, 3),
(59, 58, 'Bob', 'Corkum', 'BUF', 'F', 29, 10, 2, 2, 1, 3, 2, 2, 3, 2, 2, 3, 5, 2, 2, 3),
(60, 59, 'Colin', 'Patterson', 'BUF', 'F', 17, 8, 4, 4, 2, 3, 1, 3, 5, 2, 3, 2, 5, 2, 2, 3),
(61, 60, 'Doug', 'Bodger', 'BUF', 'D', 8, 10, 2, 3, 3, 4, 2, 3, 6, 2, 1, 4, 1, 3, 3, 3),
(62, 61, 'Petr', 'Svoboda', 'BUF', 'D', 7, 5, 4, 4, 3, 4, 3, 3, 6, 4, 0, 4, 0, 3, 3, 3),
(63, 62, 'Richard', 'Smehlik', 'BUF', 'D', 42, 10, 3, 3, 3, 4, 3, 4, 4, 3, 1, 3, 0, 3, 2, 3),
(64, 63, 'Ken', 'Sutton', 'BUF', 'D', 41, 8, 2, 2, 2, 4, 2, 1, 4, 1, 2, 3, 2, 3, 2, 3),
(65, 64, 'Grant', 'Ledyard', 'BUF', 'D', 3, 9, 4, 3, 2, 3, 1, 3, 12, 1, 0, 2, 3, 2, 3, 3),
(66, 65, 'Gord', 'Donnelly', 'BUF', 'D', 34, 9, 1, 2, 2, 3, 1, 3, 11, 1, 1, 2, 2, 2, 5, 3),
(67, 66, 'Randy', 'Moller', 'BUF', 'D', 24, 10, 3, 2, 2, 1, 2, 3, 9, 2, 1, 1, 1, 2, 4, 3),
(68, 67, 'Keith', 'Carney', 'BUF', 'D', 6, 9, 2, 3, 2, 1, 2, 3, 6, 2, 2, 1, 4, 2, 4, 3),
(69, 68, 'Mike', 'Vernon', 'CGY', 'G', 30, 4, 3, 4, 4, 4, 4, 0, 0, 0, 0, 4, 4, 3, 3, 4),
(70, 69, 'Jeff', 'Reese', 'CGY', 'G', 35, 4, 2, 3, 4, 4, 2, 0, 0, 0, 0, 2, 2, 3, 3, 4),
(71, 70, 'Joe', 'Nieuwendyk', 'CGY', 'F', 25, 8, 4, 4, 4, 3, 4, 3, 4, 4, 4, 4, 3, 2, 2, 4),
(72, 71, 'Robert', 'Reichel', 'CGY', 'F', 26, 6, 4, 4, 4, 3, 4, 2, 4, 4, 4, 3, 2, 4, 2, 4),
(73, 72, 'Joel', 'Otto', 'CGY', 'F', 29, 11, 4, 3, 3, 5, 2, 5, 7, 3, 4, 4, 1, 2, 4, 4),
(74, 73, 'Brian', 'Skrudland', 'CGY', 'F', 39, 8, 4, 2, 2, 4, 2, 4, 6, 3, 3, 4, 4, 3, 4, 4),
(75, 74, 'Gary', 'Roberts', 'CGY', 'F', 10, 7, 4, 4, 5, 4, 4, 4, 8, 4, 5, 5, 1, 3, 4, 4),
(76, 75, 'Paul', 'Ranheim', 'CGY', 'F', 28, 8, 4, 4, 3, 4, 3, 1, 3, 4, 3, 3, 4, 3, 1, 4),
(77, 76, 'Brent', 'Ashton', 'CGY', 'F', 15, 10, 3, 3, 3, 4, 3, 4, 6, 3, 2, 4, 4, 3, 3, 4),
(78, 77, 'Chris', 'Lindberg', 'CGY', 'F', 11, 7, 3, 4, 2, 3, 2, 2, 4, 3, 3, 2, 3, 2, 1, 4),
(79, 78, 'Craig', 'Berube', 'CGY', 'F', 16, 9, 2, 3, 1, 1, 2, 2, 10, 1, 1, 1, 4, 1, 4, 4),
(80, 79, 'Theoren', 'Fleury', 'CGY', 'F', 14, 3, 5, 5, 4, 5, 4, 4, 7, 4, 3, 6, 1, 3, 3, 4),
(81, 80, 'Sergei', 'Makarov', 'CGY', 'F', 42, 6, 5, 4, 4, 2, 2, 1, 0, 5, 4, 3, 0, 5, 2, 4),
(82, 81, 'Greg', 'Paslawski', 'CGY', 'F', 23, 7, 2, 2, 3, 1, 3, 2, 1, 3, 4, 2, 2, 2, 0, 4),
(83, 82, 'Ronnie', 'Stern', 'CGY', 'F', 22, 8, 2, 2, 2, 1, 2, 3, 7, 2, 3, 1, 3, 2, 4, 4),
(84, 83, 'Gary', 'Suter', 'CGY', 'D', 20, 7, 5, 4, 4, 5, 4, 4, 6, 4, 2, 5, 2, 4, 3, 4),
(85, 84, 'Al', 'MacInnis', 'CGY', 'D', 2, 8, 4, 4, 4, 3, 6, 3, 5, 4, 1, 5, 2, 4, 3, 4),
(86, 85, 'Roger', 'Johansson', 'CGY', 'D', 34, 7, 4, 3, 2, 2, 2, 3, 4, 3, 1, 2, 3, 3, 2, 4),
(87, 86, 'Trent', 'Yawney', 'CGY', 'D', 18, 7, 3, 2, 2, 4, 2, 3, 6, 3, 0, 3, 1, 3, 3, 4),
(88, 87, 'Frank', 'Musil', 'CGY', 'D', 3, 9, 4, 4, 2, 3, 2, 3, 6, 2, 1, 3, 5, 2, 3, 4),
(89, 88, 'Michel', 'Petit', 'CGY', 'D', 7, 9, 3, 3, 2, 3, 4, 3, 9, 4, 1, 3, 3, 3, 3, 4),
(90, 89, 'Kevin', 'Dahl', 'CGY', 'D', 4, 7, 2, 3, 2, 4, 2, 3, 3, 3, 1, 3, 1, 3, 2, 4),
(91, 90, 'Chris', 'Dahlquist', 'CGY', 'D', 5, 8, 3, 3, 1, 4, 3, 3, 4, 3, 1, 3, 5, 2, 3, 4),
(92, 91, 'Alexnder', 'Godynyuk', 'CGY', 'D', 21, 10, 2, 3, 2, 2, 2, 3, 8, 2, 2, 3, 5, 1, 2, 4),
(93, 92, 'Greg', 'Smyth', 'CGY', 'D', 6, 10, 0, 0, 1, 0, 0, 1, 9, 0, 1, 1, 4, 0, 4, 4),
(94, 93, 'Ed', 'Belfour', 'CHI', 'G', 30, 6, 6, 4, 6, 6, 5, 0, 0, 0, 0, 6, 6, 5, 5, 5),
(95, 94, 'Jim', 'Waite', 'CHI', 'G', 29, 6, 3, 3, 3, 3, 2, 0, 0, 0, 0, 2, 2, 3, 3, 5),
(96, 95, 'Jeremy', 'Roenick', 'CHI', 'F', 27, 4, 5, 5, 4, 4, 5, 2, 3, 5, 5, 5, 2, 5, 3, 5),
(97, 96, 'Christan', 'Ruuttu', 'CHI', 'F', 22, 8, 4, 4, 3, 4, 3, 4, 4, 4, 2, 4, 2, 4, 3, 5),
(98, 97, 'Brent', 'Sutter', 'CHI', 'F', 12, 6, 3, 2, 4, 5, 3, 4, 3, 4, 3, 5, 1, 3, 3, 5),
(99, 98, 'Troy', 'Murray', 'CHI', 'F', 19, 8, 4, 3, 2, 4, 2, 4, 3, 3, 1, 3, 5, 3, 3, 5),
(100, 99, 'Michel', 'Goulet', 'CHI', 'F', 16, 8, 4, 3, 3, 3, 2, 2, 6, 3, 5, 3, 3, 1, 2, 5),
(101, 100, 'Stephane', 'Matteau', 'CHI', 'F', 32, 8, 2, 2, 3, 2, 1, 3, 6, 2, 3, 3, 2, 1, 3, 5),
(102, 101, 'Greg', 'Gilbert', 'CHI', 'F', 14, 7, 2, 2, 3, 3, 2, 4, 6, 3, 3, 3, 1, 1, 2, 5),
(103, 102, 'Jocelyn', 'Lemieux', 'CHI', 'F', 26, 9, 3, 4, 3, 3, 4, 2, 6, 2, 2, 2, 2, 1, 3, 5),
(104, 103, 'Stu', 'Grimson', 'CHI', 'F', 23, 11, 1, 1, 0, 2, 1, 3, 10, 1, 1, 2, 5, 1, 4, 5),
(105, 104, 'Steve', 'Larmer', 'CHI', 'F', 28, 7, 4, 4, 4, 6, 4, 4, 4, 4, 4, 6, 3, 4, 2, 5),
(106, 105, 'Dirk', 'Graham', 'CHI', 'F', 33, 8, 4, 3, 3, 5, 3, 4, 7, 3, 2, 4, 5, 3, 4, 5),
(107, 106, 'Brian', 'Noonan', 'CHI', 'F', 10, 7, 3, 3, 3, 3, 4, 3, 3, 4, 3, 4, 5, 3, 3, 5),
(108, 107, 'Dave', 'Christian', 'CHI', 'F', 25, 8, 3, 3, 2, 3, 3, 2, 3, 3, 1, 3, 2, 3, 1, 5),
(109, 108, 'Joe', 'Murphy', 'CHI', 'F', 17, 7, 4, 4, 4, 3, 4, 3, 2, 3, 3, 4, 2, 4, 3, 5),
(110, 109, 'Rob', 'Brown', 'CHI', 'F', 44, 6, 4, 3, 3, 2, 2, 2, 8, 4, 1, 2, 0, 2, 4, 5),
(111, 110, 'Chris', 'Chelios', 'CHI', 'D', 7, 7, 4, 4, 4, 6, 5, 4, 7, 5, 1, 6, 2, 4, 5, 5),
(112, 111, 'Steve', 'Smith', 'CHI', 'D', 5, 11, 4, 4, 3, 4, 4, 4, 6, 4, 1, 5, 2, 4, 4, 5),
(113, 112, 'Bryan', 'Marchment', 'CHI', 'D', 2, 8, 3, 3, 2, 4, 2, 4, 6, 2, 1, 3, 2, 1, 5, 5),
(114, 113, 'Frantsek', 'Kucera', 'CHI', 'D', 6, 9, 2, 2, 2, 4, 3, 1, 3, 2, 1, 3, 4, 2, 2, 5),
(115, 114, 'Craig', 'Muni', 'CHI', 'D', 3, 9, 2, 2, 1, 3, 2, 4, 6, 2, 0, 4, 2, 2, 3, 5),
(116, 115, 'Keith', 'Brown', 'CHI', 'D', 4, 7, 2, 2, 2, 3, 2, 3, 9, 3, 1, 3, 4, 3, 3, 5),
(117, 116, 'Cam', 'Russell', 'CHI', 'D', 8, 5, 3, 3, 1, 3, 2, 3, 4, 3, 1, 3, 5, 2, 4, 5),
(118, 117, 'Adam', 'Bennett', 'CHI', 'D', 47, 9, 2, 2, 1, 1, 1, 2, 5, 2, 0, 1, 4, 1, 2, 5),
(119, 118, 'Jon', 'Casey', 'DAL', 'G', 30, 2, 4, 3, 4, 4, 3, 0, 0, 0, 0, 2, 2, 3, 4, 6),
(120, 119, 'Darcy', 'Wakaluk', 'DAL', 'G', 35, 6, 2, 3, 3, 3, 3, 0, 0, 0, 0, 2, 2, 3, 2, 6),
(121, 120, 'Mike', 'Modano', 'DAL', 'F', 9, 7, 5, 5, 4, 4, 5, 2, 4, 5, 2, 5, 2, 4, 3, 6),
(122, 121, 'Dave', 'Gagner', 'DAL', 'F', 15, 6, 4, 4, 4, 4, 3, 2, 4, 4, 4, 4, 2, 4, 4, 6),
(123, 122, 'Neal', 'Broten', 'DAL', 'F', 7, 4, 4, 4, 3, 5, 3, 3, 0, 3, 2, 4, 3, 4, 1, 6),
(124, 123, 'Brent', 'Gilchrist', 'DAL', 'F', 41, 6, 4, 3, 2, 2, 3, 2, 0, 4, 2, 2, 5, 3, 2, 6),
(125, 124, 'Bobby', 'Smith', 'DAL', 'F', 18, 10, 3, 3, 2, 3, 2, 2, 6, 3, 2, 3, 4, 4, 0, 6),
(126, 125, 'Mike', 'McPhee', 'DAL', 'F', 17, 9, 4, 3, 3, 3, 3, 4, 4, 2, 2, 4, 4, 2, 2, 6),
(127, 126, 'Gaetan', 'Duchesne', 'DAL', 'F', 10, 9, 3, 4, 2, 3, 2, 3, 4, 2, 3, 3, 5, 1, 1, 6),
(128, 127, 'Brian', 'Propp', 'DAL', 'F', 16, 8, 3, 3, 3, 2, 3, 3, 6, 3, 2, 2, 5, 3, 0, 6),
(129, 128, 'Russ', 'Courtnall', 'DAL', 'F', 26, 6, 5, 6, 4, 2, 4, 2, 1, 3, 3, 3, 4, 3, 2, 6),
(130, 129, 'Ulf', 'Dahlen', 'DAL', 'F', 22, 8, 3, 4, 4, 3, 3, 2, 0, 4, 4, 4, 3, 3, 0, 6),
(131, 130, 'Mike', 'Craig', 'DAL', 'F', 20, 6, 3, 3, 3, 3, 3, 3, 7, 4, 3, 3, 2, 2, 3, 6),
(132, 131, 'Trent', 'Klatt', 'DAL', 'F', 29, 9, 2, 2, 3, 1, 2, 1, 5, 2, 1, 1, 1, 2, 2, 6),
(133, 132, 'Shane', 'Churla', 'DAL', 'F', 27, 9, 1, 2, 2, 2, 1, 2, 9, 2, 2, 2, 1, 2, 5, 6),
(134, 133, 'Stewart', 'Gavin', 'DAL', 'F', 12, 7, 3, 3, 2, 2, 1, 2, 0, 2, 2, 2, 5, 1, 3, 6),
(135, 134, 'Mark', 'Tinordi', 'DAL', 'D', 24, 9, 3, 3, 3, 4, 4, 4, 4, 3, 3, 4, 2, 2, 4, 6),
(136, 135, 'Tommy', 'Sjodin', 'DAL', 'D', 33, 6, 4, 3, 3, 3, 4, 2, 1, 3, 1, 3, 3, 3, 1, 6),
(137, 136, 'Jim', 'Johnson', 'DAL', 'D', 6, 7, 2, 3, 2, 4, 2, 3, 6, 3, 1, 4, 1, 4, 3, 6),
(138, 137, 'Derian', 'Hatcher', 'DAL', 'D', 2, 9, 3, 2, 2, 3, 2, 2, 4, 2, 1, 4, 2, 2, 4, 6),
(139, 138, 'Craig', 'Ludwig', 'DAL', 'D', 3, 12, 2, 2, 1, 3, 2, 3, 4, 2, 0, 3, 4, 2, 4, 6),
(140, 139, 'Richard', 'Matvichuk', 'DAL', 'D', 4, 7, 2, 3, 1, 3, 3, 3, 6, 3, 0, 3, 5, 2, 2, 6),
(141, 140, 'Mark', 'Osiecki', 'DAL', 'D', 23, 9, 2, 2, 1, 2, 2, 2, 5, 2, 0, 1, 3, 1, 2, 6),
(142, 141, 'Brad', 'Berry', 'DAL', 'D', 5, 7, 2, 2, 0, 3, 2, 3, 4, 2, 0, 3, 5, 1, 4, 6),
(143, 142, 'Enrico', 'Ciccone', 'DAL', 'D', 39, 9, 1, 1, 0, 2, 2, 2, 8, 2, 0, 3, 5, 2, 5, 6),
(144, 143, 'Tim', 'Cheveldae', 'DET', 'G', 32, 6, 4, 4, 4, 4, 4, 0, 0, 0, 0, 4, 3, 4, 4, 7),
(145, 144, 'Vincent', 'Riendeau', 'DET', 'G', 37, 6, 3, 3, 2, 2, 2, 0, 0, 0, 0, 3, 2, 2, 3, 7),
(146, 145, 'Steve', 'Yzerman', 'DET', 'F', 19, 6, 6, 5, 6, 4, 4, 1, 1, 5, 5, 6, 1, 5, 2, 7),
(147, 146, 'Sergei', 'Fedorov', 'DET', 'F', 91, 7, 5, 4, 4, 4, 4, 3, 2, 5, 4, 4, 1, 5, 3, 7),
(148, 147, 'Dallas', 'Drake', 'DET', 'F', 28, 4, 4, 4, 3, 4, 3, 2, 0, 3, 3, 4, 1, 3, 3, 7),
(149, 148, 'Mike', 'Sillinger', 'DET', 'F', 23, 7, 3, 3, 3, 3, 2, 2, 3, 3, 2, 4, 0, 2, 1, 7),
(150, 149, 'Vachslav', 'Kozlov', 'DET', 'F', 13, 5, 4, 3, 2, 2, 3, 1, 2, 3, 3, 3, 5, 3, 3, 7),
(151, 150, 'Paul', 'Ysebaert', 'DET', 'F', 21, 7, 4, 4, 4, 4, 3, 2, 6, 4, 4, 3, 3, 4, 2, 7),
(152, 151, 'Shawn', 'Burr', 'DET', 'F', 11, 6, 2, 2, 3, 3, 2, 4, 6, 2, 2, 3, 1, 2, 3, 7),
(153, 152, 'Keith', 'Primeau', 'DET', 'F', 55, 11, 3, 3, 3, 4, 3, 1, 6, 2, 4, 3, 1, 2, 4, 7),
(154, 153, 'Gerard', 'Gallant', 'DET', 'F', 17, 6, 2, 2, 3, 3, 3, 4, 6, 3, 3, 3, 1, 3, 4, 7),
(155, 154, 'John', 'Ogrodnick', 'DET', 'F', 25, 9, 3, 3, 3, 3, 3, 3, 2, 3, 4, 2, 1, 3, 0, 7),
(156, 155, 'Dino', 'Ciccarelli', 'DET', 'F', 22, 5, 5, 4, 4, 2, 5, 2, 3, 5, 5, 4, 1, 4, 3, 7),
(157, 156, 'Ray', 'Sheppard', 'DET', 'F', 26, 6, 2, 2, 4, 3, 3, 3, 3, 3, 4, 3, 2, 2, 2, 7),
(158, 157, 'Bob', 'Probert', 'DET', 'F', 24, 11, 4, 3, 3, 3, 3, 4, 10, 2, 2, 4, 2, 3, 5, 7),
(159, 158, 'Sheldon', 'Kennedy', 'DET', 'F', 15, 4, 3, 3, 3, 2, 2, 2, 3, 2, 4, 2, 5, 2, 2, 7),
(160, 159, 'Jim', 'Hiller', 'DET', 'F', 14, 7, 2, 2, 2, 1, 2, 3, 7, 2, 2, 1, 4, 2, 4, 7),
(161, 160, 'Paul', 'Coffey', 'DET', 'D', 77, 9, 6, 5, 4, 3, 4, 2, 4, 6, 1, 5, 1, 5, 3, 7),
(162, 161, 'Steve', 'Chiasson', 'DET', 'D', 3, 9, 4, 3, 4, 4, 4, 3, 6, 4, 1, 4, 2, 3, 4, 7),
(163, 162, 'Yves', 'Racine', 'DET', 'D', 33, 6, 3, 3, 3, 4, 4, 3, 4, 3, 1, 4, 2, 3, 3, 7),
(164, 163, 'Nicklas', 'Lidstrom', 'DET', 'D', 5, 5, 4, 3, 3, 4, 4, 3, 4, 4, 1, 4, 2, 4, 1, 7),
(165, 164, 'Mark', 'Howe', 'DET', 'D', 4, 6, 3, 3, 3, 4, 3, 3, 2, 3, 1, 3, 0, 3, 1, 7),
(166, 165, 'Vladimir', 'Konstantov', 'DET', 'D', 16, 6, 3, 3, 2, 4, 3, 4, 7, 3, 1, 4, 2, 3, 3, 7),
(167, 166, 'Steve', 'Konroyd', 'DET', 'D', 8, 8, 3, 3, 2, 3, 2, 4, 4, 2, 1, 3, 2, 3, 3, 7),
(168, 167, 'Brad', 'McCrimmon', 'DET', 'D', 2, 8, 3, 2, 2, 4, 2, 4, 6, 1, 0, 3, 1, 3, 3, 7),
(169, 168, 'Bill', 'Ranford', 'EDM', 'G', 30, 4, 4, 3, 3, 3, 4, 0, 0, 0, 0, 4, 4, 5, 4, 8),
(170, 169, 'Ron', 'Tugnutt', 'EDM', 'G', 1, 2, 2, 3, 3, 3, 1, 0, 0, 0, 0, 1, 1, 1, 2, 8),
(171, 170, 'Doug', 'Weight', 'EDM', 'F', 39, 6, 3, 3, 3, 4, 3, 3, 4, 4, 3, 3, 1, 3, 2, 8),
(172, 171, 'Todd', 'Elik', 'EDM', 'F', 34, 7, 3, 4, 3, 3, 2, 2, 4, 3, 3, 3, 1, 2, 3, 8),
(173, 172, 'Craig', 'MacTavish', 'EDM', 'F', 14, 8, 4, 3, 2, 4, 2, 4, 4, 3, 2, 5, 2, 2, 3, 8),
(174, 173, 'Kevin', 'Todd', 'EDM', 'F', 15, 5, 3, 4, 3, 3, 3, 3, 6, 3, 2, 3, 3, 3, 2, 8),
(175, 174, 'Shjon', 'Podein', 'EDM', 'F', 26, 9, 2, 2, 3, 2, 2, 2, 6, 2, 4, 2, 5, 1, 2, 8),
(176, 175, 'Mike', 'Hudson', 'EDM', 'F', 20, 9, 3, 3, 2, 4, 2, 4, 8, 2, 0, 3, 2, 3, 3, 8),
(177, 176, 'Shayne', 'Corson', 'EDM', 'F', 9, 9, 4, 4, 3, 4, 3, 4, 6, 4, 2, 4, 2, 3, 4, 8),
(178, 177, 'Craig', 'Simpson', 'EDM', 'F', 18, 8, 3, 3, 4, 3, 4, 2, 3, 4, 5, 3, 1, 3, 2, 8),
(179, 178, 'Zdeno', 'Ciger', 'EDM', 'F', 8, 7, 4, 3, 3, 3, 3, 2, 0, 3, 3, 3, 2, 3, 0, 8),
(180, 179, 'Kelly', 'Buchberger', 'EDM', 'F', 16, 10, 2, 2, 2, 3, 2, 4, 10, 1, 3, 3, 2, 1, 3, 8),
(181, 180, 'Martin', 'Gelinas', 'EDM', 'F', 7, 8, 3, 3, 2, 2, 3, 2, 4, 3, 2, 2, 4, 2, 2, 8),
(182, 181, 'Louie', 'DeBrusk', 'EDM', 'F', 29, 12, 1, 1, 2, 1, 2, 3, 12, 1, 4, 1, 5, 1, 5, 8),
(183, 182, 'Petr', 'Klima', 'EDM', 'F', 85, 7, 5, 5, 3, 2, 4, 1, 3, 5, 5, 4, 5, 3, 3, 8),
(184, 183, 'Scott', 'Mellanby', 'EDM', 'F', 27, 9, 1, 1, 3, 3, 3, 4, 7, 2, 3, 3, 3, 2, 4, 8),
(185, 184, 'Steven', 'Rice', 'EDM', 'F', 12, 11, 2, 2, 2, 1, 2, 1, 3, 2, 1, 1, 2, 2, 3, 8),
(186, 185, 'Dave', 'Manson', 'EDM', 'D', 24, 9, 4, 4, 3, 5, 5, 4, 10, 4, 1, 5, 4, 3, 4, 8),
(187, 186, 'Igor', 'Kravchuk', 'EDM', 'D', 21, 9, 4, 3, 3, 4, 3, 3, 2, 4, 2, 4, 4, 3, 2, 8),
(188, 187, 'Brian', 'Benning', 'EDM', 'D', 19, 8, 2, 2, 3, 4, 3, 3, 6, 2, 2, 4, 2, 3, 4, 8),
(189, 188, 'Geoff', 'Smith', 'EDM', 'D', 25, 9, 4, 3, 2, 3, 1, 1, 4, 3, 1, 3, 2, 3, 1, 8),
(190, 189, 'Brian', 'Glynn', 'EDM', 'D', 6, 11, 3, 3, 2, 3, 4, 3, 4, 2, 1, 4, 3, 2, 3, 8),
(191, 190, 'Luke', 'Richardson', 'EDM', 'D', 22, 11, 3, 3, 1, 3, 2, 4, 6, 3, 0, 2, 4, 3, 4, 8),
(192, 191, 'Chris', 'Joseph', 'EDM', 'D', 2, 10, 3, 3, 3, 1, 3, 3, 5, 3, 1, 1, 2, 3, 3, 8),
(193, 192, 'Brad', 'Werenka', 'EDM', 'D', 36, 9, 3, 3, 2, 2, 3, 2, 6, 3, 3, 2, 5, 2, 3, 8),
(194, 193, 'John', 'Vanbiesbrk', 'FLA', 'G', 34, 5, 3, 4, 5, 5, 3, 0, 0, 0, 0, 3, 4, 3, 4, 9),
(195, 194, 'Mark', 'Fitzpatrik', 'FLA', 'G', 30, 7, 2, 4, 2, 2, 3, 0, 0, 0, 0, 2, 2, 2, 2, 9),
(196, 195, 'Tom', 'Fitzgerald', 'FLA', 'F', 14, 8, 2, 2, 2, 3, 2, 2, 1, 2, 2, 3, 2, 2, 2, 9),
(197, 196, 'Scott', 'Mellanby', 'FLA', 'F', 27, 9, 1, 1, 3, 3, 3, 4, 7, 2, 3, 3, 3, 2, 4, 9),
(198, 197, 'Brian', 'Skrudland', 'FLA', 'F', 39, 8, 4, 2, 2, 4, 2, 4, 6, 3, 3, 4, 4, 3, 4, 9),
(199, 198, 'Mike', 'Hough', 'FLA', 'F', 18, 7, 3, 2, 3, 3, 3, 2, 4, 3, 2, 3, 2, 3, 3, 9),
(200, 199, 'Dave', 'Lowry', 'FLA', 'F', 10, 8, 2, 2, 2, 3, 2, 3, 6, 2, 2, 3, 4, 2, 4, 9),
(201, 200, 'Andrei', 'Lomakin', 'FLA', 'F', 23, 7, 4, 3, 3, 2, 3, 1, 2, 3, 3, 3, 2, 4, 2, 9),
(202, 201, 'Randy', 'Gilhen', 'FLA', 'F', 20, 7, 2, 2, 1, 3, 2, 3, 2, 2, 1, 3, 5, 2, 1, 9),
(203, 202, 'Jesse', 'Belanger', 'FLA', 'F', 29, 4, 1, 2, 3, 1, 2, 2, 0, 2, 2, 1, 4, 2, 1, 9),
(204, 203, 'Bill', 'Lindsay', 'FLA', 'F', 22, 7, 1, 2, 2, 2, 2, 2, 0, 2, 2, 2, 4, 2, 1, 9),
(205, 204, 'Joe', 'Cirella', 'FLA', 'D', 6, 10, 3, 3, 2, 2, 3, 2, 9, 2, 2, 3, 3, 2, 3, 9),
(206, 205, 'Alexnder', 'Godynyuk', 'FLA', 'D', 21, 10, 2, 3, 2, 2, 2, 3, 8, 2, 2, 3, 5, 1, 2, 9),
(207, 206, 'Gord', 'Murphy', 'FLA', 'D', 28, 8, 5, 4, 2, 3, 4, 4, 9, 3, 1, 3, 3, 3, 3, 9),
(208, 207, 'Gord', 'Hynes', 'FLA', 'D', 26, 4, 2, 2, 2, 2, 1, 3, 2, 2, 2, 2, 5, 2, 2, 9),
(209, 208, 'Milan', 'Tichy', 'FLA', 'D', 43, 8, 3, 2, 1, 1, 2, 3, 8, 2, 1, 2, 2, 2, 4, 9),
(210, 209, 'Stephane', 'Richer', 'FLA', 'D', 25, 9, 3, 3, 3, 3, 3, 3, 3, 3, 2, 3, 3, 2, 2, 9),
(211, 210, 'Sean', 'Burke', 'HFD', 'G', 1, 10, 4, 3, 2, 2, 4, 0, 0, 0, 0, 4, 4, 4, 4, 10),
(212, 211, 'Mario', 'Gosselin', 'HFD', 'G', 31, 3, 2, 3, 4, 4, 2, 0, 0, 0, 0, 1, 1, 2, 2, 10),
(213, 212, 'Frank', 'Pietrngelo', 'HFD', 'G', 40, 6, 3, 3, 1, 1, 3, 0, 0, 0, 0, 2, 2, 2, 2, 10),
(214, 213, 'Andrew', 'Cassels', 'HFD', 'F', 21, 7, 3, 3, 4, 4, 2, 2, 0, 3, 4, 4, 0, 3, 2, 10),
(215, 214, 'Terry', 'Yake', 'HFD', 'F', 25, 6, 3, 3, 4, 3, 3, 3, 3, 3, 4, 4, 0, 3, 2, 10),
(216, 215, 'Mikael', 'Nylander', 'HFD', 'F', 36, 5, 4, 3, 3, 2, 3, 2, 2, 3, 2, 3, 1, 3, 2, 10),
(217, 216, 'Robert', 'Kron', 'HFD', 'F', 38, 5, 3, 3, 3, 4, 2, 2, 2, 3, 3, 3, 4, 3, 2, 10),
(218, 217, 'Robert', 'Petrovicky', 'HFD', 'F', 39, 5, 4, 3, 2, 2, 3, 2, 2, 3, 1, 3, 4, 3, 3, 10),
(219, 218, 'Geoff', 'Sanderson', 'HFD', 'F', 8, 6, 4, 4, 4, 3, 4, 2, 0, 4, 4, 4, 3, 3, 1, 10),
(220, 219, 'Patrick', 'Poulin', 'HFD', 'F', 24, 10, 3, 3, 3, 2, 3, 3, 0, 3, 3, 3, 2, 3, 2, 10),
(221, 220, 'Yvon', 'Corriveau', 'HFD', 'F', 11, 8, 2, 2, 2, 3, 2, 3, 8, 1, 2, 3, 3, 1, 1, 10),
(222, 221, 'Jim', 'McKenzie', 'HFD', 'F', 33, 9, 2, 2, 1, 1, 2, 2, 4, 2, 2, 2, 3, 1, 4, 10),
(223, 222, 'Randy', 'Cunnyworth', 'HFD', 'F', 7, 6, 2, 3, 2, 3, 2, 3, 6, 2, 2, 3, 5, 3, 3, 10),
(224, 223, 'Pat', 'Verbeek', 'HFD', 'F', 16, 7, 3, 4, 4, 3, 4, 3, 7, 4, 4, 4, 2, 4, 4, 10),
(225, 224, 'Mark', 'Janssens', 'HFD', 'F', 22, 11, 3, 3, 3, 3, 3, 4, 6, 3, 3, 4, 1, 2, 4, 10),
(226, 225, 'Nick', 'Kypreos', 'HFD', 'F', 20, 8, 2, 2, 2, 2, 1, 3, 6, 2, 4, 3, 4, 1, 5, 10),
(227, 226, 'Mark', 'Greig', 'HFD', 'F', 17, 7, 1, 1, 2, 1, 0, 1, 5, 1, 1, 1, 0, 1, 3, 10),
(228, 227, 'Jamie', 'Leach', 'HFD', 'F', 34, 8, 3, 3, 2, 1, 2, 3, 9, 2, 3, 1, 5, 2, 0, 10),
(229, 228, 'Zarley', 'Zalapski', 'HFD', 'D', 3, 10, 5, 4, 4, 5, 4, 4, 4, 4, 2, 5, 1, 3, 3, 10),
(230, 229, 'Eric', 'Weinrich', 'HFD', 'D', 4, 10, 3, 4, 3, 4, 3, 3, 4, 3, 2, 4, 1, 3, 3, 10),
(231, 230, 'Adam', 'Burt', 'HFD', 'D', 6, 7, 4, 3, 2, 3, 4, 3, 4, 4, 1, 4, 3, 3, 4, 10),
(232, 231, 'Dan', 'Keczmer', 'HFD', 'D', 37, 7, 2, 2, 2, 3, 1, 1, 6, 2, 2, 2, 5, 1, 3, 10),
(233, 232, 'Doug', 'Houda', 'HFD', 'D', 27, 7, 2, 2, 1, 2, 2, 2, 9, 2, 1, 2, 4, 1, 4, 10),
(234, 233, 'Randy', 'Ladouceur', 'HFD', 'D', 29, 11, 3, 3, 1, 3, 1, 2, 4, 2, 1, 3, 5, 1, 4, 10),
(235, 234, 'Allen', 'Pedersen', 'HFD', 'D', 41, 10, 2, 3, 1, 3, 2, 3, 6, 2, 1, 2, 1, 2, 3, 10),
(236, 235, 'Kelly', 'Hrudey', 'LA', 'G', 32, 6, 3, 3, 4, 4, 4, 0, 0, 0, 0, 2, 2, 2, 3, 11),
(237, 236, 'Robb', 'Stauber', 'LA', 'G', 35, 6, 2, 3, 5, 5, 3, 0, 0, 0, 0, 2, 2, 2, 2, 11),
(238, 237, 'Rick', 'Knickle', 'LA', 'G', 1, 2, 2, 3, 3, 3, 2, 0, 0, 0, 0, 2, 2, 2, 1, 11),
(239, 238, 'Wayne', 'Gretzky', 'LA', 'F', 99, 4, 6, 4, 5, 4, 2, 2, 2, 6, 2, 6, 0, 6, 0, 11),
(240, 239, 'Jimmy', 'Carson', 'LA', 'F', 12, 9, 4, 4, 4, 3, 4, 2, 3, 4, 5, 4, 2, 4, 1, 11),
(241, 240, 'Corey', 'Millen', 'LA', 'F', 23, 4, 3, 4, 4, 3, 2, 1, 5, 3, 4, 3, 3, 3, 3, 11),
(242, 241, 'Gary', 'Shuchuk', 'LA', 'F', 14, 6, 2, 2, 2, 0, 1, 2, 3, 2, 2, 0, 3, 2, 2, 11),
(243, 242, 'Luc', 'Robitaille', 'LA', 'F', 20, 7, 4, 4, 5, 3, 4, 2, 4, 5, 6, 5, 2, 4, 3, 11),
(244, 243, 'Tony', 'Granato', 'LA', 'F', 21, 6, 4, 5, 4, 4, 3, 3, 3, 3, 4, 3, 3, 3, 4, 11),
(245, 244, 'Lonnie', 'Loach', 'LA', 'F', 29, 6, 2, 3, 3, 2, 2, 2, 6, 2, 3, 2, 2, 2, 2, 11),
(246, 245, 'Pat', 'Conacher', 'LA', 'F', 15, 7, 2, 2, 2, 2, 2, 2, 4, 2, 3, 2, 4, 3, 1, 11),
(247, 246, 'Warren', 'Rychel', 'LA', 'F', 10, 7, 2, 2, 2, 1, 1, 3, 6, 1, 2, 1, 5, 1, 5, 11),
(248, 247, 'Tomas', 'Sandstrom', 'LA', 'F', 7, 9, 4, 4, 5, 3, 5, 3, 8, 4, 5, 3, 2, 3, 3, 11),
(249, 248, 'Jari', 'Kurri', 'LA', 'F', 17, 8, 4, 3, 4, 4, 4, 2, 1, 4, 3, 4, 1, 3, 2, 11),
(250, 249, 'Mike', 'Donnelly', 'LA', 'F', 11, 6, 4, 4, 4, 3, 2, 3, 4, 2, 3, 4, 3, 3, 2, 11),
(251, 250, 'Dave', 'Taylor', 'LA', 'F', 18, 7, 3, 2, 2, 3, 3, 3, 5, 3, 2, 3, 3, 2, 3, 11),
(252, 251, 'Rob', 'Blake', 'LA', 'D', 4, 11, 4, 4, 4, 4, 4, 3, 3, 4, 1, 4, 3, 4, 4, 11),
(253, 252, 'Marty', 'McSorley', 'LA', 'D', 33, 14, 3, 3, 3, 4, 3, 3, 9, 3, 2, 4, 4, 3, 6, 11),
(254, 253, 'Alexei', 'Zhitnik', 'LA', 'D', 2, 5, 4, 4, 3, 4, 3, 3, 4, 3, 2, 4, 1, 3, 3, 11),
(255, 254, 'Darryl', 'Sydor', 'LA', 'D', 25, 9, 3, 3, 2, 3, 3, 3, 4, 3, 1, 3, 2, 3, 2, 11),
(256, 255, 'Charlie', 'Huddy', 'LA', 'D', 22, 10, 3, 2, 2, 4, 3, 3, 4, 3, 1, 3, 1, 3, 2, 11),
(257, 256, 'Mark', 'Hardy', 'LA', 'D', 24, 8, 3, 3, 2, 3, 1, 3, 6, 2, 0, 2, 1, 2, 3, 11),
(258, 257, 'Brent', 'Thompson', 'LA', 'D', 3, 5, 2, 2, 1, 2, 1, 2, 8, 2, 0, 2, 1, 1, 4, 11),
(259, 258, 'Tim', 'Watters', 'LA', 'D', 5, 6, 2, 2, 1, 2, 1, 2, 6, 2, 0, 2, 1, 2, 2, 11),
(260, 259, 'Rene', 'Chapdlaine', 'LA', 'D', 8, 8, 1, 1, 0, 1, 0, 1, 5, 1, 0, 1, 3, 1, 3, 11),
(261, 260, 'Patrick', 'Roy', 'MTL', 'G', 33, 6, 6, 4, 4, 4, 6, 0, 0, 0, 0, 5, 5, 6, 6, 12),
(262, 261, 'Andre', 'Racicot', 'MTL', 'G', 37, 4, 2, 3, 3, 3, 3, 0, 0, 0, 0, 2, 2, 2, 2, 12),
(263, 262, 'Kirk', 'Muller', 'MTL', 'F', 11, 9, 4, 4, 4, 4, 4, 4, 4, 4, 4, 4, 1, 4, 3, 12),
(264, 263, 'Stephan', 'Lebeau', 'MTL', 'F', 47, 5, 4, 4, 4, 3, 3, 2, 1, 4, 5, 4, 0, 3, 1, 12),
(265, 264, 'Denis', 'Savard', 'MTL', 'F', 18, 5, 5, 4, 4, 3, 3, 2, 3, 5, 3, 3, 0, 4, 3, 12),
(266, 265, 'Guy', 'Carbonneau', 'MTL', 'F', 21, 6, 4, 3, 2, 4, 2, 4, 1, 4, 1, 3, 3, 4, 1, 12),
(267, 266, 'Vincent', 'Damphousse', 'MTL', 'F', 25, 6, 4, 4, 4, 3, 3, 2, 0, 5, 3, 4, 2, 4, 3, 12),
(268, 267, 'Gilbert', 'Dionne', 'MTL', 'F', 45, 8, 3, 4, 3, 3, 3, 2, 4, 3, 3, 3, 2, 3, 2, 12),
(269, 268, 'John', 'Leclair', 'MTL', 'F', 17, 11, 3, 4, 3, 3, 3, 3, 0, 3, 3, 3, 2, 2, 2, 12),
(270, 269, 'Benoit', 'Brunet', 'MTL', 'F', 22, 6, 2, 2, 3, 2, 2, 2, 2, 2, 3, 2, 2, 2, 2, 12),
(271, 270, 'Mario', 'Roberge', 'MTL', 'F', 32, 6, 1, 1, 1, 1, 2, 3, 8, 1, 3, 1, 3, 1, 4, 12),
(272, 271, 'Brian', 'Bellows', 'MTL', 'F', 23, 8, 4, 4, 4, 3, 4, 2, 3, 4, 4, 4, 2, 4, 2, 12),
(273, 272, 'Mike', 'Keane', 'MTL', 'F', 12, 5, 3, 4, 4, 3, 2, 3, 3, 2, 3, 3, 0, 3, 3, 12),
(274, 273, 'Gary', 'Leeman', 'MTL', 'F', 26, 5, 4, 4, 3, 2, 3, 2, 9, 3, 3, 3, 2, 3, 2, 12),
(275, 274, 'Todd', 'Ewen', 'MTL', 'F', 36, 11, 1, 1, 2, 1, 1, 3, 7, 1, 2, 2, 3, 1, 4, 12),
(276, 275, 'Ed', 'Ronan', 'MTL', 'F', 31, 8, 2, 2, 2, 1, 2, 3, 3, 2, 2, 1, 4, 2, 1, 12),
(277, 276, 'Eric', 'Desjardins', 'MTL', 'D', 28, 9, 4, 3, 3, 4, 3, 4, 3, 4, 2, 4, 2, 3, 3, 12),
(278, 277, 'Matt', 'Schneider', 'MTL', 'D', 27, 7, 3, 4, 3, 3, 3, 3, 4, 4, 2, 4, 2, 4, 3, 12),
(279, 278, 'Patrice', 'Brisebois', 'MTL', 'D', 43, 5, 3, 3, 3, 3, 3, 3, 7, 2, 2, 4, 3, 2, 3, 12),
(280, 279, 'Kevin', 'Haller', 'MTL', 'D', 14, 6, 2, 2, 2, 3, 1, 2, 6, 1, 2, 4, 5, 2, 3, 12),
(281, 280, 'Rob', 'Ramage', 'MTL', 'D', 5, 9, 3, 2, 2, 3, 3, 4, 7, 3, 1, 3, 5, 3, 4, 12),
(282, 281, 'J.J.', 'Daigneault', 'MTL', 'D', 48, 6, 4, 3, 2, 4, 4, 3, 4, 3, 2, 4, 4, 2, 2, 12),
(283, 282, 'Lyle', 'Odelein', 'MTL', 'D', 24, 9, 3, 2, 2, 4, 2, 3, 6, 2, 0, 3, 3, 2, 4, 12),
(284, 283, 'Sean', 'Hill', 'MTL', 'D', 38, 8, 2, 2, 2, 2, 2, 3, 5, 2, 1, 2, 3, 1, 4, 12),
(285, 284, 'Donald', 'Dufresne', 'MTL', 'D', 34, 9, 2, 2, 1, 2, 2, 3, 9, 2, 1, 2, 3, 1, 3, 12),
(286, 285, 'Chris', 'Terreri', 'NJ', 'G', 31, 2, 4, 4, 4, 4, 3, 0, 0, 0, 0, 3, 3, 3, 3, 13),
(287, 286, 'Craig', 'Billington', 'NJ', 'G', 1, 4, 3, 4, 2, 2, 1, 0, 0, 0, 0, 2, 2, 2, 2, 13),
(288, 287, 'Alexnder', 'Semak', 'NJ', 'F', 20, 6, 4, 3, 4, 4, 3, 3, 1, 4, 4, 3, 2, 4, 2, 13),
(289, 288, 'Bernie', 'Nicholls', 'NJ', 'F', 19, 6, 3, 3, 4, 3, 3, 1, 3, 4, 2, 3, 0, 4, 3, 13),
(290, 289, 'Peter', 'Stastny', 'NJ', 'F', 26, 9, 4, 3, 3, 4, 3, 3, 0, 4, 4, 3, 2, 4, 1, 13),
(291, 290, 'Janne', 'Ojanen', 'NJ', 'F', 34, 9, 2, 2, 3, 2, 2, 2, 2, 2, 2, 2, 2, 3, 2, 13),
(292, 291, 'Valeri', 'Zelepukin', 'NJ', 'F', 25, 6, 4, 4, 4, 3, 3, 1, 0, 4, 3, 3, 1, 4, 3, 13),
(293, 292, 'John', 'MacLean', 'NJ', 'F', 15, 9, 3, 3, 3, 4, 4, 3, 7, 3, 3, 4, 4, 2, 3, 13),
(294, 293, 'Bobby', 'Holik', 'NJ', 'F', 16, 10, 3, 4, 3, 3, 3, 3, 3, 3, 3, 4, 5, 3, 3, 13),
(295, 294, 'Tom', 'Chorske', 'NJ', 'F', 9, 9, 2, 2, 3, 2, 1, 2, 3, 3, 2, 2, 2, 3, 2, 13),
(296, 295, 'Troy', 'Mallette', 'NJ', 'F', 8, 10, 2, 2, 2, 2, 1, 1, 8, 2, 4, 1, 3, 1, 3, 13),
(297, 296, 'Stephane', 'Richer', 'NJ', 'F', 44, 9, 4, 4, 4, 3, 5, 2, 1, 4, 3, 4, 4, 3, 2, 13),
(298, 297, 'Claude', 'Lemieux', 'NJ', 'F', 22, 11, 4, 4, 4, 3, 4, 3, 7, 3, 2, 4, 3, 3, 4, 13),
(299, 298, 'Bill', 'Guerin', 'NJ', 'F', 12, 9, 2, 2, 3, 2, 3, 2, 3, 3, 3, 2, 3, 2, 3, 13),
(300, 299, 'Randy', 'McKay', 'NJ', 'F', 21, 6, 2, 2, 2, 2, 2, 2, 9, 2, 2, 3, 4, 2, 4, 13),
(301, 300, 'Scott', 'Pellerin', 'NJ', 'F', 18, 6, 2, 3, 3, 3, 2, 2, 6, 2, 3, 2, 2, 2, 3, 13),
(302, 301, 'Dave', 'Barr', 'NJ', 'F', 11, 8, 3, 3, 2, 3, 3, 3, 3, 2, 3, 3, 2, 2, 2, 13),
(303, 302, 'Scott', 'Stevens', 'NJ', 'D', 4, 11, 4, 4, 3, 4, 4, 5, 6, 4, 2, 5, 0, 4, 3, 13),
(304, 303, 'Vachslav', 'Fetisov', 'NJ', 'D', 2, 11, 4, 2, 2, 4, 4, 4, 4, 4, 1, 3, 0, 4, 4, 13),
(305, 304, 'Bruce', 'Driver', 'NJ', 'D', 23, 6, 3, 3, 3, 4, 2, 3, 4, 3, 2, 4, 2, 3, 2, 13),
(306, 305, 'Scott', 'Niedrmayer', 'NJ', 'D', 27, 9, 3, 3, 3, 3, 3, 3, 4, 3, 2, 3, 1, 3, 2, 13),
(307, 306, 'Alexei', 'Kasatonov', 'NJ', 'D', 7, 11, 4, 3, 2, 3, 4, 4, 4, 4, 1, 3, 1, 4, 2, 13),
(308, 307, 'Ken', 'Daneyko', 'NJ', 'D', 3, 10, 2, 2, 1, 4, 1, 4, 6, 2, 0, 4, 4, 1, 4, 13),
(309, 308, 'Tommy', 'Albelin', 'NJ', 'D', 6, 7, 3, 2, 2, 3, 2, 2, 2, 3, 0, 3, 3, 2, 2, 13),
(310, 309, 'Myles', 'O''Connor', 'NJ', 'D', 5, 7, 1, 1, 0, 1, 1, 1, 2, 1, 0, 1, 3, 0, 3, 13),
(311, 310, 'Glenn', 'Healy', 'NYI', 'G', 35, 5, 2, 4, 4, 4, 2, 0, 0, 0, 0, 2, 2, 2, 2, 14),
(312, 311, 'Mark', 'Fitzpatrik', 'NYI', 'G', 30, 7, 2, 4, 2, 2, 3, 0, 0, 0, 0, 2, 2, 2, 2, 14),
(313, 312, 'Pierre', 'Turgeon', 'NYI', 'F', 77, 9, 4, 4, 5, 3, 4, 3, 4, 4, 5, 5, 1, 4, 1, 14),
(314, 313, 'Benoit', 'Hogue', 'NYI', 'F', 33, 7, 4, 5, 4, 3, 3, 2, 4, 4, 5, 4, 1, 4, 3, 14),
(315, 314, 'Marty', 'McInnis', 'NYI', 'F', 18, 4, 3, 3, 3, 2, 2, 2, 3, 3, 3, 3, 0, 2, 2, 14),
(316, 315, 'Travis', 'Green', 'NYI', 'F', 39, 8, 2, 2, 3, 2, 2, 3, 1, 2, 1, 2, 3, 2, 2, 14),
(317, 316, 'Ray', 'Ferraro', 'NYI', 'F', 20, 6, 3, 3, 3, 3, 4, 2, 6, 4, 3, 4, 3, 3, 3, 14),
(318, 317, 'Claude', 'Loiselle', 'NYI', 'F', 10, 8, 3, 2, 2, 1, 1, 3, 8, 3, 3, 1, 5, 2, 4, 14),
(319, 318, 'Steve', 'Thomas', 'NYI', 'F', 32, 6, 4, 4, 4, 3, 3, 4, 4, 3, 3, 4, 2, 4, 3, 14),
(320, 319, 'Derek', 'King', 'NYI', 'F', 27, 9, 3, 2, 4, 3, 4, 1, 4, 4, 5, 4, 2, 2, 2, 14),
(321, 320, 'Dave', 'Volek', 'NYI', 'F', 25, 6, 4, 4, 3, 2, 2, 1, 2, 4, 2, 4, 5, 3, 2, 14),
(322, 321, 'Patrick', 'Flatley', 'NYI', 'F', 26, 8, 3, 2, 4, 3, 2, 3, 3, 4, 2, 4, 0, 4, 2, 14),
(323, 322, 'Brian', 'Mullen', 'NYI', 'F', 16, 6, 3, 3, 3, 3, 3, 2, 4, 3, 3, 4, 5, 3, 1, 14),
(324, 323, 'Brad', 'Dalgarno', 'NYI', 'F', 15, 11, 1, 2, 3, 2, 1, 1, 5, 2, 4, 2, 1, 2, 3, 14),
(325, 324, 'Tom', 'Fitzgerald', 'NYI', 'F', 14, 8, 2, 2, 2, 3, 2, 2, 1, 2, 2, 3, 2, 2, 2, 14),
(326, 325, 'Dan', 'Marois', 'NYI', 'F', 17, 7, 3, 3, 2, 1, 3, 1, 5, 3, 1, 2, 4, 2, 3, 14),
(327, 326, 'Mick', 'Vukota', 'NYI', 'F', 12, 8, 2, 3, 1, 1, 1, 1, 9, 1, 1, 2, 4, 1, 4, 14),
(328, 327, 'Vladimir', 'Malakhov', 'NYI', 'D', 23, 10, 3, 3, 4, 3, 4, 3, 4, 3, 2, 4, 2, 3, 3, 14),
(329, 328, 'Darius', 'Kasparitis', 'NYI', 'D', 11, 7, 4, 3, 2, 3, 3, 4, 4, 3, 1, 3, 2, 3, 4, 14),
(330, 329, 'Jeff', 'Norton', 'NYI', 'D', 8, 8, 3, 3, 4, 3, 2, 2, 4, 2, 2, 4, 1, 3, 2, 14),
(331, 330, 'Uwe', 'Krupp', 'NYI', 'D', 4, 14, 2, 2, 3, 4, 3, 3, 3, 2, 2, 4, 1, 3, 2, 14),
(332, 331, 'Tom', 'Kurvers', 'NYI', 'D', 28, 8, 3, 3, 4, 3, 4, 2, 6, 3, 1, 4, 1, 3, 2, 14),
(333, 332, 'Scott', 'Lachance', 'NYI', 'D', 7, 8, 2, 2, 2, 4, 3, 3, 4, 3, 2, 4, 1, 3, 3, 14),
(334, 333, 'Dennis', 'Vaske', 'NYI', 'D', 37, 10, 1, 1, 2, 1, 2, 2, 6, 1, 1, 1, 1, 1, 3, 14),
(335, 334, 'Richard', 'Pilon', 'NYI', 'D', 47, 9, 3, 3, 1, 2, 3, 3, 8, 2, 1, 2, 5, 1, 5, 14),
(336, 335, 'John', 'Vanbiesbrk', 'NYR', 'G', 34, 5, 3, 4, 5, 5, 3, 0, 0, 0, 0, 3, 4, 3, 4, 15),
(337, 336, 'Mike', 'Richter', 'NYR', 'G', 35, 7, 3, 4, 4, 4, 3, 0, 0, 0, 0, 4, 4, 4, 4, 15),
(338, 337, 'Mark', 'Messier', 'NYR', 'F', 11, 10, 5, 4, 4, 4, 3, 5, 4, 5, 3, 4, 0, 5, 3, 15),
(339, 338, 'Sergei', 'Nemchinov', 'NYR', 'F', 13, 6, 4, 3, 3, 5, 3, 4, 0, 3, 4, 5, 2, 3, 2, 15),
(340, 339, 'Darren', 'Turcotte', 'NYR', 'F', 8, 6, 4, 4, 4, 3, 3, 2, 4, 4, 3, 4, 4, 3, 2, 15),
(341, 340, 'Ed', 'Olczyk', 'NYR', 'F', 12, 9, 4, 3, 3, 3, 4, 2, 4, 4, 3, 3, 4, 4, 2, 15),
(342, 341, 'Esa', 'Tikkanen', 'NYR', 'F', 10, 9, 5, 5, 3, 4, 4, 5, 4, 4, 2, 4, 4, 4, 3, 15),
(343, 342, 'Adam', 'Graves', 'NYR', 'F', 9, 6, 4, 4, 4, 3, 2, 3, 6, 3, 3, 4, 5, 3, 4, 15),
(344, 343, 'Phil', 'Bourque', 'NYR', 'F', 29, 8, 2, 4, 2, 3, 2, 4, 8, 3, 2, 3, 2, 2, 2, 15),
(345, 344, 'Jan', 'Erixon', 'NYR', 'F', 20, 8, 3, 3, 2, 3, 2, 2, 2, 3, 3, 3, 0, 3, 1, 15),
(346, 345, 'Steven', 'King', 'NYR', 'F', 25, 7, 2, 2, 3, 2, 2, 1, 3, 2, 3, 3, 4, 2, 2, 15),
(347, 346, 'Mike', 'Gartner', 'NYR', 'F', 22, 7, 5, 5, 4, 4, 5, 2, 3, 5, 3, 5, 5, 5, 2, 15),
(348, 347, 'Tony', 'Amonte', 'NYR', 'F', 33, 6, 4, 4, 4, 3, 3, 1, 3, 3, 3, 4, 3, 3, 2, 15),
(349, 348, 'Alexei', 'Kovalev', 'NYR', 'F', 27, 7, 4, 3, 3, 3, 3, 1, 0, 3, 4, 3, 4, 3, 3, 15),
(350, 349, 'Paul', 'Broten', 'NYR', 'F', 37, 7, 1, 1, 2, 3, 1, 2, 3, 1, 2, 2, 3, 1, 2, 15),
(351, 350, 'Joey', 'Kocur', 'NYR', 'F', 26, 8, 2, 1, 1, 3, 2, 3, 9, 2, 1, 2, 4, 2, 4, 15),
(352, 351, 'Mike', 'Hartman', 'NYR', 'F', 18, 7, 2, 3, 1, 0, 1, 3, 6, 1, 1, 1, 5, 1, 4, 15),
(353, 352, 'Brian', 'Leetch', 'NYR', 'D', 2, 6, 6, 3, 4, 4, 4, 2, 6, 5, 1, 5, 2, 5, 2, 15),
(354, 353, 'James', 'Patrick', 'NYR', 'D', 3, 9, 4, 4, 3, 4, 4, 4, 3, 4, 1, 4, 2, 4, 3, 15),
(355, 354, 'Sergei', 'Zubov', 'NYR', 'D', 21, 7, 3, 3, 3, 4, 3, 3, 3, 3, 2, 3, 1, 3, 0, 15),
(356, 355, 'Jeff', 'Beukeboom', 'NYR', 'D', 23, 11, 2, 2, 2, 4, 2, 3, 7, 2, 0, 3, 0, 2, 4, 15),
(357, 356, 'Kevin', 'Lowe', 'NYR', 'D', 4, 8, 4, 3, 2, 4, 3, 4, 2, 4, 1, 3, 1, 3, 3, 15),
(358, 357, 'Peter', 'Andersson', 'NYR', 'D', 5, 9, 2, 3, 3, 2, 2, 2, 2, 3, 1, 2, 4, 3, 2, 15),
(359, 358, 'Jay', 'Wells', 'NYR', 'D', 24, 10, 2, 2, 2, 2, 2, 3, 6, 2, 0, 2, 1, 2, 4, 15),
(360, 359, 'Joe', 'Cirella', 'NYR', 'D', 6, 10, 3, 3, 2, 2, 3, 2, 9, 2, 2, 3, 3, 2, 3, 15),
(361, 360, 'Peter', 'Sidorkwicz', 'OTW', 'G', 31, 6, 2, 3, 1, 1, 2, 0, 0, 0, 0, 2, 2, 2, 2, 16),
(362, 361, 'Daniel', 'Berthiaume', 'OTW', 'G', 32, 1, 3, 3, 1, 1, 2, 0, 0, 0, 0, 2, 2, 2, 2, 16),
(363, 362, 'Jamie', 'Baker', 'OTW', 'F', 13, 7, 3, 3, 3, 3, 3, 2, 4, 3, 3, 4, 2, 3, 2, 16),
(364, 363, 'Mark', 'Lamb', 'OTW', 'F', 7, 6, 4, 3, 2, 4, 2, 3, 0, 3, 1, 3, 3, 3, 3, 16),
(365, 364, 'Neil', 'Brady', 'OTW', 'F', 12, 9, 2, 2, 3, 3, 2, 2, 6, 2, 2, 3, 1, 3, 3, 16),
(366, 365, 'Mark', 'Freer', 'OTW', 'F', 11, 6, 2, 2, 3, 3, 2, 2, 4, 2, 3, 4, 3, 2, 2, 16),
(367, 366, 'Laurie', 'Boschman', 'OTW', 'F', 16, 6, 4, 2, 2, 4, 2, 3, 4, 3, 2, 3, 5, 2, 3, 16),
(368, 367, 'David', 'Archibald', 'OTW', 'F', 15, 7, 2, 2, 2, 3, 2, 1, 6, 2, 2, 3, 5, 2, 2, 16),
(369, 368, 'Rob', 'Murphy', 'OTW', 'F', 18, 9, 1, 2, 2, 2, 2, 3, 6, 2, 1, 2, 4, 1, 2, 16),
(370, 369, 'Sylvain', 'Turgeon', 'OTW', 'F', 61, 9, 4, 4, 3, 3, 3, 2, 4, 3, 2, 3, 5, 2, 3, 16),
(371, 370, 'Mike', 'Peluso', 'OTW', 'F', 44, 9, 2, 2, 2, 3, 2, 3, 10, 1, 3, 3, 5, 2, 5, 16),
(372, 371, 'Doug', 'Smail', 'OTW', 'F', 9, 5, 3, 3, 2, 3, 2, 2, 6, 2, 1, 2, 4, 2, 3, 16),
(373, 372, 'Jeff', 'Lazaro', 'OTW', 'F', 28, 6, 3, 3, 3, 1, 2, 2, 8, 3, 3, 1, 5, 2, 2, 16),
(374, 373, 'Darcy', 'Loewen', 'OTW', 'F', 10, 6, 2, 2, 1, 2, 2, 1, 6, 1, 2, 2, 4, 2, 4, 16),
(375, 374, 'Bob', 'Kudelski', 'OTW', 'F', 26, 9, 3, 3, 3, 3, 3, 2, 3, 3, 4, 3, 4, 3, 2, 16),
(376, 375, 'Jody', 'Hull', 'OTW', 'F', 17, 9, 2, 2, 3, 3, 2, 3, 1, 2, 2, 3, 3, 2, 1, 16),
(377, 376, 'Andrew', 'McBain', 'OTW', 'F', 20, 9, 2, 2, 3, 3, 2, 3, 5, 2, 2, 2, 1, 2, 2, 16),
(378, 377, 'Tomas', 'Jelinek', 'OTW', 'D', 25, 7, 2, 2, 2, 2, 2, 1, 6, 3, 2, 2, 5, 1, 3, 16),
(379, 378, 'Norm', 'Maciver', 'OTW', 'D', 22, 6, 3, 3, 4, 4, 3, 3, 0, 2, 2, 4, 1, 3, 3, 16),
(380, 379, 'Brad', 'Shaw', 'OTW', 'D', 4, 7, 3, 2, 3, 3, 3, 2, 3, 3, 1, 3, 2, 3, 2, 16),
(381, 380, 'Darren', 'Rumble', 'OTW', 'D', 34, 9, 2, 2, 2, 3, 2, 3, 4, 2, 0, 3, 4, 2, 3, 16),
(382, 381, 'Chris', 'Luongo', 'OTW', 'D', 23, 6, 2, 2, 1, 3, 1, 1, 3, 2, 0, 2, 4, 2, 3, 16),
(383, 382, 'Ken', 'Hammond', 'OTW', 'D', 5, 7, 3, 2, 1, 3, 2, 3, 6, 2, 1, 3, 5, 1, 3, 16),
(384, 383, 'Gord', 'Dineen', 'OTW', 'D', 6, 8, 1, 1, 2, 2, 1, 2, 3, 1, 1, 2, 5, 1, 3, 16),
(385, 384, 'Brad', 'Marsh', 'OTW', 'D', 14, 11, 2, 2, 0, 3, 1, 3, 6, 1, 0, 2, 5, 2, 2, 16),
(386, 385, 'Tommy', 'Soderstrom', 'PHI', 'G', 30, 3, 4, 4, 5, 5, 4, 0, 0, 0, 0, 3, 4, 3, 4, 17),
(387, 386, 'Dominic', 'Roussel', 'PHI', 'G', 33, 6, 3, 3, 3, 3, 3, 0, 0, 0, 0, 3, 3, 2, 2, 17),
(388, 387, 'Steph', 'Beauregard', 'PHI', 'G', 35, 7, 2, 3, 0, 0, 1, 0, 1, 0, 0, 2, 2, 2, 2, 17),
(389, 388, 'Eric', 'Lindros', 'PHI', 'F', 88, 12, 4, 3, 4, 4, 4, 5, 9, 4, 6, 5, 2, 4, 4, 17),
(390, 389, 'Rod', 'BrindAmour', 'PHI', 'F', 17, 9, 4, 3, 4, 4, 4, 3, 4, 4, 4, 4, 2, 4, 3, 17),
(391, 390, 'Pelle', 'Eklund', 'PHI', 'F', 9, 5, 5, 4, 4, 3, 3, 3, 2, 4, 3, 4, 0, 4, 1, 17),
(392, 391, 'Josef', 'Beranek', 'PHI', 'F', 42, 6, 3, 3, 3, 3, 2, 1, 0, 3, 3, 3, 4, 3, 3, 17),
(393, 392, 'Keith', 'Acton', 'PHI', 'F', 25, 4, 2, 2, 2, 4, 3, 4, 0, 3, 2, 4, 2, 3, 2, 17),
(394, 393, 'Vachslav', 'Butsayev', 'PHI', 'F', 22, 6, 2, 2, 2, 2, 2, 2, 6, 2, 0, 2, 1, 2, 3, 17),
(395, 394, 'Brent', 'Fedyk', 'PHI', 'F', 18, 8, 2, 2, 4, 3, 3, 3, 3, 2, 3, 3, 1, 2, 2, 17),
(396, 395, 'Doug', 'Evans', 'PHI', 'F', 15, 6, 2, 2, 2, 2, 2, 2, 4, 2, 3, 2, 2, 2, 3, 17),
(397, 396, 'Andrei', 'Lomakin', 'PHI', 'F', 23, 7, 4, 3, 3, 2, 3, 1, 2, 3, 3, 3, 2, 4, 2, 17),
(398, 397, 'Dave', 'Snuggerud', 'PHI', 'F', 14, 7, 3, 3, 2, 2, 2, 2, 6, 3, 1, 2, 5, 3, 1, 17),
(399, 398, 'Claude', 'Boivin', 'PHI', 'F', 10, 9, 1, 1, 2, 1, 2, 2, 8, 1, 4, 1, 2, 1, 4, 17),
(400, 399, 'Mark', 'Recchi', 'PHI', 'F', 8, 6, 5, 4, 5, 3, 4, 3, 4, 4, 5, 4, 1, 4, 3, 17),
(401, 400, 'Kevin', 'Dineen', 'PHI', 'F', 11, 7, 4, 5, 3, 4, 2, 2, 7, 3, 3, 4, 5, 3, 4, 17),
(402, 401, 'Dave', 'Brown', 'PHI', 'F', 21, 9, 1, 1, 0, 2, 1, 2, 9, 1, 0, 2, 5, 1, 3, 17),
(403, 402, 'Garry', 'Galley', 'PHI', 'D', 3, 7, 2, 2, 3, 4, 2, 3, 6, 3, 1, 3, 2, 3, 3, 17),
(404, 403, 'Dimitri', 'Yushkevich', 'PHI', 'D', 2, 7, 4, 3, 3, 4, 3, 2, 4, 3, 1, 4, 3, 3, 3, 17),
(405, 404, 'Greg', 'Hawgood', 'PHI', 'D', 20, 7, 4, 3, 3, 3, 3, 2, 4, 3, 2, 3, 1, 3, 3, 17),
(406, 405, 'Terry', 'Carkner', 'PHI', 'D', 29, 10, 2, 2, 2, 3, 2, 3, 6, 2, 1, 3, 0, 2, 4, 17),
(407, 406, 'Ric', 'Nattress', 'PHI', 'D', 5, 10, 2, 2, 3, 3, 2, 2, 5, 2, 3, 3, 3, 2, 2, 17),
(408, 407, 'Ryan', 'McGill', 'PHI', 'D', 27, 8, 2, 2, 2, 3, 2, 2, 7, 2, 1, 3, 4, 1, 4, 17),
(409, 408, 'Gord', 'Hynes', 'PHI', 'D', 26, 4, 2, 2, 2, 2, 1, 3, 2, 2, 2, 2, 5, 2, 2, 17),
(410, 409, 'Shawn', 'Cronin', 'PHI', 'D', 44, 10, 1, 1, 1, 1, 1, 2, 12, 1, 3, 1, 5, 1, 3, 17),
(411, 410, 'Tom', 'Barrasso', 'PIT', 'G', 35, 10, 4, 4, 5, 5, 4, 0, 1, 0, 0, 4, 4, 4, 4, 18),
(412, 411, 'Ken', 'Wregget', 'PIT', 'G', 31, 8, 2, 3, 4, 4, 2, 0, 0, 0, 0, 3, 2, 3, 2, 18),
(413, 412, 'Mario', 'Lemieux', 'PIT', 'F', 66, 10, 5, 4, 6, 4, 4, 3, 3, 6, 6, 6, 0, 6, 2, 18),
(414, 413, 'Ron', 'Francis', 'PIT', 'F', 10, 9, 4, 3, 4, 4, 4, 4, 4, 4, 3, 4, 0, 4, 2, 18),
(415, 414, 'Shawn', 'McEachern', 'PIT', 'F', 15, 7, 3, 3, 3, 3, 3, 2, 4, 3, 3, 4, 3, 3, 2, 18),
(416, 415, 'Mike', 'Stapleton', 'PIT', 'F', 26, 6, 3, 2, 2, 2, 2, 2, 1, 2, 1, 2, 5, 3, 0, 18),
(417, 416, 'Kevin', 'Stevens', 'PIT', 'F', 25, 11, 3, 4, 5, 3, 3, 3, 6, 4, 4, 5, 3, 4, 4, 18),
(418, 417, 'Dave', 'Tippett', 'PIT', 'F', 14, 6, 2, 3, 2, 3, 2, 2, 4, 2, 2, 3, 1, 2, 2, 18),
(419, 418, 'Troy', 'Loney', 'PIT', 'F', 24, 10, 2, 3, 2, 3, 2, 4, 6, 2, 1, 3, 2, 1, 3, 18),
(420, 419, 'Jeff', 'Daniels', 'PIT', 'F', 20, 9, 2, 2, 1, 2, 2, 2, 6, 2, 3, 2, 4, 2, 1, 18),
(421, 420, 'Jaromir', 'Jagr', 'PIT', 'F', 68, 10, 5, 4, 4, 3, 3, 4, 4, 5, 3, 4, 1, 4, 2, 18),
(422, 421, 'Rick', 'Tocchet', 'PIT', 'F', 22, 9, 2, 2, 5, 4, 4, 3, 7, 3, 5, 4, 1, 3, 4, 18),
(423, 422, 'Joe', 'Mullen', 'PIT', 'F', 7, 6, 4, 3, 4, 3, 3, 3, 1, 4, 5, 4, 2, 3, 0, 18),
(424, 423, 'Martin', 'Straka', 'PIT', 'F', 82, 5, 3, 3, 3, 2, 2, 2, 2, 2, 2, 2, 0, 3, 2, 18),
(425, 424, 'Mike', 'Needham', 'PIT', 'F', 39, 6, 2, 2, 2, 2, 2, 2, 5, 2, 3, 2, 5, 2, 1, 18),
(426, 425, 'Jay', 'Caufield', 'PIT', 'F', 16, 14, 1, 2, 0, 1, 1, 3, 11, 1, 0, 1, 3, 1, 4, 18),
(427, 426, 'Larry', 'Murphy', 'PIT', 'D', 55, 10, 4, 3, 4, 5, 4, 3, 3, 4, 2, 5, 1, 4, 3, 18),
(428, 427, 'Ulf', 'Samuelsson', 'PIT', 'D', 5, 8, 4, 4, 3, 5, 3, 5, 6, 3, 0, 4, 1, 3, 5, 18),
(429, 428, 'Jim', 'Paek', 'PIT', 'D', 2, 8, 2, 3, 2, 2, 2, 2, 4, 2, 1, 3, 1, 2, 2, 18),
(430, 429, 'Paul', 'Stanton', 'PIT', 'D', 23, 8, 3, 3, 2, 3, 4, 3, 3, 2, 1, 3, 5, 4, 3, 18),
(431, 430, 'Peter', 'Taglianeti', 'PIT', 'D', 32, 9, 2, 2, 2, 3, 3, 4, 4, 3, 0, 4, 3, 2, 4, 18),
(432, 431, 'Mike', 'Ramsey', 'PIT', 'D', 6, 8, 3, 2, 2, 3, 2, 3, 6, 2, 2, 3, 1, 2, 2, 18),
(433, 432, 'Kjell', 'Samuelsson', 'PIT', 'D', 28, 14, 2, 2, 1, 3, 4, 4, 7, 3, 1, 4, 5, 2, 3, 18),
(434, 433, 'Grant', 'Jennings', 'PIT', 'D', 3, 9, 2, 2, 1, 3, 2, 3, 8, 2, 0, 2, 3, 1, 3, 18),
(435, 434, 'Bryan', 'Fogarty', 'PIT', 'D', 33, 8, 1, 1, 2, 1, 1, 2, 2, 2, 0, 1, 0, 1, 1, 18),
(436, 435, 'Ron', 'Hextall', 'QUE', 'G', 27, 7, 4, 4, 4, 4, 4, 0, 0, 0, 0, 4, 4, 3, 3, 19),
(437, 436, 'Stephane', 'Fiset', 'QUE', 'G', 35, 5, 3, 4, 3, 3, 2, 0, 0, 0, 0, 2, 2, 2, 2, 19),
(438, 437, 'Joe', 'Sakic', 'QUE', 'F', 19, 6, 4, 4, 5, 4, 4, 2, 0, 4, 5, 5, 2, 5, 2, 19),
(439, 438, 'Mike', 'Ricci', 'QUE', 'F', 9, 7, 4, 4, 4, 3, 3, 3, 4, 3, 5, 3, 0, 4, 3, 19),
(440, 439, 'Claude', 'Lapointe', 'QUE', 'F', 47, 5, 3, 3, 3, 4, 2, 2, 4, 3, 2, 3, 1, 2, 3, 19),
(441, 440, 'Martin', 'Rucinsky', 'QUE', 'F', 25, 5, 3, 2, 3, 2, 3, 1, 4, 3, 3, 3, 1, 3, 2, 19),
(442, 441, 'Valeri', 'Kamensky', 'QUE', 'F', 31, 8, 4, 4, 4, 3, 5, 2, 5, 4, 3, 4, 1, 4, 2, 19),
(443, 442, 'Mike', 'Hough', 'QUE', 'F', 18, 7, 3, 2, 3, 3, 3, 2, 4, 3, 2, 3, 2, 3, 3, 19),
(444, 443, 'Gino', 'Cavallini', 'QUE', 'F', 44, 11, 1, 3, 2, 2, 2, 2, 4, 2, 3, 2, 2, 2, 2, 19),
(445, 444, 'Scott', 'Pearson', 'QUE', 'F', 22, 9, 2, 2, 2, 2, 2, 3, 6, 2, 4, 3, 5, 2, 4, 19),
(446, 445, 'Bill', 'Lindsay', 'QUE', 'F', 20, 6, 1, 2, 2, 2, 2, 2, 2, 2, 1, 2, 3, 2, 1, 19),
(447, 446, 'Chris', 'Simon', 'QUE', 'F', 12, 13, 1, 1, 1, 0, 1, 2, 8, 1, 1, 0, 5, 1, 5, 19),
(448, 447, 'Tony', 'Twist', 'QUE', 'F', 15, 10, 1, 1, 1, 0, 1, 1, 12, 1, 0, 1, 4, 1, 4, 19),
(449, 448, 'Mats', 'Sundin', 'QUE', 'F', 13, 7, 4, 4, 5, 4, 4, 1, 3, 4, 5, 4, 0, 4, 3, 19),
(450, 449, 'Owen', 'Nolan', 'QUE', 'F', 11, 8, 4, 4, 4, 3, 4, 1, 7, 4, 4, 4, 3, 3, 4, 19),
(451, 450, 'Andrei', 'Kovalenko', 'QUE', 'F', 51, 3, 3, 4, 4, 3, 3, 3, 4, 3, 4, 4, 1, 3, 2, 19),
(452, 451, 'Scott', 'Young', 'QUE', 'F', 48, 7, 3, 3, 3, 4, 3, 2, 1, 3, 3, 3, 4, 3, 1, 19),
(453, 452, 'Steve', 'Duchesne', 'QUE', 'D', 28, 8, 4, 4, 4, 4, 4, 2, 4, 4, 2, 4, 1, 4, 2, 19),
(454, 453, 'Curtis', 'Leschyshyn', 'QUE', 'D', 7, 9, 3, 4, 3, 4, 2, 3, 4, 2, 3, 4, 0, 3, 2, 19),
(455, 454, 'Alexei', 'Gusarov', 'QUE', 'D', 5, 6, 3, 3, 3, 3, 3, 3, 0, 3, 3, 4, 0, 3, 2, 19),
(456, 455, 'Kerry', 'Huffman', 'QUE', 'D', 2, 9, 3, 3, 3, 3, 3, 3, 6, 3, 1, 3, 2, 2, 3, 19),
(457, 456, 'Adam', 'Foote', 'QUE', 'D', 52, 6, 2, 2, 2, 4, 1, 3, 3, 2, 1, 3, 2, 2, 4, 19),
(458, 457, 'Steven', 'Finn', 'QUE', 'D', 29, 8, 2, 2, 2, 3, 3, 3, 6, 2, 2, 3, 4, 2, 4, 19),
(459, 458, 'Mikhail', 'Tatarinov', 'QUE', 'D', 4, 8, 3, 3, 2, 2, 5, 4, 6, 4, 1, 2, 4, 4, 3, 19),
(460, 459, 'Craig', 'Wolanin', 'QUE', 'D', 6, 9, 2, 2, 2, 2, 1, 2, 8, 1, 1, 2, 1, 1, 4, 19),
(461, 460, 'Arturs', 'Irbe', 'SJ', 'G', 32, 5, 2, 4, 4, 4, 3, 0, 0, 0, 0, 3, 3, 2, 2, 20),
(462, 461, 'Jeff', 'Hackett', 'SJ', 'G', 30, 5, 2, 3, 1, 1, 2, 0, 0, 0, 0, 2, 2, 2, 2, 20),
(463, 462, 'Brian', 'Hayward', 'SJ', 'G', 1, 6, 2, 3, 0, 0, 2, 0, 0, 0, 0, 2, 2, 2, 2, 20),
(464, 463, 'Kelly', 'Kisio', 'SJ', 'F', 11, 6, 2, 2, 4, 4, 3, 3, 3, 3, 4, 4, 0, 3, 3, 20),
(465, 464, 'Rob', 'Gaudreau', 'SJ', 'F', 37, 6, 3, 3, 3, 3, 3, 2, 3, 2, 3, 4, 5, 3, 1, 20),
(466, 465, 'Dean', 'Evason', 'SJ', 'F', 12, 6, 1, 1, 2, 3, 2, 3, 3, 2, 3, 3, 3, 2, 3, 20),
(467, 466, 'Mike', 'Sullivan', 'SJ', 'F', 47, 6, 2, 3, 2, 3, 2, 1, 0, 2, 1, 4, 5, 2, 1, 20),
(468, 467, 'Perry', 'Berezan', 'SJ', 'F', 16, 7, 4, 4, 2, 2, 2, 3, 3, 2, 2, 2, 5, 3, 3, 20),
(469, 468, 'Robin', 'Bawa', 'SJ', 'F', 26, 11, 2, 2, 1, 1, 2, 1, 5, 1, 4, 1, 3, 2, 3, 20),
(470, 469, 'Johan', 'Garpenlov', 'SJ', 'F', 10, 6, 3, 3, 4, 2, 2, 1, 0, 3, 3, 3, 1, 2, 2, 20),
(471, 470, 'Jeff', 'Odgers', 'SJ', 'F', 36, 9, 1, 2, 3, 2, 2, 2, 6, 2, 3, 3, 4, 1, 5, 20),
(472, 471, 'John', 'Carter', 'SJ', 'F', 20, 4, 2, 2, 2, 2, 2, 2, 8, 2, 1, 2, 5, 2, 3, 20),
(473, 472, 'David', 'Maley', 'SJ', 'F', 25, 8, 1, 1, 1, 1, 2, 3, 8, 2, 0, 1, 4, 1, 4, 20),
(474, 473, 'Pat', 'Falloon', 'SJ', 'F', 17, 7, 4, 4, 3, 2, 3, 1, 3, 4, 2, 4, 5, 3, 1, 20),
(475, 474, 'Ed', 'Courtenay', 'SJ', 'F', 39, 9, 2, 2, 3, 3, 1, 1, 3, 1, 3, 2, 1, 2, 1, 20),
(476, 475, 'Mark', 'Pederson', 'SJ', 'F', 18, 8, 2, 2, 3, 2, 2, 2, 6, 2, 3, 2, 5, 2, 2, 20),
(477, 476, 'Doug', 'Wilson', 'SJ', 'D', 24, 7, 4, 3, 3, 3, 6, 3, 6, 4, 1, 3, 3, 4, 3, 20),
(478, 477, 'Neil', 'Wilkinson', 'SJ', 'D', 5, 7, 3, 3, 1, 3, 2, 3, 5, 3, 0, 4, 4, 4, 3, 20),
(479, 478, 'Sandis', 'Ozolinsh', 'SJ', 'D', 6, 7, 3, 3, 3, 3, 3, 3, 6, 3, 2, 4, 2, 3, 3, 20),
(480, 479, 'Tom', 'Pederson', 'SJ', 'D', 41, 4, 1, 2, 3, 2, 2, 2, 5, 2, 2, 2, 4, 3, 2, 20),
(481, 480, 'Doug', 'Zmolek', 'SJ', 'D', 19, 12, 2, 2, 2, 3, 2, 3, 6, 2, 1, 3, 5, 2, 4, 20),
(482, 481, 'David', 'Williams', 'SJ', 'D', 3, 8, 2, 2, 2, 2, 2, 2, 5, 2, 0, 2, 2, 1, 3, 20),
(483, 482, 'Jay', 'More', 'SJ', 'D', 4, 7, 3, 2, 1, 3, 4, 3, 3, 3, 1, 3, 5, 3, 4, 20),
(484, 483, 'Peter', 'Ahola', 'SJ', 'D', 21, 9, 2, 2, 1, 3, 2, 3, 6, 2, 1, 3, 4, 2, 2, 20),
(485, 484, 'Rob', 'Zettler', 'SJ', 'D', 2, 7, 2, 2, 1, 3, 2, 2, 4, 3, 0, 3, 4, 3, 4, 20),
(486, 485, 'Curtis', 'Joseph', 'STL', 'G', 31, 6, 4, 4, 6, 6, 4, 0, 0, 0, 0, 3, 3, 4, 4, 21),
(487, 486, 'Guy', 'Hebert', 'STL', 'G', 29, 6, 2, 3, 3, 3, 2, 0, 0, 0, 0, 2, 2, 2, 2, 21),
(488, 487, 'Craig', 'Janney', 'STL', 'F', 15, 7, 4, 3, 5, 4, 3, 2, 0, 4, 4, 4, 0, 4, 0, 21),
(489, 488, 'Nelson', 'Emerson', 'STL', 'F', 7, 4, 4, 4, 4, 3, 3, 2, 3, 4, 3, 4, 1, 3, 2, 21),
(490, 489, 'Ron', 'Sutter', 'STL', 'F', 22, 6, 3, 3, 3, 4, 2, 4, 5, 3, 3, 4, 3, 4, 3, 21),
(491, 490, 'Ron', 'Wilson', 'STL', 'F', 18, 6, 3, 3, 2, 4, 1, 2, 0, 2, 2, 4, 3, 2, 2, 21),
(492, 491, 'Bob', 'Bassen', 'STL', 'F', 28, 4, 3, 4, 2, 2, 2, 4, 8, 3, 3, 2, 3, 2, 3, 21),
(493, 492, 'Philippe', 'Bozon', 'STL', 'F', 36, 6, 2, 2, 2, 2, 2, 1, 6, 2, 1, 2, 5, 1, 3, 21),
(494, 493, 'Igor', 'Korolev', 'STL', 'F', 38, 7, 2, 2, 2, 3, 2, 2, 0, 2, 1, 3, 0, 2, 1, 21),
(495, 494, 'Dave', 'Lowry', 'STL', 'F', 10, 8, 2, 2, 2, 3, 2, 3, 6, 2, 2, 3, 4, 2, 4, 21),
(496, 495, 'Basil', 'McRae', 'STL', 'F', 17, 9, 2, 2, 2, 2, 2, 2, 12, 2, 1, 3, 4, 1, 5, 21),
(497, 496, 'Brendan', 'Shanahan', 'STL', 'F', 19, 10, 3, 3, 5, 4, 4, 2, 7, 4, 5, 4, 2, 4, 4, 21),
(498, 497, 'Brett', 'Hull', 'STL', 'F', 16, 9, 4, 4, 5, 3, 6, 3, 3, 5, 3, 4, 4, 3, 2, 21),
(499, 498, 'Kevin', 'Miller', 'STL', 'F', 14, 7, 4, 3, 3, 4, 3, 3, 7, 3, 3, 4, 3, 3, 3, 21),
(500, 499, 'Rich', 'Sutter', 'STL', 'F', 23, 7, 3, 3, 2, 4, 1, 2, 3, 2, 2, 4, 5, 2, 3, 21),
(501, 500, 'Kelly', 'Chase', 'STL', 'F', 39, 8, 1, 1, 1, 2, 1, 1, 9, 1, 1, 2, 3, 1, 5, 21),
(502, 501, 'Jeff', 'Brown', 'STL', 'D', 21, 9, 3, 3, 4, 4, 5, 2, 3, 4, 3, 5, 1, 4, 2, 21),
(503, 502, 'Garth', 'Butcher', 'STL', 'D', 5, 9, 2, 3, 2, 4, 2, 4, 7, 3, 1, 4, 4, 3, 4, 21),
(504, 503, 'Doug', 'Crossman', 'STL', 'D', 6, 7, 2, 2, 3, 3, 2, 2, 6, 2, 3, 4, 0, 3, 2, 21),
(505, 504, 'Rick', 'Zombo', 'STL', 'D', 4, 8, 2, 2, 2, 3, 3, 2, 3, 2, 0, 4, 0, 2, 3, 21),
(506, 505, 'Stephane', 'Quintal', 'STL', 'D', 33, 11, 2, 2, 1, 4, 2, 3, 7, 3, 0, 4, 4, 3, 3, 21),
(507, 506, 'Lee', 'Norwood', 'STL', 'D', 20, 8, 2, 2, 2, 3, 1, 3, 8, 2, 2, 3, 2, 2, 4, 21),
(508, 507, 'Bret', 'Hedican', 'STL', 'D', 44, 8, 2, 2, 1, 1, 2, 3, 6, 2, 0, 1, 3, 2, 2, 21),
(509, 508, 'Curt', 'Giles', 'STL', 'D', 2, 5, 3, 2, 1, 3, 1, 2, 2, 2, 0, 3, 3, 1, 2, 21),
(510, 509, 'Murray', 'Baron', 'STL', 'D', 34, 10, 3, 3, 1, 2, 2, 2, 6, 2, 1, 2, 5, 1, 3, 21),
(511, 510, 'Wendell', 'Young', 'TB', 'G', 1, 6, 3, 3, 2, 2, 3, 0, 0, 0, 0, 3, 2, 3, 3, 22),
(512, 511, 'Pat', 'Jablonski', 'TB', 'G', 35, 5, 2, 3, 2, 2, 2, 0, 1, 0, 0, 2, 2, 2, 2, 22),
(513, 512, 'J.C.', 'Bergeron', 'TB', 'G', 30, 7, 2, 3, 2, 2, 2, 0, 0, 0, 0, 1, 1, 1, 1, 22),
(514, 513, 'Brian', 'Bradley', 'TB', 'F', 19, 4, 4, 3, 4, 3, 4, 3, 3, 3, 5, 4, 2, 3, 3, 22),
(515, 514, 'Chris', 'Kontos', 'TB', 'F', 16, 8, 3, 3, 4, 3, 3, 3, 0, 3, 5, 4, 3, 3, 0, 22),
(516, 515, 'Adam', 'Creighton', 'TB', 'F', 10, 10, 3, 2, 3, 2, 2, 3, 4, 2, 2, 3, 4, 3, 3, 22),
(517, 516, 'Marc', 'Bureau', 'TB', 'F', 28, 7, 3, 3, 3, 3, 2, 2, 1, 3, 2, 3, 3, 2, 4, 22),
(518, 517, 'Rob', 'DiMaio', 'TB', 'F', 18, 5, 2, 3, 3, 3, 2, 2, 5, 2, 2, 3, 2, 2, 3, 22),
(519, 518, 'Steve', 'Kasper', 'TB', 'F', 11, 5, 3, 3, 1, 3, 2, 4, 4, 3, 3, 3, 2, 3, 1, 22),
(520, 519, 'Jason', 'Lafreniere', 'TB', 'F', 17, 6, 2, 2, 3, 3, 2, 1, 3, 2, 4, 2, 2, 1, 2, 22),
(521, 520, 'Randy', 'Gilhen', 'TB', 'F', 20, 7, 2, 2, 1, 3, 2, 3, 2, 2, 1, 3, 5, 2, 1, 22),
(522, 521, 'Mikael', 'Andersson', 'TB', 'F', 34, 6, 2, 4, 2, 3, 2, 1, 0, 3, 2, 4, 5, 3, 0, 22),
(523, 522, 'Rob', 'Zamuner', 'TB', 'F', 7, 9, 2, 3, 3, 2, 2, 3, 4, 3, 2, 3, 3, 2, 2, 22),
(524, 523, 'Steve', 'Maltais', 'TB', 'F', 37, 10, 2, 2, 2, 3, 2, 3, 0, 2, 1, 3, 4, 2, 2, 22),
(525, 524, 'John', 'Tucker', 'TB', 'F', 14, 9, 2, 3, 3, 3, 3, 2, 3, 3, 2, 3, 2, 3, 3, 22),
(526, 525, 'Danton', 'Cole', 'TB', 'F', 24, 7, 3, 3, 3, 3, 2, 2, 1, 2, 2, 3, 4, 2, 1, 22),
(527, 526, 'Tim', 'Bergland', 'TB', 'F', 21, 8, 2, 2, 1, 3, 2, 2, 3, 2, 1, 3, 5, 2, 2, 22),
(528, 527, 'Stan', 'Drulia', 'TB', 'F', 27, 7, 1, 2, 1, 0, 2, 2, 3, 1, 2, 0, 5, 1, 2, 22),
(529, 528, 'Bob', 'Beers', 'TB', 'D', 2, 9, 3, 3, 3, 3, 2, 2, 3, 2, 2, 3, 3, 2, 3, 22),
(530, 529, 'Roman', 'Hamrlik', 'TB', 'D', 44, 7, 3, 2, 2, 3, 3, 2, 4, 3, 1, 3, 4, 2, 3, 22),
(531, 530, 'Shawn', 'Chambers', 'TB', 'D', 22, 9, 2, 2, 3, 3, 2, 2, 2, 2, 1, 3, 2, 2, 2, 22),
(532, 531, 'Marc', 'Bergevin', 'TB', 'D', 25, 6, 2, 2, 2, 2, 3, 3, 4, 2, 0, 3, 3, 2, 2, 22),
(533, 532, 'Joe', 'Reekie', 'TB', 'D', 29, 11, 3, 2, 2, 2, 3, 2, 6, 3, 0, 3, 2, 2, 3, 22),
(534, 533, 'Chris', 'Lipuma', 'TB', 'D', 40, 6, 1, 1, 2, 1, 1, 0, 2, 1, 0, 1, 1, 1, 4, 22),
(535, 534, 'Matt', 'Hervey', 'TB', 'D', 26, 9, 1, 1, 2, 1, 1, 2, 9, 1, 0, 1, 3, 0, 4, 22),
(536, 535, 'Felix', 'Potvin', 'TOR', 'G', 29, 6, 4, 4, 6, 6, 4, 0, 0, 0, 0, 4, 4, 4, 4, 23),
(537, 536, 'Daren', 'Puppa', 'TOR', 'G', 1, 9, 3, 4, 5, 5, 2, 0, 1, 0, 0, 2, 2, 3, 3, 23),
(538, 537, 'Rick', 'Wamsley', 'TOR', 'G', 30, 6, 2, 3, 0, 0, 2, 0, 0, 0, 0, 2, 2, 2, 2, 23),
(539, 538, 'Doug', 'Gilmour', 'TOR', 'F', 93, 4, 5, 4, 5, 5, 4, 4, 4, 4, 4, 6, 0, 4, 3, 23),
(540, 539, 'John', 'Cullen', 'TOR', 'F', 19, 7, 4, 3, 4, 3, 3, 2, 3, 4, 4, 4, 1, 4, 3, 23),
(541, 540, 'Mike', 'Krushelski', 'TOR', 'F', 26, 9, 3, 3, 3, 4, 2, 3, 4, 3, 4, 4, 3, 2, 2, 23),
(542, 541, 'Peter', 'Zezel', 'TOR', 'F', 25, 9, 3, 3, 3, 3, 3, 4, 0, 3, 3, 4, 1, 4, 1, 23),
(543, 542, 'Dave', 'McLlwain', 'TOR', 'F', 7, 7, 3, 2, 2, 3, 1, 3, 4, 3, 3, 3, 5, 3, 2, 23),
(544, 543, 'Dave', 'Andreychuk', 'TOR', 'F', 14, 11, 3, 3, 4, 4, 4, 4, 3, 3, 4, 5, 4, 3, 2, 23),
(545, 544, 'Wendel', 'Clark', 'TOR', 'F', 17, 8, 3, 3, 3, 3, 5, 4, 6, 4, 3, 4, 3, 4, 4, 23),
(546, 545, 'Mark', 'Osborne', 'TOR', 'F', 21, 9, 2, 2, 2, 4, 2, 3, 4, 2, 2, 4, 4, 1, 3, 23),
(547, 546, 'Bill', 'Berg', 'TOR', 'F', 10, 7, 2, 2, 2, 3, 2, 3, 4, 2, 3, 4, 5, 2, 3, 23),
(548, 547, 'Nikolai', 'Borshevsky', 'TOR', 'F', 16, 6, 4, 4, 4, 2, 3, 2, 0, 4, 4, 4, 2, 4, 1, 23),
(549, 548, 'Glenn', 'Anderson', 'TOR', 'F', 9, 7, 4, 4, 4, 3, 3, 2, 6, 4, 3, 4, 1, 4, 3, 23),
(550, 549, 'Rob', 'Pearson', 'TOR', 'F', 12, 6, 2, 2, 3, 3, 1, 1, 1, 2, 3, 4, 5, 2, 4, 23),
(551, 550, 'Mike', 'Foligno', 'TOR', 'F', 71, 8, 2, 2, 2, 3, 2, 5, 5, 3, 3, 3, 5, 2, 3, 23);
INSERT INTO `roster` (`ID`, `PlayerID`, `First`, `Last`, `Team`, `Pos`, `JNo`, `Wgt`, `Agl`, `Spd`, `OfA`, `DfA`, `ShP`, `ChK`, `H/F`, `StH`, `ShA`, `End`, `Rgh`, `Pas`, `Agr`, `TeamID`) VALUES
(552, 551, 'Ken', 'Baumgartnr', 'TOR', 'F', 22, 9, 2, 2, 0, 2, 1, 2, 10, 1, 0, 2, 3, 2, 4, 23),
(553, 552, 'Todd', 'Gill', 'TOR', 'D', 23, 6, 3, 3, 3, 3, 2, 4, 4, 2, 2, 4, 1, 2, 3, 23),
(554, 553, 'Dave', 'Ellett', 'TOR', 'D', 4, 9, 4, 4, 3, 4, 5, 4, 4, 4, 1, 4, 2, 4, 2, 23),
(555, 554, 'Dimitri', 'Mironov', 'TOR', 'D', 15, 7, 3, 2, 3, 3, 3, 1, 2, 3, 2, 3, 1, 3, 2, 23),
(556, 555, 'Drake', 'Berehowsky', 'TOR', 'D', 55, 10, 2, 2, 3, 3, 2, 3, 5, 2, 2, 3, 0, 2, 3, 23),
(557, 556, 'Jamie', 'Macoun', 'TOR', 'D', 34, 8, 3, 3, 2, 4, 4, 4, 4, 3, 1, 4, 4, 4, 2, 23),
(558, 557, 'Bob', 'Rouse', 'TOR', 'D', 3, 10, 3, 3, 2, 4, 2, 4, 3, 2, 0, 4, 4, 2, 3, 23),
(559, 558, 'Sylvain', 'Lefebvre', 'TOR', 'D', 2, 9, 2, 2, 1, 3, 1, 3, 4, 2, 0, 4, 4, 3, 3, 23),
(560, 559, 'Bob', 'McGill', 'TOR', 'D', 8, 8, 2, 2, 0, 2, 3, 3, 5, 2, 3, 2, 3, 2, 4, 23),
(561, 560, 'Kirk', 'McLean', 'VAN', 'G', 1, 8, 4, 4, 4, 4, 4, 0, 0, 0, 0, 4, 4, 3, 3, 24),
(562, 561, 'Kay', 'Whitmore', 'VAN', 'G', 35, 5, 2, 3, 5, 5, 2, 0, 0, 0, 0, 2, 3, 2, 3, 24),
(563, 562, 'Cliff', 'Ronning', 'VAN', 'F', 7, 5, 5, 5, 4, 3, 2, 2, 0, 4, 3, 5, 1, 4, 1, 24),
(564, 563, 'Petr', 'Nedved', 'VAN', 'F', 19, 5, 2, 2, 4, 3, 2, 1, 0, 3, 6, 4, 2, 3, 3, 24),
(565, 564, 'Anatoli', 'Semenov', 'VAN', 'F', 20, 7, 3, 3, 3, 4, 3, 2, 0, 3, 3, 4, 0, 3, 2, 24),
(566, 565, 'Tom', 'Fergus', 'VAN', 'F', 15, 10, 2, 2, 3, 3, 2, 2, 2, 2, 3, 3, 0, 2, 2, 24),
(567, 566, 'Geoff', 'Courtnall', 'VAN', 'F', 14, 7, 5, 5, 4, 3, 3, 1, 4, 4, 3, 3, 2, 4, 4, 24),
(568, 567, 'Murray', 'Craven', 'VAN', 'F', 32, 6, 3, 3, 4, 3, 3, 3, 4, 3, 4, 3, 0, 3, 1, 24),
(569, 568, 'Greg', 'Adams', 'VAN', 'F', 8, 7, 3, 3, 4, 4, 3, 3, 2, 3, 5, 4, 1, 3, 1, 24),
(570, 569, 'Sergio', 'Momesso', 'VAN', 'F', 27, 11, 4, 3, 3, 3, 3, 4, 6, 2, 3, 4, 4, 2, 4, 24),
(571, 570, 'Gino', 'Odjick', 'VAN', 'F', 29, 11, 2, 2, 2, 3, 2, 3, 10, 2, 1, 3, 3, 2, 6, 24),
(572, 571, 'Garry', 'Valk', 'VAN', 'F', 23, 7, 2, 2, 2, 3, 2, 3, 6, 2, 3, 3, 3, 2, 3, 24),
(573, 572, 'Pavel', 'Bure', 'VAN', 'F', 10, 5, 5, 6, 5, 4, 4, 2, 0, 5, 4, 4, 4, 4, 2, 24),
(574, 573, 'Trevor', 'Linden', 'VAN', 'F', 16, 9, 4, 4, 4, 4, 4, 3, 3, 4, 4, 4, 3, 4, 2, 24),
(575, 574, 'Dixon', 'Ward', 'VAN', 'F', 17, 9, 2, 3, 3, 3, 3, 2, 1, 2, 5, 3, 1, 2, 3, 24),
(576, 575, 'Jim', 'Sandlak', 'VAN', 'F', 25, 11, 1, 2, 3, 3, 3, 2, 9, 2, 2, 3, 3, 2, 4, 24),
(577, 576, 'Tim', 'Hunter', 'VAN', 'F', 26, 9, 2, 2, 1, 2, 2, 3, 9, 2, 3, 2, 3, 2, 4, 24),
(578, 577, 'Jyrki', 'Lumme', 'VAN', 'D', 21, 7, 4, 3, 3, 4, 2, 3, 4, 4, 1, 4, 1, 4, 2, 24),
(579, 578, 'Doug', 'Lidster', 'VAN', 'D', 3, 9, 3, 3, 2, 3, 3, 4, 3, 4, 1, 4, 1, 4, 2, 24),
(580, 579, 'Adrien', 'Plavsic', 'VAN', 'D', 6, 7, 2, 2, 3, 3, 2, 3, 6, 2, 2, 3, 0, 2, 3, 24),
(581, 580, 'Jiri', 'Slegr', 'VAN', 'D', 24, 10, 3, 3, 3, 3, 3, 2, 6, 3, 1, 4, 1, 3, 4, 24),
(582, 581, 'Gerald', 'Diduck', 'VAN', 'D', 4, 10, 3, 3, 2, 3, 4, 4, 7, 3, 1, 3, 4, 3, 4, 24),
(583, 582, 'Dave', 'Babych', 'VAN', 'D', 44, 11, 2, 2, 3, 4, 3, 2, 6, 3, 0, 4, 2, 3, 3, 24),
(584, 583, 'Dana', 'Murzyn', 'VAN', 'D', 5, 9, 2, 3, 2, 3, 4, 4, 6, 2, 1, 4, 4, 2, 4, 24),
(585, 584, 'Robert', 'Dirk', 'VAN', 'D', 22, 11, 2, 2, 1, 3, 2, 3, 6, 3, 2, 3, 3, 2, 4, 24),
(586, 585, 'Don', 'Beaupre', 'WSH', 'G', 33, 4, 3, 4, 3, 3, 3, 0, 0, 0, 0, 3, 3, 3, 3, 25),
(587, 586, 'Rick', 'Tabaracci', 'WSH', 'G', 31, 6, 2, 3, 1, 1, 2, 0, 0, 0, 0, 3, 3, 2, 2, 25),
(588, 587, 'Mike', 'Ridley', 'WSH', 'F', 17, 9, 4, 4, 4, 3, 3, 2, 0, 4, 4, 4, 0, 4, 2, 25),
(589, 588, 'Dimitri', 'Khristich', 'WSH', 'F', 8, 7, 3, 3, 4, 3, 4, 3, 1, 4, 6, 4, 1, 4, 2, 25),
(590, 589, 'Dale', 'Hunter', 'WSH', 'F', 32, 8, 2, 2, 4, 4, 3, 4, 6, 2, 4, 4, 0, 4, 4, 25),
(591, 590, 'Michal', 'Pivonka', 'WSH', 'F', 20, 8, 3, 3, 4, 3, 3, 3, 4, 4, 3, 4, 0, 4, 3, 25),
(592, 591, 'Steve', 'Konowlchuk', 'WSH', 'F', 22, 6, 2, 2, 2, 2, 2, 3, 2, 2, 2, 2, 2, 2, 2, 25),
(593, 592, 'Reggie', 'Savage', 'WSH', 'F', 15, 7, 2, 2, 2, 1, 2, 2, 6, 2, 2, 1, 3, 2, 2, 25),
(594, 593, 'Bob', 'Carpenter', 'WSH', 'F', 11, 7, 4, 4, 3, 3, 3, 2, 4, 3, 2, 3, 4, 4, 3, 25),
(595, 594, 'Todd', 'Krygier', 'WSH', 'F', 21, 6, 2, 3, 2, 3, 2, 2, 4, 2, 2, 3, 5, 1, 2, 25),
(596, 595, 'Alan', 'May', 'WSH', 'F', 16, 9, 2, 2, 2, 3, 3, 3, 7, 2, 2, 3, 4, 2, 5, 25),
(597, 596, 'Peter', 'Bondra', 'WSH', 'F', 12, 6, 4, 6, 4, 3, 3, 2, 0, 4, 4, 4, 2, 3, 2, 25),
(598, 597, 'Pat', 'Elynuik', 'WSH', 'F', 19, 6, 3, 3, 3, 3, 3, 2, 3, 3, 5, 3, 1, 2, 2, 25),
(599, 598, 'Kelly', 'Miller', 'WSH', 'F', 10, 8, 4, 4, 3, 3, 3, 2, 0, 4, 3, 3, 2, 4, 1, 25),
(600, 599, 'Keith', 'Jones', 'WSH', 'F', 26, 7, 2, 2, 2, 2, 2, 3, 3, 2, 3, 2, 2, 3, 4, 25),
(601, 600, 'Paul', 'MacDermid', 'WSH', 'F', 23, 9, 2, 2, 2, 3, 2, 4, 7, 2, 4, 3, 3, 2, 3, 25),
(602, 601, 'Kevin', 'Hatcher', 'WSH', 'D', 4, 12, 3, 3, 4, 4, 5, 4, 3, 4, 2, 4, 4, 4, 3, 25),
(603, 602, 'Al', 'Iafrate', 'WSH', 'D', 34, 11, 4, 4, 4, 4, 6, 4, 6, 4, 2, 4, 4, 4, 4, 25),
(604, 603, 'Sylvain', 'Cote', 'WSH', 'D', 3, 6, 3, 3, 3, 4, 3, 3, 1, 3, 2, 4, 4, 3, 2, 25),
(605, 604, 'Calle', 'Johansson', 'WSH', 'D', 6, 9, 4, 3, 3, 4, 4, 3, 4, 4, 1, 4, 1, 4, 2, 25),
(606, 605, 'Paul', 'Cavallini', 'WSH', 'D', 14, 10, 3, 3, 2, 3, 3, 3, 4, 3, 1, 3, 5, 3, 2, 25),
(607, 606, 'Shawn', 'Anderson', 'WSH', 'D', 36, 9, 2, 2, 1, 2, 2, 3, 6, 2, 1, 2, 3, 3, 1, 25),
(608, 607, 'Jason', 'Woolley', 'WSH', 'D', 25, 6, 2, 2, 1, 1, 1, 2, 2, 2, 0, 1, 2, 1, 2, 25),
(609, 608, 'Rod', 'Langway', 'WSH', 'D', 5, 11, 3, 2, 0, 2, 2, 3, 2, 3, 0, 2, 3, 2, 3, 25),
(610, 609, 'Bob', 'Essensa', 'WPG', 'G', 35, 3, 4, 4, 5, 5, 4, 0, 0, 0, 0, 4, 4, 4, 4, 26),
(611, 610, 'Jim', 'Hrivnak', 'WPG', 'G', 30, 6, 2, 3, 2, 2, 2, 0, 0, 0, 0, 2, 2, 2, 2, 26),
(612, 611, 'Alexei', 'Zhamnov', 'WPG', 'F', 10, 7, 5, 3, 4, 3, 3, 3, 0, 5, 4, 4, 1, 5, 2, 26),
(613, 612, 'Thomas', 'Steen', 'WPG', 'F', 25, 8, 4, 3, 4, 3, 3, 3, 4, 4, 4, 4, 0, 5, 3, 26),
(614, 613, 'Luciano', 'Borsato', 'WPG', 'F', 38, 4, 3, 3, 3, 3, 2, 3, 1, 3, 4, 3, 2, 3, 2, 26),
(615, 614, 'Mike', 'Eagles', 'WPG', 'F', 36, 7, 3, 3, 2, 4, 2, 5, 4, 2, 2, 5, 1, 2, 3, 26),
(616, 615, 'Stu', 'Barnes', 'WPG', 'F', 14, 5, 2, 3, 3, 3, 2, 2, 3, 2, 3, 3, 4, 2, 1, 26),
(617, 616, 'Darrin', 'Shannon', 'WPG', 'F', 34, 9, 2, 2, 3, 4, 3, 4, 0, 3, 4, 4, 0, 3, 3, 26),
(618, 617, 'Keith', 'Tkachuk', 'WPG', 'F', 7, 9, 3, 2, 3, 3, 4, 3, 6, 2, 3, 4, 4, 2, 4, 26),
(619, 618, 'Kris', 'King', 'WPG', 'F', 17, 10, 3, 3, 2, 4, 2, 3, 6, 2, 2, 4, 3, 2, 4, 26),
(620, 619, 'Russ', 'Romaniuk', 'WPG', 'F', 21, 6, 3, 2, 1, 2, 2, 3, 6, 2, 3, 2, 5, 2, 2, 26),
(621, 620, 'Andy', 'Brickley', 'WPG', 'F', 23, 9, 2, 2, 2, 2, 1, 3, 2, 2, 0, 2, 0, 3, 0, 26),
(622, 621, 'Teemu', 'Selanne', 'WPG', 'F', 13, 6, 5, 6, 5, 3, 4, 3, 3, 4, 5, 5, 4, 4, 2, 26),
(623, 622, 'Evgeny', 'Davydov', 'WPG', 'F', 11, 6, 4, 4, 3, 3, 4, 1, 3, 3, 4, 3, 5, 3, 2, 26),
(624, 623, 'John', 'Druce', 'WPG', 'F', 15, 9, 2, 2, 3, 3, 2, 3, 3, 2, 2, 3, 1, 2, 2, 26),
(625, 624, 'Bryan', 'Erickson', 'WPG', 'F', 18, 5, 2, 3, 3, 3, 2, 3, 3, 2, 2, 3, 1, 2, 1, 26),
(626, 625, 'Tie', 'Domi', 'WPG', 'F', 20, 9, 2, 2, 2, 3, 2, 3, 9, 2, 3, 4, 1, 2, 6, 26),
(627, 626, 'Phil', 'Housley', 'WPG', 'D', 6, 6, 6, 5, 4, 3, 3, 2, 4, 6, 2, 4, 0, 6, 2, 26),
(628, 627, 'Teppo', 'Numminen', 'WPG', 'D', 27, 7, 4, 3, 3, 5, 3, 3, 1, 4, 2, 4, 1, 3, 2, 26),
(629, 628, 'Fredrik', 'Olausson', 'WPG', 'D', 4, 9, 4, 3, 4, 3, 4, 1, 1, 4, 2, 3, 1, 4, 1, 26),
(630, 629, 'Sergei', 'Bautin', 'WPG', 'D', 3, 6, 3, 3, 2, 4, 3, 4, 4, 3, 1, 4, 2, 3, 3, 26),
(631, 630, 'Igor', 'Ulanov', 'WPG', 'D', 5, 9, 2, 2, 2, 4, 2, 3, 6, 2, 1, 4, 0, 2, 4, 26),
(632, 631, 'Mike', 'Lalor', 'WPG', 'D', 22, 9, 3, 2, 1, 3, 2, 2, 4, 2, 0, 4, 5, 2, 3, 26),
(633, 632, 'Dean', 'Kennedy', 'WPG', 'D', 26, 9, 2, 2, 1, 3, 2, 3, 3, 2, 0, 4, 4, 2, 3, 26),
(634, 633, 'Randy', 'Carlyle', 'WPG', 'D', 8, 9, 2, 2, 1, 2, 2, 3, 6, 2, 1, 2, 5, 2, 2, 26),
(635, 634, 'Patrick', 'Roy', 'ASE', 'G', 33, 6, 6, 4, 4, 4, 6, 0, 1, 0, 0, 5, 5, 6, 6, 27),
(636, 635, 'Grant', 'Fuhr', 'ASE', 'G', 31, 7, 5, 4, 5, 5, 5, 0, 0, 0, 0, 4, 4, 5, 5, 27),
(637, 636, 'Tom', 'Barrasso', 'ASE', 'G', 35, 10, 4, 4, 5, 5, 4, 0, 0, 0, 0, 4, 4, 4, 4, 27),
(638, 637, 'Mario', 'Lemieux', 'ASE', 'F', 66, 10, 5, 4, 6, 4, 4, 3, 3, 6, 6, 6, 0, 6, 2, 27),
(639, 638, 'Mark', 'Messier', 'ASE', 'F', 11, 10, 5, 4, 4, 4, 3, 5, 4, 5, 3, 4, 0, 5, 3, 27),
(640, 639, 'Kirk', 'Muller', 'ASE', 'F', 10, 9, 4, 4, 4, 4, 4, 4, 4, 4, 4, 4, 1, 4, 3, 27),
(641, 640, 'Adam', 'Oates', 'ASE', 'F', 12, 7, 5, 4, 6, 5, 3, 3, 1, 5, 4, 5, 0, 6, 1, 27),
(642, 641, 'Joe', 'Sakic', 'ASE', 'F', 19, 6, 4, 4, 5, 4, 4, 2, 0, 4, 5, 5, 2, 5, 2, 27),
(643, 642, 'Pierre', 'Turgeon', 'ASE', 'F', 78, 9, 4, 4, 5, 3, 4, 3, 4, 4, 5, 5, 1, 4, 1, 27),
(644, 643, 'Pat', 'LaFontaine', 'ASE', 'F', 16, 5, 5, 4, 6, 4, 3, 3, 3, 5, 4, 6, 0, 5, 2, 27),
(645, 644, 'Kevin', 'Stevens', 'ASE', 'F', 25, 11, 3, 4, 5, 3, 3, 3, 6, 4, 4, 5, 3, 4, 4, 27),
(646, 645, 'Jaromir', 'Jagr', 'ASE', 'F', 68, 10, 5, 4, 4, 3, 3, 4, 4, 5, 3, 4, 1, 4, 2, 27),
(647, 646, 'Peter', 'Bondra', 'ASE', 'F', 13, 6, 4, 6, 4, 3, 3, 2, 0, 4, 4, 4, 2, 3, 2, 27),
(648, 647, 'Mike', 'Gartner', 'ASE', 'F', 22, 7, 5, 5, 4, 4, 5, 2, 3, 5, 3, 5, 5, 5, 2, 27),
(649, 648, 'Rick', 'Tocchet', 'ASE', 'F', 23, 9, 2, 2, 5, 4, 4, 3, 7, 3, 5, 4, 1, 3, 4, 27),
(650, 649, 'Alexnder', 'Mogilny', 'ASE', 'F', 89, 7, 6, 6, 6, 3, 4, 2, 4, 5, 5, 4, 4, 5, 2, 27),
(651, 650, 'Mark', 'Recchi', 'ASE', 'F', 8, 6, 5, 4, 5, 3, 4, 3, 4, 4, 5, 4, 1, 4, 3, 27),
(652, 651, 'Larry', 'Murphy', 'ASE', 'D', 55, 10, 4, 3, 4, 5, 4, 3, 2, 4, 2, 5, 1, 4, 3, 27),
(653, 652, 'Ray', 'Bourque', 'ASE', 'D', 77, 10, 5, 4, 4, 6, 5, 6, 0, 5, 5, 6, 2, 5, 2, 27),
(654, 653, 'Brian', 'Leetch', 'ASE', 'D', 2, 6, 6, 3, 4, 4, 4, 2, 6, 5, 1, 5, 2, 5, 2, 27),
(655, 654, 'Steve', 'Duchesne', 'ASE', 'D', 28, 8, 4, 4, 4, 4, 4, 2, 4, 4, 2, 4, 1, 4, 2, 27),
(656, 655, 'Al', 'Iafrate', 'ASE', 'D', 34, 11, 4, 4, 4, 4, 6, 4, 6, 4, 2, 4, 4, 4, 4, 27),
(657, 656, 'Scott', 'Stevens', 'ASE', 'D', 4, 11, 4, 4, 3, 4, 4, 5, 6, 4, 2, 5, 0, 4, 3, 27),
(658, 657, 'Zarley', 'Zalapski', 'ASE', 'D', 3, 10, 5, 4, 4, 5, 4, 4, 4, 4, 2, 5, 1, 3, 3, 27),
(659, 658, 'Glen', 'Wesley', 'ASE', 'D', 26, 8, 5, 4, 3, 4, 4, 3, 6, 4, 1, 4, 4, 4, 2, 27),
(660, 659, 'Ed', 'Belfour', 'ASW', 'G', 30, 6, 6, 4, 6, 6, 5, 0, 0, 0, 0, 6, 6, 5, 5, 28),
(661, 660, 'Tim', 'Cheveldae', 'ASW', 'G', 32, 6, 4, 4, 4, 4, 4, 0, 0, 0, 0, 4, 3, 4, 4, 28),
(662, 661, 'Felix', 'Potvin', 'ASW', 'G', 29, 6, 4, 4, 6, 6, 4, 0, 0, 0, 0, 4, 4, 4, 4, 28),
(663, 662, 'Steve', 'Yzerman', 'ASW', 'F', 19, 6, 6, 5, 6, 4, 4, 1, 1, 5, 5, 6, 1, 5, 2, 28),
(664, 663, 'Mike', 'Modano', 'ASW', 'F', 9, 7, 5, 5, 4, 4, 5, 2, 4, 5, 2, 5, 2, 4, 3, 28),
(665, 664, 'Jeremy', 'Roenick', 'ASW', 'F', 27, 4, 5, 5, 4, 4, 5, 2, 3, 5, 5, 5, 2, 5, 3, 28),
(666, 665, 'Brian', 'Bradley', 'ASW', 'F', 23, 4, 4, 3, 4, 3, 4, 3, 3, 3, 5, 4, 2, 3, 3, 28),
(667, 666, 'Doug', 'Gilmour', 'ASW', 'F', 93, 4, 5, 4, 5, 5, 4, 4, 4, 4, 4, 6, 0, 4, 3, 28),
(668, 667, 'Wayne', 'Gretzky', 'ASW', 'F', 99, 4, 6, 4, 5, 4, 2, 2, 2, 6, 2, 6, 0, 6, 0, 28),
(669, 668, 'Gary', 'Roberts', 'ASW', 'F', 11, 7, 4, 4, 5, 4, 4, 4, 8, 4, 5, 5, 1, 3, 4, 28),
(670, 669, 'Luc', 'Robitaille', 'ASW', 'F', 20, 7, 4, 4, 5, 3, 4, 2, 4, 5, 6, 5, 2, 4, 3, 28),
(671, 670, 'Theoren', 'Fleury', 'ASW', 'F', 14, 3, 5, 5, 4, 5, 4, 4, 7, 4, 3, 6, 1, 3, 3, 28),
(672, 671, 'Brett', 'Hull', 'ASW', 'F', 16, 9, 4, 4, 5, 3, 6, 3, 3, 5, 3, 4, 4, 3, 2, 28),
(673, 672, 'Pavel', 'Bure', 'ASW', 'F', 10, 5, 5, 6, 5, 4, 4, 2, 0, 5, 4, 4, 4, 4, 2, 28),
(674, 673, 'Teemu', 'Selanne', 'ASW', 'F', 13, 6, 5, 6, 5, 3, 4, 3, 3, 4, 5, 5, 4, 4, 2, 28),
(675, 674, 'Pat', 'Falloon', 'ASW', 'F', 18, 7, 4, 4, 3, 2, 3, 1, 3, 4, 2, 4, 5, 3, 1, 28),
(676, 675, 'Jari', 'Kurri', 'ASW', 'F', 17, 8, 4, 3, 4, 4, 4, 2, 1, 4, 3, 4, 1, 3, 2, 28),
(677, 676, 'Gary', 'Suter', 'ASW', 'D', 22, 7, 5, 4, 4, 5, 4, 4, 6, 4, 2, 5, 2, 4, 3, 28),
(678, 677, 'Jeff', 'Brown', 'ASW', 'D', 21, 9, 3, 3, 4, 4, 5, 2, 3, 4, 3, 5, 1, 4, 2, 28),
(679, 678, 'Paul', 'Coffey', 'ASW', 'D', 77, 9, 6, 5, 4, 3, 4, 2, 4, 6, 1, 5, 1, 5, 3, 28),
(680, 679, 'Chris', 'Chelios', 'ASW', 'D', 7, 7, 4, 4, 4, 6, 5, 4, 7, 5, 1, 6, 2, 4, 5, 28),
(681, 680, 'Phil', 'Housley', 'ASW', 'D', 6, 6, 6, 5, 4, 3, 3, 2, 4, 6, 2, 4, 0, 6, 2, 28),
(682, 681, 'Dave', 'Manson', 'ASW', 'D', 24, 9, 4, 4, 3, 5, 5, 4, 10, 4, 1, 5, 4, 3, 4, 28),
(683, 682, 'Steve', 'Smith', 'ASW', 'D', 5, 11, 4, 4, 3, 4, 4, 4, 6, 4, 1, 5, 2, 4, 4, 28),
(684, 683, 'Steve', 'Chiasson', 'ASW', 'D', 3, 9, 4, 3, 4, 4, 4, 3, 6, 4, 1, 4, 2, 3, 4, 28);

-- --------------------------------------------------------

--
-- Table structure for table `schedule`
--

CREATE TABLE IF NOT EXISTS `schedule` (
  `ID` int(11) NOT NULL AUTO_INCREMENT,
  `HomeTeamID` int(11) DEFAULT NULL,
  `AwayTeamID` int(11) DEFAULT NULL,
  `HomeScore` int(11) DEFAULT NULL,
  `AwayScore` int(11) DEFAULT NULL,
  `OT` int(11) DEFAULT NULL,
  `ConfirmTime` date DEFAULT NULL,
  `GameID` int(11) DEFAULT NULL,
  `SeriesID` int(11) NOT NULL,
  `HomeUserID` int(11) NOT NULL,
  `AwayUserID` int(11) NOT NULL,
  `WinnerUserID` int(11) DEFAULT NULL,
  PRIMARY KEY (`ID`)
) ENGINE=InnoDB  DEFAULT CHARSET=latin1 AUTO_INCREMENT=406 ;

--
-- Dumping data for table `schedule`
--

INSERT INTO `schedule` (`ID`, `HomeTeamID`, `AwayTeamID`, `HomeScore`, `AwayScore`, `OT`, `ConfirmTime`, `GameID`, `SeriesID`, `HomeUserID`, `AwayUserID`, `WinnerUserID`) VALUES
(309, 3, 5, 2, 3, 0, '2016-08-04', 96, 83, 1, 2, 2),
(310, 3, 5, 5, 6, 0, '2016-08-04', 97, 83, 1, 2, 2),
(311, 3, 5, 2, 3, 1, '2016-08-04', 98, 83, 1, 2, 2),
(312, 5, 3, 4, 2, 0, '2016-08-04', 99, 83, 2, 1, 2),
(313, NULL, NULL, NULL, NULL, NULL, NULL, NULL, 83, 2, 1, NULL),
(314, NULL, NULL, NULL, NULL, NULL, NULL, NULL, 83, 2, 1, NULL),
(315, NULL, NULL, NULL, NULL, NULL, NULL, NULL, 83, 1, 2, NULL),
(316, 3, 23, 5, 6, 0, '2016-08-04', 100, 84, 1, 2, 2),
(317, 3, 23, 4, 3, 1, '2016-08-04', 101, 84, 1, 2, 1),
(318, 3, 23, 2, 1, 0, '2016-08-04', 102, 84, 1, 2, 1),
(319, 12, 3, 6, 7, 1, '2016-08-04', 103, 84, 2, 1, 1),
(320, 12, 3, 4, 1, 0, '2016-08-04', 104, 84, 2, 1, 2),
(321, 12, 3, 2, 3, 0, '2016-08-04', 105, 84, 2, 1, 1),
(322, NULL, NULL, NULL, NULL, NULL, NULL, NULL, 84, 1, 2, NULL),
(323, 3, 19, 2, 4, 0, '2016-08-04', 106, 85, 1, 2, 2),
(324, 3, 19, 4, 6, 0, '2016-08-04', 107, 85, 1, 2, 2),
(325, 3, 19, 5, 3, 0, '2016-08-04', 108, 85, 1, 2, 1),
(326, 19, 3, 4, 3, 0, '2016-08-04', 109, 85, 2, 1, 2),
(327, 19, 3, 2, 3, 0, '2016-08-04', 110, 85, 2, 1, 1),
(328, 19, 3, 2, 4, 0, '2016-08-04', 111, 85, 2, 1, 1),
(329, 3, 19, 1, 0, 0, '2016-08-04', 112, 85, 1, 2, 1),
(330, 5, 7, 3, 2, 0, '2016-08-04', 113, 86, 2, 1, 2),
(331, 5, 7, 3, 2, 0, '2016-08-04', 114, 86, 2, 1, 2),
(332, 5, 7, 3, 2, 1, '2016-08-04', 115, 86, 2, 1, 2),
(333, 7, 5, 6, 4, 0, '2016-08-04', 116, 86, 1, 2, 1),
(334, 7, 5, 5, 3, 0, '2016-08-04', 117, 86, 1, 2, 1),
(335, 7, 5, 7, 5, 0, '2016-08-04', 118, 86, 1, 2, 1),
(336, 5, 7, 4, 5, 0, '2016-08-04', 119, 86, 2, 1, 1),
(337, 3, 10, 4, 3, 1, '2016-08-04', 120, 87, 1, 2, 1),
(338, 3, 10, 3, 1, 0, '2016-08-04', 121, 87, 1, 2, 1),
(339, 3, 10, 4, 3, 1, '2016-08-04', 122, 87, 1, 2, 1),
(340, 10, 3, 2, 3, 1, '2016-08-04', 123, 87, 2, 1, 1),
(341, NULL, NULL, NULL, NULL, NULL, NULL, NULL, 87, 2, 1, NULL),
(342, NULL, NULL, NULL, NULL, NULL, NULL, NULL, 87, 2, 1, NULL),
(343, NULL, NULL, NULL, NULL, NULL, NULL, NULL, 87, 1, 2, NULL),
(344, 3, 23, 5, 6, 0, '2016-08-04', 124, 88, 1, 2, 2),
(345, 3, 23, 4, 3, 1, '2016-08-04', 125, 88, 1, 2, 1),
(346, 3, 23, 2, 1, 0, '2016-08-04', 126, 88, 1, 2, 1),
(347, 12, 3, 6, 7, 1, '2016-08-04', 127, 88, 2, 1, 1),
(348, 12, 3, 4, 1, 0, '2016-08-04', 128, 88, 2, 1, 2),
(349, 12, 3, 2, 3, 0, '2016-08-04', 129, 88, 2, 1, 1),
(350, NULL, NULL, NULL, NULL, NULL, NULL, NULL, 88, 1, 2, NULL),
(351, 26, 12, 4, 2, 0, '2016-08-04', 130, 89, 2, 1, 2),
(352, 26, 3, 7, 5, 0, '2016-08-04', 131, 89, 2, 1, 2),
(353, 26, 3, 3, 4, 0, '2016-08-04', 132, 89, 2, 1, 1),
(354, 3, 26, 1, 0, 0, '2016-08-04', 133, 89, 1, 2, 1),
(355, 3, 26, 4, 3, 0, '2016-08-04', 134, 89, 1, 2, 1),
(356, NULL, NULL, NULL, NULL, NULL, NULL, NULL, 89, 1, 2, NULL),
(357, NULL, NULL, NULL, NULL, NULL, NULL, NULL, 89, 2, 1, NULL),
(358, 22, 9, 5, 6, 1, '2016-08-04', 135, 90, 1, 2, 2),
(359, NULL, NULL, NULL, NULL, NULL, NULL, NULL, 90, 1, 2, NULL),
(360, NULL, NULL, NULL, NULL, NULL, NULL, NULL, 90, 1, 2, NULL),
(361, NULL, NULL, NULL, NULL, NULL, NULL, NULL, 90, 2, 1, NULL),
(362, NULL, NULL, NULL, NULL, NULL, NULL, NULL, 90, 2, 1, NULL),
(363, NULL, NULL, NULL, NULL, NULL, NULL, NULL, 90, 2, 1, NULL),
(364, NULL, NULL, NULL, NULL, NULL, NULL, NULL, 90, 1, 2, NULL),
(371, 10, 2, 5, 3, 0, '2016-08-04', 147, 91, 2, 1, 2),
(372, 10, 2, 6, 3, 0, '2016-08-04', 151, 91, 2, 1, 2),
(373, 10, 2, 2, 5, 0, '2016-08-04', 153, 91, 2, 1, 1),
(374, 8, 10, 5, 2, 0, '2016-08-04', 155, 91, 1, 2, 1),
(375, 8, 10, 3, 2, 1, '2016-08-04', 157, 91, 1, 2, 1),
(376, 8, 10, 3, 4, 1, '2016-08-04', 158, 91, 1, 2, 2),
(377, 10, 8, 2, 3, 0, '2016-08-04', 159, 91, 2, 1, 1),
(378, 10, 11, 4, 5, 1, '2016-08-04', 160, 92, 2, 1, 1),
(379, 10, 11, 4, 1, 0, '2016-08-04', 161, 92, 2, 1, 2),
(380, 10, 11, 8, 1, 0, '2016-08-04', 162, 92, 2, 1, 2),
(381, 11, 10, 4, 5, 1, '2016-08-04', 163, 92, 1, 2, 2),
(382, 11, 10, 1, 6, 0, '2016-08-04', 164, 92, 1, 2, 2),
(383, NULL, NULL, NULL, NULL, NULL, NULL, NULL, 92, 1, 2, NULL),
(384, NULL, NULL, NULL, NULL, NULL, NULL, NULL, 92, 2, 1, NULL),
(385, 8, 22, 2, 4, 0, '2016-08-04', 165, 93, 2, 1, 1),
(386, NULL, NULL, NULL, NULL, NULL, NULL, NULL, 93, 2, 1, NULL),
(387, NULL, NULL, NULL, NULL, NULL, NULL, NULL, 93, 2, 1, NULL),
(388, NULL, NULL, NULL, NULL, NULL, NULL, NULL, 93, 2, 1, NULL),
(389, NULL, NULL, NULL, NULL, NULL, NULL, NULL, 93, 2, 1, NULL),
(390, NULL, NULL, NULL, NULL, NULL, NULL, NULL, 93, 2, 1, NULL),
(391, NULL, NULL, NULL, NULL, NULL, NULL, NULL, 93, 2, 1, NULL),
(392, 10, 8, 1, 6, 0, '2016-08-04', 166, 94, 2, 1, 1),
(393, NULL, NULL, NULL, NULL, NULL, NULL, NULL, 94, 2, 1, NULL),
(394, NULL, NULL, NULL, NULL, NULL, NULL, NULL, 94, 2, 1, NULL),
(395, NULL, NULL, NULL, NULL, NULL, NULL, NULL, 94, 2, 1, NULL),
(396, NULL, NULL, NULL, NULL, NULL, NULL, NULL, 94, 2, 1, NULL),
(397, NULL, NULL, NULL, NULL, NULL, NULL, NULL, 94, 2, 1, NULL),
(398, NULL, NULL, NULL, NULL, NULL, NULL, NULL, 94, 2, 1, NULL),
(399, 19, 4, 1, 8, 0, '2016-08-04', 167, 95, 2, 1, 1),
(400, 19, 4, 3, 4, 1, '2016-08-04', 168, 95, 2, 1, 1),
(401, 19, 4, 9, 2, 0, '2016-08-04', 169, 95, 2, 1, 2),
(402, 4, 19, 5, 2, 0, '2016-08-04', 170, 95, 1, 2, 1),
(403, 4, 19, 3, 7, 0, '2016-08-04', 171, 95, 1, 2, 2),
(404, 4, 19, 7, 8, 0, '2016-08-04', 172, 95, 1, 2, 2),
(405, 19, 4, 2, 7, 0, '2016-08-04', 173, 95, 2, 1, 1);

-- --------------------------------------------------------

--
-- Table structure for table `scoresum`
--

CREATE TABLE IF NOT EXISTS `scoresum` (
  `ID` int(11) NOT NULL AUTO_INCREMENT,
  `GameID` int(11) NOT NULL,
  `TeamID` int(11) NOT NULL,
  `Period` int(11) NOT NULL,
  `Time` time NOT NULL,
  `G` int(11) NOT NULL,
  `A1` int(11) NOT NULL,
  `A2` int(11) NOT NULL,
  `Type` varchar(255) NOT NULL,
  PRIMARY KEY (`ID`)
) ENGINE=InnoDB  DEFAULT CHARSET=latin1 AUTO_INCREMENT=1245 ;

--
-- Dumping data for table `scoresum`
--

INSERT INTO `scoresum` (`ID`, `GameID`, `TeamID`, `Period`, `Time`, `G`, `A1`, `A2`, `Type`) VALUES
(672, 96, 5, 1, '02:21:00', 104, 95, 110, 'EV'),
(673, 96, 5, 2, '00:35:00', 95, 104, 93, 'EV'),
(674, 96, 3, 3, '01:58:00', 55, 47, 0, 'SH'),
(675, 96, 5, 3, '03:29:00', 95, 110, 93, 'EV'),
(676, 96, 3, 3, '04:29:00', 55, 61, 0, 'EV'),
(677, 97, 5, 1, '02:05:00', 95, 104, 93, 'PP'),
(678, 97, 5, 1, '02:23:00', 95, 0, 0, 'EV'),
(679, 97, 3, 1, '02:44:00', 55, 46, 0, 'EV'),
(680, 97, 3, 1, '03:38:00', 55, 62, 0, 'EV'),
(681, 97, 5, 1, '04:10:00', 96, 110, 104, 'EV'),
(682, 97, 3, 1, '04:17:00', 46, 55, 0, 'EV'),
(683, 97, 5, 2, '00:16:00', 96, 0, 0, 'EV'),
(684, 97, 3, 2, '01:05:00', 55, 62, 0, 'EV'),
(685, 97, 3, 3, '01:27:00', 55, 46, 0, 'EV'),
(686, 97, 5, 3, '02:29:00', 95, 0, 0, 'EV'),
(687, 97, 5, 3, '02:38:00', 96, 104, 111, 'EV'),
(688, 98, 3, 1, '04:31:00', 55, 46, 0, 'SH'),
(689, 98, 5, 2, '00:08:00', 95, 104, 0, 'PP'),
(690, 98, 5, 2, '02:32:00', 104, 96, 0, 'EV'),
(691, 98, 3, 3, '02:00:00', 46, 63, 55, 'EV'),
(692, 98, 5, 4, '00:31:00', 95, 97, 0, 'SH'),
(693, 99, 5, 1, '01:11:00', 110, 95, 97, 'EV'),
(694, 99, 3, 1, '04:20:00', 46, 63, 61, 'SH2'),
(695, 99, 5, 2, '00:44:00', 95, 97, 110, 'EV'),
(696, 99, 5, 2, '02:14:00', 95, 97, 0, 'EV'),
(697, 99, 3, 3, '02:50:00', 46, 43, 0, 'PP'),
(698, 99, 5, 3, '03:58:00', 95, 111, 0, 'EV'),
(699, 100, 3, 1, '02:34:00', 55, 0, 0, 'PP'),
(700, 100, 23, 1, '03:52:00', 548, 553, 0, 'EV'),
(701, 100, 23, 2, '00:22:00', 538, 548, 0, 'PP'),
(702, 100, 23, 2, '00:38:00', 538, 547, 0, 'EV'),
(703, 100, 3, 2, '02:38:00', 46, 61, 0, 'EV'),
(704, 100, 23, 3, '00:41:00', 547, 548, 553, 'PP'),
(705, 100, 23, 3, '01:56:00', 538, 548, 0, 'EV'),
(706, 100, 23, 3, '03:28:00', 538, 556, 0, 'EV'),
(707, 100, 3, 3, '03:35:00', 47, 46, 0, 'EV'),
(708, 100, 3, 3, '03:45:00', 46, 47, 0, 'EV'),
(709, 100, 3, 3, '04:44:00', 47, 43, 0, 'PP'),
(710, 101, 23, 1, '02:22:00', 538, 0, 0, 'EV'),
(711, 101, 23, 1, '04:22:00', 547, 0, 0, 'EV'),
(712, 101, 3, 2, '04:18:00', 46, 55, 0, 'EV'),
(713, 101, 3, 3, '02:22:00', 55, 0, 0, 'SH'),
(714, 101, 23, 3, '02:46:00', 543, 556, 535, 'EV'),
(715, 101, 3, 3, '04:07:00', 55, 0, 0, 'EV'),
(716, 101, 3, 4, '00:24:00', 55, 61, 46, 'EV'),
(717, 102, 3, 1, '04:30:00', 47, 0, 0, 'EV'),
(718, 102, 23, 2, '00:30:00', 538, 547, 553, 'EV'),
(719, 102, 3, 2, '04:06:00', 62, 0, 0, 'EV'),
(720, 103, 12, 1, '01:49:00', 262, 264, 263, 'EV'),
(721, 103, 3, 1, '02:22:00', 46, 47, 43, 'EV'),
(722, 103, 3, 1, '03:22:00', 46, 47, 62, 'EV'),
(723, 103, 3, 1, '04:21:00', 62, 46, 55, 'EV'),
(724, 103, 12, 2, '00:39:00', 263, 264, 281, 'EV'),
(725, 103, 12, 2, '01:39:00', 264, 262, 0, 'EV'),
(726, 103, 3, 2, '04:39:00', 55, 62, 0, 'SH'),
(727, 103, 12, 2, '04:49:00', 264, 263, 262, 'PP'),
(728, 103, 12, 3, '00:31:00', 262, 264, 0, 'EV'),
(729, 103, 3, 3, '02:34:00', 55, 46, 62, 'EV'),
(730, 103, 3, 3, '03:33:00', 55, 43, 0, 'EV'),
(731, 103, 12, 3, '03:45:00', 264, 0, 0, 'EV'),
(732, 103, 3, 4, '01:42:00', 46, 62, 43, 'EV'),
(733, 104, 12, 1, '00:58:00', 263, 266, 0, 'EV'),
(734, 104, 12, 1, '01:45:00', 264, 263, 281, 'EV'),
(735, 104, 3, 1, '04:18:00', 55, 0, 0, 'EV'),
(736, 104, 12, 2, '01:53:00', 263, 264, 281, 'EV'),
(737, 104, 12, 3, '02:26:00', 264, 266, 0, 'EV'),
(738, 105, 3, 2, '00:11:00', 55, 46, 0, 'EV'),
(739, 105, 12, 2, '02:16:00', 266, 263, 260, 'EV'),
(740, 105, 3, 2, '03:01:00', 55, 62, 0, 'EV'),
(741, 105, 12, 2, '03:46:00', 263, 266, 260, 'EV'),
(742, 105, 3, 3, '01:32:00', 46, 0, 0, 'EV'),
(743, 106, 19, 1, '02:07:00', 448, 438, 0, 'PP2'),
(744, 106, 19, 1, '02:43:00', 437, 452, 453, 'PP'),
(745, 106, 3, 1, '03:29:00', 48, 46, 55, 'EV'),
(746, 106, 19, 2, '03:21:00', 437, 438, 0, 'EV'),
(747, 106, 3, 2, '04:20:00', 48, 47, 55, 'EV'),
(748, 106, 19, 3, '02:29:00', 438, 452, 435, 'EV'),
(749, 107, 19, 1, '00:33:00', 438, 0, 0, 'PP'),
(750, 107, 3, 1, '01:14:00', 55, 0, 0, 'EV'),
(751, 107, 19, 2, '00:13:00', 452, 448, 438, 'PP'),
(752, 107, 3, 2, '02:55:00', 46, 61, 0, 'SH'),
(753, 107, 19, 2, '03:38:00', 437, 452, 0, 'PP'),
(754, 107, 19, 2, '04:03:00', 452, 0, 0, 'EV'),
(755, 107, 3, 3, '00:46:00', 55, 46, 0, 'EV'),
(756, 107, 19, 3, '01:15:00', 448, 437, 438, 'EV'),
(757, 107, 3, 3, '02:42:00', 55, 0, 0, 'EV'),
(758, 107, 19, 3, '04:56:00', 438, 0, 0, 'SH'),
(759, 108, 3, 1, '00:53:00', 55, 62, 0, 'EV'),
(760, 108, 19, 1, '02:14:00', 448, 0, 0, 'EV'),
(761, 108, 19, 1, '02:43:00', 448, 0, 0, 'EV'),
(762, 108, 3, 1, '04:16:00', 55, 46, 62, 'PP'),
(763, 108, 3, 2, '04:58:00', 55, 64, 62, 'EV'),
(764, 108, 3, 3, '03:38:00', 55, 62, 0, 'PP'),
(765, 108, 3, 3, '04:08:00', 46, 55, 0, 'EV'),
(766, 108, 19, 3, '04:54:00', 438, 0, 0, 'EV'),
(767, 109, 3, 1, '01:22:00', 46, 55, 0, 'SH'),
(768, 109, 3, 1, '02:06:00', 64, 62, 55, 'EV'),
(769, 109, 19, 1, '03:00:00', 448, 452, 453, 'SH'),
(770, 109, 19, 2, '00:46:00', 449, 437, 453, 'PP'),
(771, 109, 19, 2, '01:07:00', 448, 0, 0, 'EV'),
(772, 109, 19, 2, '04:09:00', 449, 448, 0, 'PP'),
(773, 109, 3, 3, '01:11:00', 55, 46, 61, 'EV'),
(774, 110, 3, 1, '04:48:00', 55, 46, 0, 'EV'),
(775, 110, 3, 2, '01:20:00', 55, 61, 0, 'SH'),
(776, 110, 3, 3, '00:36:00', 47, 55, 0, 'EV'),
(777, 110, 19, 3, '01:42:00', 448, 0, 0, 'EV'),
(778, 110, 19, 3, '02:44:00', 448, 0, 0, 'EV'),
(779, 111, 3, 2, '02:44:00', 46, 0, 0, 'EV'),
(780, 111, 3, 2, '03:10:00', 55, 47, 0, 'EV'),
(781, 111, 19, 3, '01:53:00', 452, 437, 438, 'EV'),
(782, 111, 19, 3, '02:34:00', 453, 0, 0, 'EV'),
(783, 111, 3, 3, '03:19:00', 46, 55, 0, 'EV'),
(784, 111, 3, 3, '04:36:00', 55, 46, 43, 'EV'),
(785, 112, 3, 1, '02:14:00', 47, 0, 0, 'EV'),
(786, 113, 5, 1, '04:45:00', 96, 95, 0, 'EV'),
(787, 113, 7, 2, '01:20:00', 145, 0, 0, 'EV'),
(788, 113, 5, 2, '02:18:00', 104, 0, 0, 'PP'),
(789, 113, 5, 2, '02:29:00', 95, 96, 0, 'EV'),
(790, 113, 7, 3, '03:45:00', 155, 145, 0, 'EV'),
(791, 114, 5, 1, '01:39:00', 95, 0, 0, 'SH'),
(792, 114, 7, 1, '02:53:00', 155, 146, 163, 'EV'),
(793, 114, 5, 1, '03:50:00', 96, 104, 95, 'PP'),
(794, 114, 7, 3, '02:45:00', 155, 145, 0, 'EV'),
(795, 114, 5, 3, '04:13:00', 110, 96, 0, 'EV'),
(796, 115, 5, 1, '00:09:00', 95, 104, 0, 'EV'),
(797, 115, 5, 1, '02:15:00', 95, 96, 110, 'EV'),
(798, 115, 7, 2, '01:29:00', 155, 163, 165, 'SH'),
(799, 115, 7, 3, '00:51:00', 155, 0, 0, 'EV'),
(800, 115, 5, 4, '01:05:00', 104, 0, 0, 'EV'),
(801, 116, 5, 1, '03:32:00', 111, 104, 95, 'EV'),
(802, 116, 7, 2, '02:48:00', 146, 160, 0, 'SH'),
(803, 116, 7, 2, '04:43:00', 146, 145, 0, 'EV'),
(804, 116, 7, 3, '00:46:00', 145, 160, 0, 'EV'),
(805, 116, 5, 3, '02:37:00', 95, 108, 104, 'EV'),
(806, 116, 7, 3, '03:19:00', 155, 146, 160, 'EV'),
(807, 116, 7, 3, '03:47:00', 155, 160, 0, 'EV'),
(808, 116, 5, 3, '04:07:00', 108, 0, 0, 'EV'),
(809, 116, 7, 3, '04:28:00', 145, 0, 0, 'PP'),
(810, 116, 5, 3, '04:56:00', 96, 0, 0, 'SH'),
(811, 117, 7, 1, '01:27:00', 155, 160, 0, 'EV'),
(812, 117, 7, 1, '02:46:00', 155, 0, 0, 'EV'),
(813, 117, 7, 1, '04:03:00', 145, 146, 0, 'EV'),
(814, 117, 5, 2, '00:43:00', 96, 95, 0, 'EV'),
(815, 117, 5, 3, '01:18:00', 95, 0, 0, 'EV'),
(816, 117, 7, 3, '02:47:00', 155, 146, 0, 'EV'),
(817, 117, 7, 3, '03:32:00', 146, 160, 163, 'EV'),
(818, 117, 5, 3, '04:59:00', 95, 93, 96, 'EV'),
(819, 118, 7, 1, '02:09:00', 155, 163, 0, 'PP'),
(820, 118, 7, 1, '03:32:00', 146, 0, 0, 'EV'),
(821, 118, 5, 1, '04:27:00', 104, 110, 95, 'EV'),
(822, 118, 7, 2, '03:01:00', 155, 160, 146, 'EV'),
(823, 118, 5, 2, '03:57:00', 95, 0, 0, 'PP'),
(824, 118, 7, 2, '04:59:00', 160, 146, 155, 'EV'),
(825, 118, 7, 3, '01:03:00', 145, 160, 163, 'EV'),
(826, 118, 7, 3, '01:14:00', 155, 145, 163, 'EV'),
(827, 118, 5, 3, '01:55:00', 104, 0, 0, 'EV'),
(828, 118, 5, 3, '04:06:00', 95, 0, 0, 'EV'),
(829, 118, 5, 3, '04:15:00', 97, 95, 110, 'EV'),
(830, 118, 7, 3, '04:31:00', 145, 163, 155, 'EV'),
(831, 119, 7, 1, '00:11:00', 155, 0, 0, 'EV'),
(832, 119, 5, 1, '00:31:00', 95, 96, 104, 'EV'),
(833, 119, 7, 1, '01:13:00', 155, 0, 0, 'EV'),
(834, 119, 5, 1, '01:21:00', 95, 96, 111, 'EV'),
(835, 119, 7, 1, '01:43:00', 146, 145, 155, 'EV'),
(836, 119, 7, 1, '04:32:00', 155, 146, 0, 'EV'),
(837, 119, 5, 2, '01:59:00', 104, 0, 0, 'EV'),
(838, 119, 7, 2, '02:58:00', 146, 155, 0, 'PP'),
(839, 119, 5, 2, '03:42:00', 95, 96, 0, 'EV'),
(840, 120, 10, 1, '02:52:00', 214, 228, 218, 'EV'),
(841, 120, 3, 1, '04:39:00', 61, 0, 0, 'EV'),
(842, 120, 3, 2, '02:17:00', 46, 0, 0, 'EV'),
(843, 120, 10, 2, '04:23:00', 223, 214, 0, 'EV'),
(844, 120, 3, 3, '03:22:00', 55, 46, 0, 'EV'),
(845, 120, 10, 3, '04:05:00', 223, 230, 0, 'EV'),
(846, 120, 3, 4, '03:42:00', 47, 55, 46, 'EV'),
(847, 121, 3, 1, '02:03:00', 55, 47, 0, 'EV'),
(848, 121, 3, 1, '04:47:00', 55, 61, 0, 'EV'),
(849, 121, 10, 3, '00:17:00', 223, 214, 0, 'SH'),
(850, 121, 3, 3, '00:50:00', 46, 55, 0, 'PP'),
(851, 122, 3, 1, '03:21:00', 47, 61, 59, 'EV'),
(852, 122, 10, 2, '02:11:00', 223, 210, 230, 'EV'),
(853, 122, 10, 2, '03:41:00', 214, 218, 0, 'SH'),
(854, 122, 3, 2, '04:10:00', 55, 46, 0, 'PP'),
(855, 122, 3, 3, '00:52:00', 47, 55, 62, 'EV'),
(856, 122, 10, 3, '04:34:00', 223, 0, 0, 'EV'),
(857, 122, 3, 4, '00:28:00', 55, 46, 47, 'PP'),
(858, 123, 3, 1, '01:36:00', 55, 46, 0, 'SH'),
(859, 123, 10, 1, '02:08:00', 218, 214, 0, 'PP'),
(860, 123, 3, 1, '04:34:00', 55, 47, 62, 'EV'),
(861, 123, 10, 2, '04:29:00', 223, 218, 0, 'EV'),
(862, 123, 3, 4, '01:06:00', 46, 55, 43, 'SH'),
(863, 124, 3, 1, '02:34:00', 55, 0, 0, 'PP'),
(864, 124, 23, 1, '03:52:00', 548, 553, 0, 'EV'),
(865, 124, 23, 2, '00:22:00', 538, 548, 0, 'PP'),
(866, 124, 23, 2, '00:38:00', 538, 547, 0, 'EV'),
(867, 124, 3, 2, '02:38:00', 46, 61, 0, 'EV'),
(868, 124, 23, 3, '00:41:00', 547, 548, 553, 'PP'),
(869, 124, 23, 3, '01:56:00', 538, 548, 0, 'EV'),
(870, 124, 23, 3, '03:28:00', 538, 556, 0, 'EV'),
(871, 124, 3, 3, '03:35:00', 47, 46, 0, 'EV'),
(872, 124, 3, 3, '03:45:00', 46, 47, 0, 'EV'),
(873, 124, 3, 3, '04:44:00', 47, 43, 0, 'PP'),
(874, 125, 23, 1, '02:22:00', 538, 0, 0, 'EV'),
(875, 125, 23, 1, '04:22:00', 547, 0, 0, 'EV'),
(876, 125, 3, 2, '04:18:00', 46, 55, 0, 'EV'),
(877, 125, 3, 3, '02:22:00', 55, 0, 0, 'SH'),
(878, 125, 23, 3, '02:46:00', 543, 556, 535, 'EV'),
(879, 125, 3, 3, '04:07:00', 55, 0, 0, 'EV'),
(880, 125, 3, 4, '00:24:00', 55, 61, 46, 'EV'),
(881, 126, 3, 1, '04:30:00', 47, 0, 0, 'EV'),
(882, 126, 23, 2, '00:30:00', 538, 547, 553, 'EV'),
(883, 126, 3, 2, '04:06:00', 62, 0, 0, 'EV'),
(884, 127, 12, 1, '01:49:00', 262, 264, 263, 'EV'),
(885, 127, 3, 1, '02:22:00', 46, 47, 43, 'EV'),
(886, 127, 3, 1, '03:22:00', 46, 47, 62, 'EV'),
(887, 127, 3, 1, '04:21:00', 62, 46, 55, 'EV'),
(888, 127, 12, 2, '00:39:00', 263, 264, 281, 'EV'),
(889, 127, 12, 2, '01:39:00', 264, 262, 0, 'EV'),
(890, 127, 3, 2, '04:39:00', 55, 62, 0, 'SH'),
(891, 127, 12, 2, '04:49:00', 264, 263, 262, 'PP'),
(892, 127, 12, 3, '00:31:00', 262, 264, 0, 'EV'),
(893, 127, 3, 3, '02:34:00', 55, 46, 62, 'EV'),
(894, 127, 3, 3, '03:33:00', 55, 43, 0, 'EV'),
(895, 127, 12, 3, '03:45:00', 264, 0, 0, 'EV'),
(896, 127, 3, 4, '01:42:00', 46, 62, 43, 'EV'),
(897, 128, 12, 1, '00:58:00', 263, 266, 0, 'EV'),
(898, 128, 12, 1, '01:45:00', 264, 263, 281, 'EV'),
(899, 128, 3, 1, '04:18:00', 55, 0, 0, 'EV'),
(900, 128, 12, 2, '01:53:00', 263, 264, 281, 'EV'),
(901, 128, 12, 3, '02:26:00', 264, 266, 0, 'EV'),
(902, 129, 3, 2, '00:11:00', 55, 46, 0, 'EV'),
(903, 129, 12, 2, '02:16:00', 266, 263, 260, 'EV'),
(904, 129, 3, 2, '03:01:00', 55, 62, 0, 'EV'),
(905, 129, 12, 2, '03:46:00', 263, 266, 260, 'EV'),
(906, 129, 3, 3, '01:32:00', 46, 0, 0, 'EV'),
(907, 130, 26, 1, '00:35:00', 611, 622, 626, 'EV'),
(908, 130, 26, 1, '02:54:00', 621, 0, 0, 'EV'),
(909, 130, 26, 2, '02:53:00', 622, 627, 621, 'EV'),
(910, 130, 26, 3, '01:47:00', 621, 622, 0, 'EV'),
(911, 130, 12, 3, '03:27:00', 263, 0, 0, 'EV'),
(912, 130, 12, 3, '04:18:00', 263, 264, 0, 'EV'),
(913, 131, 3, 1, '00:41:00', 55, 47, 46, 'EV'),
(914, 131, 3, 1, '04:41:00', 55, 46, 62, 'EV'),
(915, 131, 26, 2, '01:15:00', 621, 0, 0, 'EV'),
(916, 131, 26, 2, '04:05:00', 611, 626, 0, 'EV'),
(917, 131, 26, 2, '04:13:00', 626, 611, 0, 'EV'),
(918, 131, 3, 2, '04:23:00', 55, 0, 0, 'EV'),
(919, 131, 26, 3, '00:15:00', 621, 611, 0, 'EV'),
(920, 131, 26, 3, '01:05:00', 611, 0, 0, 'EV'),
(921, 131, 26, 3, '01:25:00', 611, 621, 612, 'EV'),
(922, 131, 3, 3, '02:08:00', 61, 0, 0, 'EV'),
(923, 131, 3, 3, '02:45:00', 55, 46, 62, 'EV'),
(924, 131, 26, 3, '04:59:00', 621, 627, 0, 'EV'),
(925, 132, 3, 1, '00:22:00', 61, 0, 0, 'EV'),
(926, 132, 26, 1, '00:58:00', 611, 626, 0, 'EV'),
(927, 132, 26, 1, '01:05:00', 621, 611, 0, 'EV'),
(928, 132, 3, 1, '03:14:00', 55, 0, 0, 'EV'),
(929, 132, 3, 1, '03:47:00', 55, 47, 0, 'EV'),
(930, 132, 3, 2, '02:14:00', 46, 43, 0, 'EV'),
(931, 132, 26, 2, '02:38:00', 622, 621, 0, 'EV'),
(932, 133, 3, 1, '00:10:00', 55, 0, 0, 'EV'),
(933, 134, 3, 1, '00:15:00', 55, 0, 0, 'EV'),
(934, 134, 26, 1, '00:35:00', 611, 627, 626, 'EV'),
(935, 134, 26, 1, '01:21:00', 611, 622, 0, 'EV'),
(936, 134, 26, 1, '03:12:00', 621, 0, 0, 'EV'),
(937, 134, 3, 1, '03:58:00', 55, 47, 43, 'EV'),
(938, 134, 3, 3, '01:01:00', 55, 46, 47, 'EV'),
(939, 134, 3, 3, '02:11:00', 46, 47, 43, 'EV'),
(940, 135, 22, 1, '00:33:00', 513, 512, 514, 'EV'),
(941, 135, 9, 1, '00:53:00', 195, 196, 0, 'EV'),
(942, 135, 22, 1, '01:29:00', 519, 514, 518, 'EV'),
(943, 135, 9, 1, '01:48:00', 196, 193, 0, 'EV'),
(944, 135, 9, 1, '04:51:00', 195, 193, 0, 'SH2'),
(945, 135, 9, 2, '02:39:00', 197, 196, 193, 'SH'),
(946, 135, 22, 3, '01:13:00', 513, 512, 518, 'SH'),
(947, 135, 22, 3, '01:54:00', 512, 518, 521, 'EV'),
(948, 135, 9, 3, '02:24:00', 196, 193, 0, 'EV'),
(949, 135, 22, 3, '04:58:00', 513, 0, 0, 'EV'),
(950, 135, 9, 4, '00:08:00', 196, 195, 0, 'EV'),
(1007, 143, 10, 1, '02:30:00', 218, 224, 223, 'SH'),
(1008, 143, 2, 1, '02:46:00', 20, 24, 0, 'EV'),
(1009, 143, 10, 2, '04:47:00', 228, 0, 0, 'EV'),
(1010, 143, 2, 3, '00:08:00', 20, 29, 0, 'EV'),
(1011, 143, 2, 3, '00:57:00', 20, 36, 18, 'EV'),
(1012, 143, 2, 3, '04:23:00', 24, 36, 0, 'EV'),
(1013, 143, 2, 3, '04:48:00', 24, 20, 0, 'EV'),
(1035, 147, 2, 2, '02:48:00', 29, 36, 0, 'EV'),
(1036, 147, 10, 2, '04:06:00', 218, 228, 0, 'PP'),
(1037, 147, 2, 2, '04:14:00', 24, 20, 29, 'EV'),
(1038, 147, 2, 2, '04:46:00', 29, 35, 24, 'EV'),
(1039, 147, 10, 3, '01:17:00', 214, 223, 228, 'EV'),
(1040, 147, 10, 3, '01:59:00', 223, 228, 218, 'PP'),
(1041, 147, 10, 3, '02:34:00', 230, 0, 0, 'EV'),
(1042, 147, 10, 3, '04:40:00', 230, 0, 0, 'PP'),
(1066, 151, 10, 2, '00:35:00', 218, 0, 0, 'SH'),
(1067, 151, 10, 2, '01:05:00', 218, 228, 0, 'SH'),
(1068, 151, 2, 2, '01:24:00', 29, 24, 36, 'EV'),
(1069, 151, 10, 2, '02:37:00', 223, 230, 210, 'PP'),
(1070, 151, 2, 2, '04:32:00', 29, 35, 18, 'SH'),
(1071, 151, 10, 3, '00:48:00', 223, 218, 0, 'PP'),
(1072, 151, 10, 3, '01:48:00', 218, 223, 210, 'EV'),
(1073, 151, 2, 3, '03:04:00', 24, 36, 0, 'EV'),
(1074, 151, 10, 3, '04:10:00', 223, 218, 228, 'EV'),
(1082, 153, 10, 1, '02:30:00', 218, 224, 223, 'SH'),
(1083, 153, 2, 1, '02:46:00', 20, 24, 0, 'EV'),
(1084, 153, 10, 2, '04:47:00', 228, 0, 0, 'EV'),
(1085, 153, 2, 3, '00:08:00', 20, 29, 0, 'EV'),
(1086, 153, 2, 3, '00:57:00', 20, 36, 18, 'EV'),
(1087, 153, 2, 3, '04:23:00', 24, 36, 0, 'EV'),
(1088, 153, 2, 3, '04:48:00', 24, 20, 0, 'EV'),
(1096, 155, 8, 1, '00:29:00', 182, 0, 0, 'SH'),
(1097, 155, 10, 1, '03:04:00', 223, 214, 0, 'PP'),
(1098, 155, 8, 1, '04:21:00', 182, 177, 0, 'EV'),
(1099, 155, 10, 2, '04:04:00', 218, 223, 229, 'SH'),
(1100, 155, 8, 3, '00:11:00', 173, 182, 0, 'EV'),
(1101, 155, 8, 3, '00:48:00', 186, 0, 0, 'EV'),
(1102, 155, 8, 3, '01:31:00', 173, 177, 0, 'EV'),
(1108, 157, 8, 3, '00:31:00', 173, 0, 0, 'EV'),
(1109, 157, 10, 3, '01:00:00', 223, 230, 0, 'EV'),
(1110, 157, 8, 3, '01:43:00', 177, 182, 185, 'EV'),
(1111, 157, 10, 3, '02:41:00', 223, 0, 0, 'SH'),
(1112, 157, 8, 4, '00:13:00', 182, 188, 185, 'SH'),
(1113, 158, 8, 1, '00:22:00', 182, 177, 0, 'EV'),
(1114, 158, 8, 1, '04:10:00', 185, 177, 0, 'EV'),
(1115, 158, 10, 2, '00:07:00', 223, 230, 0, 'SH'),
(1116, 158, 8, 2, '02:21:00', 177, 182, 173, 'EV'),
(1117, 158, 10, 2, '04:35:00', 223, 218, 0, 'EV'),
(1118, 158, 10, 3, '02:16:00', 223, 214, 228, 'EV'),
(1119, 158, 10, 4, '00:40:00', 223, 218, 214, 'EV'),
(1120, 159, 8, 1, '01:28:00', 173, 168, 0, 'PP'),
(1121, 159, 10, 3, '00:27:00', 214, 0, 0, 'EV'),
(1122, 159, 8, 3, '01:49:00', 173, 186, 168, 'EV'),
(1123, 159, 8, 3, '02:38:00', 177, 185, 186, 'EV'),
(1124, 159, 10, 3, '04:05:00', 223, 0, 0, 'EV'),
(1125, 160, 10, 1, '00:56:00', 223, 0, 0, 'EV'),
(1126, 160, 11, 1, '03:05:00', 243, 0, 0, 'EV'),
(1127, 160, 10, 1, '03:30:00', 223, 214, 218, 'EV'),
(1128, 160, 11, 2, '00:42:00', 243, 242, 0, 'EV'),
(1129, 160, 11, 2, '00:49:00', 243, 247, 0, 'EV'),
(1130, 160, 10, 2, '01:16:00', 214, 223, 230, 'EV'),
(1131, 160, 10, 3, '01:02:00', 214, 223, 210, 'EV'),
(1132, 160, 11, 3, '03:55:00', 247, 242, 251, 'EV'),
(1133, 160, 11, 4, '00:43:00', 243, 247, 253, 'EV'),
(1134, 161, 10, 2, '01:16:00', 223, 218, 0, 'EV'),
(1135, 161, 11, 2, '03:05:00', 247, 242, 251, 'EV'),
(1136, 161, 10, 3, '00:13:00', 218, 223, 0, 'EV'),
(1137, 161, 10, 3, '01:26:00', 218, 0, 0, 'EV'),
(1138, 161, 10, 3, '02:27:00', 223, 228, 230, 'EV'),
(1139, 162, 10, 1, '04:01:00', 223, 214, 218, 'EV'),
(1140, 162, 10, 1, '04:24:00', 214, 218, 230, 'EV'),
(1141, 162, 10, 2, '00:34:00', 223, 218, 0, 'EV'),
(1142, 162, 10, 2, '02:55:00', 218, 0, 0, 'EV'),
(1143, 162, 10, 2, '03:05:00', 223, 218, 230, 'EV'),
(1144, 162, 10, 2, '03:31:00', 223, 214, 0, 'EV'),
(1145, 162, 11, 2, '04:57:00', 251, 0, 0, 'EV'),
(1146, 162, 10, 3, '00:31:00', 223, 218, 0, 'EV'),
(1147, 162, 10, 3, '04:11:00', 223, 0, 0, 'EV'),
(1148, 163, 11, 1, '01:04:00', 253, 0, 0, 'PP'),
(1149, 163, 11, 1, '02:22:00', 243, 235, 0, 'EV'),
(1150, 163, 10, 1, '03:16:00', 223, 218, 230, 'EV'),
(1151, 163, 10, 2, '03:18:00', 223, 230, 218, 'PP2'),
(1152, 163, 10, 2, '03:55:00', 214, 223, 0, 'PP'),
(1153, 163, 11, 2, '04:44:00', 238, 243, 247, 'EV'),
(1154, 163, 10, 3, '01:26:00', 223, 0, 0, 'EV'),
(1155, 163, 11, 3, '03:04:00', 243, 0, 0, 'EV'),
(1156, 163, 10, 4, '01:12:00', 223, 0, 0, 'EV'),
(1157, 164, 10, 1, '02:35:00', 230, 0, 0, 'EV'),
(1158, 164, 10, 1, '03:21:00', 223, 0, 0, 'EV'),
(1159, 164, 10, 2, '00:52:00', 223, 0, 0, 'EV'),
(1160, 164, 10, 2, '01:34:00', 218, 223, 228, 'EV'),
(1161, 164, 10, 2, '02:57:00', 223, 214, 0, 'EV'),
(1162, 164, 10, 3, '02:11:00', 223, 0, 0, 'SH'),
(1163, 164, 11, 3, '04:43:00', 243, 236, 0, 'EV'),
(1164, 165, 22, 1, '02:29:00', 513, 520, 512, 'SH'),
(1165, 165, 22, 1, '03:00:00', 512, 513, 0, 'SH'),
(1166, 165, 22, 2, '03:32:00', 512, 510, 0, 'EV'),
(1167, 165, 8, 2, '03:44:00', 170, 173, 0, 'EV'),
(1168, 165, 8, 2, '04:04:00', 172, 171, 177, 'EV'),
(1169, 165, 22, 3, '04:44:00', 510, 512, 0, 'SH'),
(1170, 166, 8, 1, '02:45:00', 173, 177, 185, 'EV'),
(1171, 166, 8, 1, '03:16:00', 173, 0, 0, 'EV'),
(1172, 166, 8, 2, '00:08:00', 182, 177, 0, 'EV'),
(1173, 166, 10, 3, '01:19:00', 218, 230, 0, 'PP2'),
(1174, 166, 8, 3, '02:51:00', 182, 186, 168, 'PP'),
(1175, 166, 8, 3, '03:52:00', 182, 173, 0, 'EV'),
(1176, 166, 8, 3, '04:11:00', 182, 0, 0, 'EV'),
(1177, 167, 4, 1, '01:18:00', 79, 0, 0, 'EV'),
(1178, 167, 4, 1, '02:53:00', 74, 80, 0, 'EV'),
(1179, 167, 4, 1, '03:25:00', 84, 83, 74, 'PP'),
(1180, 167, 4, 1, '03:41:00', 74, 79, 0, 'EV'),
(1181, 167, 4, 2, '01:35:00', 79, 74, 83, 'EV'),
(1182, 167, 4, 2, '01:50:00', 71, 79, 0, 'EV'),
(1183, 167, 4, 2, '04:11:00', 71, 80, 0, 'EV'),
(1184, 167, 19, 3, '01:00:00', 438, 452, 0, 'EV'),
(1185, 167, 4, 3, '01:50:00', 83, 79, 0, 'EV'),
(1186, 168, 19, 2, '01:59:00', 448, 437, 435, 'EV'),
(1187, 168, 19, 2, '04:19:00', 437, 435, 0, 'EV'),
(1188, 168, 19, 2, '04:54:00', 438, 453, 0, 'EV'),
(1189, 168, 4, 3, '02:37:00', 74, 80, 84, 'EV'),
(1190, 168, 4, 3, '03:58:00', 74, 80, 0, 'EV'),
(1191, 168, 4, 3, '04:32:00', 74, 84, 0, 'EV'),
(1192, 168, 4, 4, '03:17:00', 80, 84, 79, 'EV'),
(1193, 169, 19, 1, '00:27:00', 448, 441, 438, 'EV'),
(1194, 169, 4, 1, '03:37:00', 79, 80, 0, 'EV'),
(1195, 169, 19, 1, '04:25:00', 441, 448, 452, 'EV'),
(1196, 169, 19, 1, '04:47:00', 453, 452, 0, 'EV'),
(1197, 169, 19, 2, '02:01:00', 438, 453, 0, 'EV'),
(1198, 169, 4, 2, '02:52:00', 80, 79, 71, 'EV'),
(1199, 169, 19, 3, '00:21:00', 438, 448, 0, 'EV'),
(1200, 169, 19, 3, '00:52:00', 448, 438, 435, 'EV'),
(1201, 169, 19, 3, '03:17:00', 448, 438, 455, 'PP2'),
(1202, 169, 19, 3, '03:34:00', 453, 0, 0, 'PP2'),
(1203, 169, 19, 3, '04:56:00', 448, 438, 435, 'PP'),
(1204, 170, 4, 1, '00:23:00', 79, 74, 83, 'EV'),
(1205, 170, 19, 1, '01:32:00', 441, 453, 0, 'SH'),
(1206, 170, 4, 1, '02:44:00', 71, 68, 0, 'SH2'),
(1207, 170, 19, 2, '01:47:00', 438, 441, 452, 'EV'),
(1208, 170, 4, 2, '01:55:00', 79, 71, 0, 'EV'),
(1209, 170, 4, 3, '02:24:00', 83, 0, 0, 'EV'),
(1210, 170, 4, 3, '04:17:00', 71, 83, 84, 'PP'),
(1211, 171, 19, 1, '03:22:00', 441, 448, 437, 'EV'),
(1212, 171, 19, 1, '04:37:00', 437, 448, 435, 'PP'),
(1213, 171, 19, 2, '00:34:00', 453, 0, 0, 'EV'),
(1214, 171, 4, 2, '00:40:00', 79, 74, 0, 'EV'),
(1215, 171, 19, 2, '02:14:00', 448, 441, 435, 'EV'),
(1216, 171, 4, 2, '02:45:00', 79, 0, 0, 'SH'),
(1217, 171, 19, 3, '01:25:00', 448, 441, 0, 'EV'),
(1218, 171, 19, 3, '01:36:00', 448, 437, 0, 'EV'),
(1219, 171, 19, 3, '03:57:00', 441, 437, 453, 'EV'),
(1220, 171, 4, 3, '04:17:00', 71, 79, 80, 'EV'),
(1221, 172, 19, 1, '01:07:00', 441, 437, 0, 'EV'),
(1222, 172, 4, 1, '01:48:00', 79, 80, 0, 'EV'),
(1223, 172, 19, 1, '02:08:00', 441, 0, 0, 'EV'),
(1224, 172, 4, 1, '02:16:00', 79, 74, 0, 'EV'),
(1225, 172, 4, 1, '02:48:00', 74, 0, 0, 'EV'),
(1226, 172, 19, 1, '03:47:00', 448, 441, 435, 'EV'),
(1227, 172, 4, 1, '04:03:00', 74, 79, 0, 'EV'),
(1228, 172, 19, 1, '04:19:00', 448, 437, 0, 'EV'),
(1229, 172, 19, 1, '04:53:00', 441, 437, 0, 'EV'),
(1230, 172, 19, 2, '02:43:00', 448, 437, 452, 'EV'),
(1231, 172, 4, 2, '03:32:00', 80, 0, 0, 'EV'),
(1232, 172, 4, 3, '01:50:00', 83, 0, 0, 'PP'),
(1233, 172, 4, 3, '02:25:00', 83, 0, 0, 'EV'),
(1234, 172, 19, 3, '04:30:00', 448, 437, 0, 'PP'),
(1235, 172, 19, 3, '04:39:00', 437, 448, 0, 'EV'),
(1236, 173, 4, 1, '01:03:00', 74, 79, 0, 'EV'),
(1237, 173, 19, 1, '02:18:00', 437, 453, 0, 'SH'),
(1238, 173, 19, 1, '04:14:00', 437, 452, 0, 'EV'),
(1239, 173, 4, 2, '01:08:00', 83, 0, 0, 'SH'),
(1240, 173, 4, 2, '02:47:00', 79, 80, 0, 'PP'),
(1241, 173, 4, 2, '04:52:00', 79, 0, 0, 'PP2'),
(1242, 173, 4, 3, '00:31:00', 79, 0, 0, 'PP'),
(1243, 173, 4, 3, '02:39:00', 79, 0, 0, 'SH'),
(1244, 173, 4, 3, '03:43:00', 83, 80, 0, 'EV');

-- --------------------------------------------------------

--
-- Table structure for table `series`
--

CREATE TABLE IF NOT EXISTS `series` (
  `ID` int(11) NOT NULL AUTO_INCREMENT,
  `HomeUserID` int(11) NOT NULL,
  `AwayUserID` int(11) NOT NULL,
  `Name` varchar(255) NOT NULL,
  `DateCreated` date NOT NULL,
  PRIMARY KEY (`ID`)
) ENGINE=InnoDB  DEFAULT CHARSET=latin1 AUTO_INCREMENT=96 ;

--
-- Dumping data for table `series`
--

INSERT INTO `series` (`ID`, `HomeUserID`, `AwayUserID`, `Name`, `DateCreated`) VALUES
(83, 1, 2, 'matt vs AtomicRaven', '2016-08-04'),
(84, 1, 2, 'matt vs AtomicRaven', '2016-08-04'),
(85, 1, 2, 'matt vs AtomicRaven', '2016-08-04'),
(86, 2, 1, 'AtomicRaven vs matt', '2016-08-04'),
(87, 1, 2, 'matt vs AtomicRaven July 3rd 2016', '2016-08-04'),
(88, 1, 2, 'matt vs AtomicRaven', '2016-08-04'),
(89, 2, 1, 'AtomicRaven vs matt', '2016-08-04'),
(90, 1, 2, 'matt vs AtomicRaven', '2016-08-04'),
(91, 2, 1, 'AtomicRaven vs matt', '2016-08-04'),
(92, 2, 1, 'AtomicRaven vs matt', '2016-08-04'),
(93, 2, 1, 'AtomicRaven vs matt', '2016-08-04'),
(94, 2, 1, 'MEATBALL TEST 1', '2016-08-04'),
(95, 2, 1, 'AtomicRaven vs matt', '2016-08-04');

-- --------------------------------------------------------

--
-- Table structure for table `seriestype`
--

CREATE TABLE IF NOT EXISTS `seriestype` (
  `ID` int(11) NOT NULL AUTO_INCREMENT,
  `SeriesID` int(11) NOT NULL,
  `Name` varchar(255) NOT NULL,
  `Description` varchar(255) NOT NULL,
  PRIMARY KEY (`ID`)
) ENGINE=InnoDB  DEFAULT CHARSET=latin1 AUTO_INCREMENT=8 ;

--
-- Dumping data for table `seriestype`
--

INSERT INTO `seriestype` (`ID`, `SeriesID`, `Name`, `Description`) VALUES
(1, 1, 'Bud Style', '3-3-1'),
(3, 2, 'NHL Style', '2-2-1-1-1'),
(5, 3, 'Open', '7 Games No Order');

-- --------------------------------------------------------

--
-- Table structure for table `users`
--

CREATE TABLE IF NOT EXISTS `users` (
  `ID` int(11) NOT NULL AUTO_INCREMENT,
  `Name` varchar(255) NOT NULL,
  `Alias` varchar(255) NOT NULL,
  `Password` varchar(255) NOT NULL,
  `Admin` int(11) NOT NULL,
  `Email` varchar(255) NOT NULL,
  PRIMARY KEY (`ID`)
) ENGINE=InnoDB  DEFAULT CHARSET=latin1 AUTO_INCREMENT=4 ;

--
-- Dumping data for table `users`
--

INSERT INTO `users` (`ID`, `Name`, `Alias`, `Password`, `Admin`, `Email`) VALUES
(1, 'Matt Garvin', 'matt', '1111', 1, 'matt@mattgarvin.com'),
(2, 'Rob Clarkson', 'AtomicRaven', '1234', 1, 'rob.clarkson@gmail.com');

/*!40101 SET CHARACTER_SET_CLIENT=@OLD_CHARACTER_SET_CLIENT */;
/*!40101 SET CHARACTER_SET_RESULTS=@OLD_CHARACTER_SET_RESULTS */;
/*!40101 SET COLLATION_CONNECTION=@OLD_COLLATION_CONNECTION */;
