-- phpMyAdmin SQL Dump
-- version 4.5.1
-- http://www.phpmyadmin.net
--
-- Host: 127.0.0.1
-- Generation Time: Jul 05, 2016 at 11:53 PM
-- Server version: 10.1.13-MariaDB
-- PHP Version: 5.6.23

SET SQL_MODE = "NO_AUTO_VALUE_ON_ZERO";
SET time_zone = "+00:00";


/*!40101 SET @OLD_CHARACTER_SET_CLIENT=@@CHARACTER_SET_CLIENT */;
/*!40101 SET @OLD_CHARACTER_SET_RESULTS=@@CHARACTER_SET_RESULTS */;
/*!40101 SET @OLD_COLLATION_CONNECTION=@@COLLATION_CONNECTION */;
/*!40101 SET NAMES utf8mb4 */;

--
-- Database: `nhl94db`
--

-- --------------------------------------------------------

--
-- Table structure for table `gamestats`
--

CREATE TABLE `gamestats` (
  `Game_ID` int(11) NOT NULL,
  `League_ID` int(11) NOT NULL,
  `Series_ID` int(11) NOT NULL,
  `Crowd` int(11) NOT NULL,
  `GHP1` int(11) NOT NULL,
  `GHP2` int(11) NOT NULL,
  `GHP3` int(11) NOT NULL,
  `GHOT` int(11) NOT NULL,
  `GAP1` int(11) NOT NULL,
  `GAP2` int(11) NOT NULL,
  `GAP3` int(11) NOT NULL,
  `GAOT` int(11) NOT NULL,
  `SHP1` int(11) NOT NULL,
  `SHP2` int(11) NOT NULL,
  `SHP3` int(11) NOT NULL,
  `SHOT` int(11) NOT NULL,
  `SAP1` int(11) NOT NULL,
  `SAP2` int(11) NOT NULL,
  `SAP3` int(11) NOT NULL,
  `SAOT` int(11) NOT NULL,
  `PIMH` int(11) NOT NULL,
  `PIMA` int(11) NOT NULL,
  `BCH` int(11) NOT NULL,
  `BCA` int(11) NOT NULL,
  `PPHG` int(11) NOT NULL,
  `PPAG` int(11) NOT NULL,
  `SHHG` int(11) NOT NULL,
  `SHAG` int(11) NOT NULL,
  `PPH` int(11) NOT NULL,
  `PPA` int(11) NOT NULL,
  `BAHG` int(11) NOT NULL,
  `BAAG` int(11) NOT NULL,
  `BAH` int(11) NOT NULL,
  `BAA` int(11) NOT NULL,
  `1THG` int(11) NOT NULL,
  `1TAG` int(11) NOT NULL,
  `1TH` int(11) NOT NULL,
  `1TA` int(11) NOT NULL,
  `PSHG` int(11) NOT NULL,
  `PSAG` int(11) NOT NULL,
  `PSH` int(11) NOT NULL,
  `PSA` int(11) NOT NULL,
  `FOH` int(11) NOT NULL,
  `FOA` int(11) NOT NULL,
  `AZH` int(11) NOT NULL,
  `AZA` int(11) NOT NULL,
  `PCH` int(11) NOT NULL,
  `PH` int(11) NOT NULL,
  `PCA` int(11) NOT NULL,
  `PA` int(11) NOT NULL
) ENGINE=InnoDB DEFAULT CHARSET=latin1;

-- --------------------------------------------------------

--
-- Table structure for table `nhlteam`
--

CREATE TABLE `nhlteam` (
  `ID` int(11) NOT NULL,
  `Name` varchar(255) NOT NULL,
  `Team_ID` int(11) NOT NULL,
  `ABV` varchar(255) NOT NULL
) ENGINE=InnoDB DEFAULT CHARSET=latin1;

--
-- Dumping data for table `nhlteam`
--

INSERT INTO `nhlteam` (`ID`, `Name`, `Team_ID`, `ABV`) VALUES
(1, 'Boston Bruins', 2, 'BOS'),
(2, 'Quebec Nordiques', 19, 'QUE'),
(3, 'Montreal Canadiens', 12, 'MTL'),
(4, 'Buffalo Sabres', 3, 'BUF'),
(5, 'Hartford Whalers', 10, 'HFD'),
(6, 'Ottawa Senators', 16, 'OTW'),
(7, 'Pittsburgh Penguins', 18, 'PIT'),
(8, 'Washington Capitals', 25, 'WSH'),
(9, 'New York Islanders', 14, 'NYI'),
(10, 'New Jersey Devils', 13, 'NJ'),
(11, 'Philadelphia Flyers', 17, 'PHI'),
(12, 'New York Rangers', 15, 'NYR'),
(13, 'Chicago Blackhawks', 5, 'CHI'),
(14, 'Detroit Red Wings', 7, 'DET'),
(15, 'Toronto Maple Leafs', 23, 'TOR'),
(16, 'St. Louis Blues', 21, 'STL'),
(17, 'Dallas Stars', 6, 'DAL'),
(18, 'Tampa Bay Lightning', 22, 'TB'),
(19, 'Vancouver Canucks', 24, 'VAN'),
(20, 'Calgary Flames', 4, 'CGY'),
(21, 'Los Angeles Kings', 11, 'LA'),
(22, 'Winnipeg Jets', 26, 'WPG'),
(23, 'Edmonton Oilers', 8, 'EDM'),
(24, 'San Jose Sharks', 20, 'SJ'),
(25, 'Anaheim Mighty Ducks', 1, 'ANH'),
(26, 'Florida Panthers', 9, 'FLA'),
(27, 'All Stars East', 27, 'ASE'),
(28, 'All Stars West', 28, 'ASW');

-- --------------------------------------------------------

--
-- Table structure for table `pensum`
--

CREATE TABLE `pensum` (
  `ID` int(11) NOT NULL,
  `Game_ID` int(11) NOT NULL,
  `Team_ID` int(11) NOT NULL,
  `Player_ID` int(11) NOT NULL,
  `Period` int(11) NOT NULL,
  `Time` varchar(255) NOT NULL,
  `Type` varchar(255) NOT NULL
) ENGINE=InnoDB DEFAULT CHARSET=latin1;

-- --------------------------------------------------------

--
-- Table structure for table `playerstats`
--

CREATE TABLE `playerstats` (
  `ID` int(11) NOT NULL,
  `Game_ID` int(11) NOT NULL,
  `Team_ID` int(11) NOT NULL,
  `Player_ID` int(11) NOT NULL,
  `Pos` varchar(255) NOT NULL,
  `G` int(11) NOT NULL,
  `A` int(11) NOT NULL,
  `SOG` int(11) NOT NULL,
  `PIM` int(11) NOT NULL,
  `Chks` int(11) NOT NULL,
  `TOI` varchar(255) NOT NULL
) ENGINE=InnoDB DEFAULT CHARSET=latin1;

-- --------------------------------------------------------

--
-- Table structure for table `roster`
--

CREATE TABLE `roster` (
  `ID` int(11) NOT NULL,
  `Player_ID` int(3) DEFAULT NULL,
  `First` varchar(8) DEFAULT NULL,
  `Last` varchar(10) DEFAULT NULL,
  `Team` varchar(3) DEFAULT NULL,
  `Pos` varchar(1) DEFAULT NULL,
  `JNo` int(2) DEFAULT NULL,
  `Wgt` int(2) DEFAULT NULL,
  `Agl` int(1) DEFAULT NULL,
  `Spd` int(1) DEFAULT NULL,
  `OfA` int(1) DEFAULT NULL,
  `DfA` int(1) DEFAULT NULL,
  `ShP` int(1) DEFAULT NULL,
  `ChK` int(1) DEFAULT NULL,
  `H/F` int(2) DEFAULT NULL,
  `StH` int(1) DEFAULT NULL,
  `ShA` int(1) DEFAULT NULL,
  `End` int(1) DEFAULT NULL,
  `Rgh` int(1) DEFAULT NULL,
  `Pas` int(1) DEFAULT NULL,
  `Agr` int(1) DEFAULT NULL,
  `Team_ID` int(11) NOT NULL
) ENGINE=InnoDB DEFAULT CHARSET=utf8;

--
-- Dumping data for table `roster`
--

INSERT INTO `roster` (`ID`, `Player_ID`, `First`, `Last`, `Team`, `Pos`, `JNo`, `Wgt`, `Agl`, `Spd`, `OfA`, `DfA`, `ShP`, `ChK`, `H/F`, `StH`, `ShA`, `End`, `Rgh`, `Pas`, `Agr`, `Team_ID`) VALUES
(1, 0, 'Guy', 'Hebert', 'ANH', 'G', 29, 6, 2, 3, 3, 3, 2, 0, 0, 0, 0, 2, 2, 2, 2, 1),
(2, 1, 'Ron', 'Tugnutt', 'ANH', 'G', 1, 2, 2, 3, 3, 3, 1, 0, 0, 0, 0, 1, 1, 1, 2, 1),
(3, 2, 'Steven', 'King', 'ANH', 'F', 27, 7, 2, 2, 3, 2, 2, 1, 3, 2, 3, 3, 4, 2, 2, 1),
(4, 3, 'Troy', 'Loney', 'ANH', 'F', 24, 10, 2, 3, 2, 3, 2, 4, 6, 2, 1, 3, 2, 1, 3, 1),
(5, 4, 'Stu', 'Grimson', 'ANH', 'F', 23, 11, 1, 1, 0, 2, 1, 3, 10, 1, 1, 2, 5, 1, 4, 1),
(6, 5, 'Terry', 'Yake', 'ANH', 'F', 25, 6, 3, 3, 4, 3, 3, 3, 3, 3, 4, 4, 0, 3, 2, 1),
(7, 6, 'Bob', 'Corkum', 'ANH', 'F', 30, 10, 2, 2, 1, 3, 2, 2, 3, 2, 2, 3, 5, 2, 2, 1),
(8, 7, 'Anatoli', 'Semenov', 'ANH', 'F', 20, 7, 3, 3, 3, 4, 3, 2, 0, 3, 3, 4, 0, 3, 2, 1),
(9, 8, 'Lonnie', 'Loach', 'ANH', 'F', 28, 6, 2, 3, 3, 2, 2, 2, 6, 2, 3, 2, 2, 2, 2, 1),
(10, 9, 'Robin', 'Bawa', 'ANH', 'F', 26, 11, 2, 2, 1, 1, 2, 1, 5, 1, 4, 1, 3, 2, 3, 1),
(11, 10, 'Tim', 'Sweeney', 'ANH', 'F', 41, 5, 2, 2, 3, 2, 2, 1, 0, 2, 2, 1, 4, 1, 1, 1),
(12, 11, 'Alexei', 'Kasatonov', 'ANH', 'D', 7, 11, 4, 3, 2, 3, 4, 4, 4, 4, 1, 3, 1, 4, 2, 1),
(13, 12, 'Sean', 'Hill', 'ANH', 'D', 38, 8, 2, 2, 2, 2, 2, 3, 5, 2, 1, 2, 3, 1, 4, 1),
(14, 13, 'Randy', 'Ladouceur', 'ANH', 'D', 39, 11, 3, 3, 1, 3, 1, 2, 4, 2, 1, 3, 5, 1, 4, 1),
(15, 14, 'David', 'Williams', 'ANH', 'D', 3, 8, 2, 2, 2, 2, 2, 2, 5, 2, 0, 2, 2, 1, 3, 1),
(16, 15, 'Bill', 'Houlder', 'ANH', 'D', 33, 11, 3, 2, 3, 3, 2, 3, 4, 2, 2, 2, 4, 2, 1, 1),
(17, 16, 'Bobby', 'Dollas', 'ANH', 'D', 32, 11, 2, 1, 1, 2, 1, 2, 1, 1, 0, 2, 1, 1, 1, 1),
(18, 17, 'Dennis', 'Vial', 'ANH', 'D', 17, 11, 1, 1, 1, 2, 1, 3, 8, 1, 0, 2, 1, 1, 3, 1),
(19, 18, 'Andy', 'Moog', 'BOS', 'G', 35, 4, 4, 4, 2, 2, 4, 0, 0, 0, 0, 4, 3, 4, 3, 2),
(20, 19, 'John', 'Blue', 'BOS', 'G', 39, 6, 3, 4, 5, 5, 3, 0, 0, 0, 0, 4, 3, 4, 3, 2),
(21, 20, 'Adam', 'Oates', 'BOS', 'F', 12, 7, 5, 4, 6, 5, 3, 3, 1, 5, 4, 5, 0, 6, 1, 2),
(22, 21, 'Dave', 'Poulin', 'BOS', 'F', 19, 7, 4, 3, 3, 4, 3, 4, 4, 3, 3, 4, 1, 4, 2, 2),
(23, 22, 'Vladimir', 'Ruzicka', 'BOS', 'F', 38, 10, 4, 4, 3, 3, 4, 2, 6, 4, 3, 3, 3, 3, 2, 2),
(24, 23, 'Ted', 'Donato', 'BOS', 'F', 21, 4, 3, 4, 3, 4, 3, 3, 0, 3, 3, 3, 3, 3, 2, 2),
(25, 24, 'Joe', 'Juneau', 'BOS', 'F', 49, 5, 4, 4, 4, 3, 4, 2, 0, 4, 3, 4, 0, 4, 1, 2),
(26, 25, 'Dmitri', 'Kvartalnov', 'BOS', 'F', 10, 6, 4, 4, 4, 2, 3, 2, 0, 4, 3, 4, 2, 4, 1, 2),
(27, 26, 'Dave', 'Reid', 'BOS', 'F', 17, 9, 2, 3, 3, 3, 3, 1, 4, 2, 4, 4, 4, 2, 0, 2),
(28, 27, 'Gregori', 'Pantaleyev', 'BOS', 'F', 13, 6, 4, 4, 2, 2, 2, 1, 2, 3, 3, 2, 4, 3, 1, 2),
(29, 28, 'Brent', 'Hughes', 'BOS', 'F', 42, 6, 3, 3, 1, 3, 2, 3, 6, 3, 2, 2, 5, 3, 4, 2),
(30, 29, 'Cam', 'Neely', 'BOS', 'F', 8, 10, 4, 4, 5, 4, 4, 4, 9, 4, 5, 5, 3, 4, 4, 2),
(31, 30, 'Stephen', 'Leach', 'BOS', 'F', 27, 6, 3, 3, 3, 3, 3, 3, 7, 3, 2, 4, 5, 3, 3, 2),
(32, 31, 'Stephen', 'Heinze', 'BOS', 'F', 23, 6, 3, 3, 3, 3, 3, 3, 3, 3, 3, 3, 5, 3, 1, 2),
(33, 32, 'C.J.', 'Young', 'BOS', 'F', 18, 6, 3, 3, 2, 2, 3, 2, 5, 3, 3, 2, 3, 2, 2, 2),
(34, 33, 'Darin', 'Kimble', 'BOS', 'F', 29, 9, 1, 1, 2, 1, 1, 2, 9, 2, 4, 1, 3, 1, 5, 2),
(35, 34, 'Peter', 'Douris', 'BOS', 'F', 16, 8, 3, 4, 3, 3, 3, 2, 5, 3, 3, 2, 4, 2, 1, 2),
(36, 35, 'Ray', 'Bourque', 'BOS', 'D', 77, 10, 5, 4, 4, 6, 5, 6, 0, 5, 5, 6, 2, 5, 2, 2),
(37, 36, 'Don', 'Sweeney', 'BOS', 'D', 32, 4, 4, 4, 3, 4, 4, 4, 4, 4, 1, 4, 1, 4, 2, 2),
(38, 37, 'Glen', 'Wesley', 'BOS', 'D', 26, 8, 5, 4, 3, 4, 4, 3, 6, 4, 1, 4, 4, 4, 2, 2),
(39, 38, 'David', 'Shaw', 'BOS', 'D', 34, 9, 2, 2, 2, 4, 2, 3, 3, 2, 2, 4, 5, 2, 3, 2),
(40, 39, 'Gord', 'Murphy', 'BOS', 'D', 28, 8, 5, 4, 2, 3, 4, 4, 9, 3, 1, 3, 3, 3, 3, 2),
(41, 40, 'Gordie', 'Roberts', 'BOS', 'D', 14, 7, 3, 2, 2, 3, 1, 3, 4, 2, 3, 3, 0, 2, 3, 2),
(42, 41, 'Glen', 'Feathrston', 'BOS', 'D', 6, 11, 3, 3, 2, 2, 2, 4, 8, 2, 3, 2, 3, 2, 4, 2),
(43, 42, 'Jim', 'Wiemer', 'BOS', 'D', 36, 10, 2, 1, 2, 2, 1, 2, 8, 2, 0, 2, 3, 2, 4, 2),
(44, 43, 'Grant', 'Fuhr', 'BUF', 'G', 31, 7, 5, 4, 5, 5, 5, 0, 1, 0, 0, 4, 4, 5, 5, 3),
(45, 44, 'Tom', 'Draper', 'BUF', 'G', 35, 6, 2, 3, 3, 3, 2, 0, 0, 0, 0, 2, 2, 2, 2, 3),
(46, 45, 'Dominik', 'Hasek', 'BUF', 'G', 39, 4, 3, 3, 5, 5, 2, 0, 0, 0, 0, 2, 2, 2, 2, 3),
(47, 46, 'Pat', 'LaFontaine', 'BUF', 'F', 16, 5, 5, 4, 6, 4, 3, 3, 3, 5, 4, 6, 0, 5, 2, 3),
(48, 47, 'Dale', 'Hawerchuk', 'BUF', 'F', 10, 6, 5, 4, 4, 4, 3, 2, 0, 5, 1, 3, 0, 5, 2, 3),
(49, 48, 'Bob', 'Sweeney', 'BUF', 'F', 20, 9, 4, 2, 3, 5, 3, 4, 7, 3, 4, 4, 2, 3, 3, 3),
(50, 49, 'Dave', 'Hannan', 'BUF', 'F', 14, 6, 2, 2, 2, 3, 2, 2, 6, 2, 3, 2, 0, 2, 2, 3),
(51, 50, 'Randy', 'Wood', 'BUF', 'F', 19, 8, 1, 5, 3, 3, 2, 3, 6, 2, 2, 3, 4, 2, 3, 3),
(52, 51, 'Yuri', 'Khmylev', 'BUF', 'F', 13, 7, 4, 3, 3, 4, 4, 3, 1, 3, 4, 3, 3, 3, 2, 3),
(53, 52, 'Brad', 'May', 'BUF', 'F', 27, 9, 2, 2, 2, 2, 2, 3, 10, 2, 3, 2, 5, 1, 4, 3),
(54, 53, 'Bob', 'Errey', 'BUF', 'F', 12, 6, 4, 4, 2, 4, 2, 4, 4, 3, 2, 4, 5, 2, 3, 3),
(55, 54, 'Rob', 'Ray', 'BUF', 'F', 32, 10, 3, 4, 1, 1, 1, 3, 10, 2, 2, 1, 5, 1, 4, 3),
(56, 55, 'Alexnder', 'Mogilny', 'BUF', 'F', 89, 7, 6, 6, 6, 3, 4, 2, 4, 5, 5, 4, 4, 5, 2, 3),
(57, 56, 'Wayne', 'Presley', 'BUF', 'F', 18, 6, 3, 3, 3, 3, 4, 2, 7, 2, 3, 3, 3, 2, 3, 3),
(58, 57, 'Donald', 'Audette', 'BUF', 'F', 28, 5, 3, 3, 3, 3, 3, 2, 9, 3, 3, 3, 5, 2, 3, 3),
(59, 58, 'Bob', 'Corkum', 'BUF', 'F', 29, 10, 2, 2, 1, 3, 2, 2, 3, 2, 2, 3, 5, 2, 2, 3),
(60, 59, 'Colin', 'Patterson', 'BUF', 'F', 17, 8, 4, 4, 2, 3, 1, 3, 5, 2, 3, 2, 5, 2, 2, 3),
(61, 60, 'Doug', 'Bodger', 'BUF', 'D', 8, 10, 2, 3, 3, 4, 2, 3, 6, 2, 1, 4, 1, 3, 3, 3),
(62, 61, 'Petr', 'Svoboda', 'BUF', 'D', 7, 5, 4, 4, 3, 4, 3, 3, 6, 4, 0, 4, 0, 3, 3, 3),
(63, 62, 'Richard', 'Smehlik', 'BUF', 'D', 42, 10, 3, 3, 3, 4, 3, 4, 4, 3, 1, 3, 0, 3, 2, 3),
(64, 63, 'Ken', 'Sutton', 'BUF', 'D', 41, 8, 2, 2, 2, 4, 2, 1, 4, 1, 2, 3, 2, 3, 2, 3),
(65, 64, 'Grant', 'Ledyard', 'BUF', 'D', 3, 9, 4, 3, 2, 3, 1, 3, 12, 1, 0, 2, 3, 2, 3, 3),
(66, 65, 'Gord', 'Donnelly', 'BUF', 'D', 34, 9, 1, 2, 2, 3, 1, 3, 11, 1, 1, 2, 2, 2, 5, 3),
(67, 66, 'Randy', 'Moller', 'BUF', 'D', 24, 10, 3, 2, 2, 1, 2, 3, 9, 2, 1, 1, 1, 2, 4, 3),
(68, 67, 'Keith', 'Carney', 'BUF', 'D', 6, 9, 2, 3, 2, 1, 2, 3, 6, 2, 2, 1, 4, 2, 4, 3),
(69, 68, 'Mike', 'Vernon', 'CGY', 'G', 30, 4, 3, 4, 4, 4, 4, 0, 0, 0, 0, 4, 4, 3, 3, 4),
(70, 69, 'Jeff', 'Reese', 'CGY', 'G', 35, 4, 2, 3, 4, 4, 2, 0, 0, 0, 0, 2, 2, 3, 3, 4),
(71, 70, 'Joe', 'Nieuwendyk', 'CGY', 'F', 25, 8, 4, 4, 4, 3, 4, 3, 4, 4, 4, 4, 3, 2, 2, 4),
(72, 71, 'Robert', 'Reichel', 'CGY', 'F', 26, 6, 4, 4, 4, 3, 4, 2, 4, 4, 4, 3, 2, 4, 2, 4),
(73, 72, 'Joel', 'Otto', 'CGY', 'F', 29, 11, 4, 3, 3, 5, 2, 5, 7, 3, 4, 4, 1, 2, 4, 4),
(74, 73, 'Brian', 'Skrudland', 'CGY', 'F', 39, 8, 4, 2, 2, 4, 2, 4, 6, 3, 3, 4, 4, 3, 4, 4),
(75, 74, 'Gary', 'Roberts', 'CGY', 'F', 10, 7, 4, 4, 5, 4, 4, 4, 8, 4, 5, 5, 1, 3, 4, 4),
(76, 75, 'Paul', 'Ranheim', 'CGY', 'F', 28, 8, 4, 4, 3, 4, 3, 1, 3, 4, 3, 3, 4, 3, 1, 4),
(77, 76, 'Brent', 'Ashton', 'CGY', 'F', 15, 10, 3, 3, 3, 4, 3, 4, 6, 3, 2, 4, 4, 3, 3, 4),
(78, 77, 'Chris', 'Lindberg', 'CGY', 'F', 11, 7, 3, 4, 2, 3, 2, 2, 4, 3, 3, 2, 3, 2, 1, 4),
(79, 78, 'Craig', 'Berube', 'CGY', 'F', 16, 9, 2, 3, 1, 1, 2, 2, 10, 1, 1, 1, 4, 1, 4, 4),
(80, 79, 'Theoren', 'Fleury', 'CGY', 'F', 14, 3, 5, 5, 4, 5, 4, 4, 7, 4, 3, 6, 1, 3, 3, 4),
(81, 80, 'Sergei', 'Makarov', 'CGY', 'F', 42, 6, 5, 4, 4, 2, 2, 1, 0, 5, 4, 3, 0, 5, 2, 4),
(82, 81, 'Greg', 'Paslawski', 'CGY', 'F', 23, 7, 2, 2, 3, 1, 3, 2, 1, 3, 4, 2, 2, 2, 0, 4),
(83, 82, 'Ronnie', 'Stern', 'CGY', 'F', 22, 8, 2, 2, 2, 1, 2, 3, 7, 2, 3, 1, 3, 2, 4, 4),
(84, 83, 'Gary', 'Suter', 'CGY', 'D', 20, 7, 5, 4, 4, 5, 4, 4, 6, 4, 2, 5, 2, 4, 3, 4),
(85, 84, 'Al', 'MacInnis', 'CGY', 'D', 2, 8, 4, 4, 4, 3, 6, 3, 5, 4, 1, 5, 2, 4, 3, 4),
(86, 85, 'Roger', 'Johansson', 'CGY', 'D', 34, 7, 4, 3, 2, 2, 2, 3, 4, 3, 1, 2, 3, 3, 2, 4),
(87, 86, 'Trent', 'Yawney', 'CGY', 'D', 18, 7, 3, 2, 2, 4, 2, 3, 6, 3, 0, 3, 1, 3, 3, 4),
(88, 87, 'Frank', 'Musil', 'CGY', 'D', 3, 9, 4, 4, 2, 3, 2, 3, 6, 2, 1, 3, 5, 2, 3, 4),
(89, 88, 'Michel', 'Petit', 'CGY', 'D', 7, 9, 3, 3, 2, 3, 4, 3, 9, 4, 1, 3, 3, 3, 3, 4),
(90, 89, 'Kevin', 'Dahl', 'CGY', 'D', 4, 7, 2, 3, 2, 4, 2, 3, 3, 3, 1, 3, 1, 3, 2, 4),
(91, 90, 'Chris', 'Dahlquist', 'CGY', 'D', 5, 8, 3, 3, 1, 4, 3, 3, 4, 3, 1, 3, 5, 2, 3, 4),
(92, 91, 'Alexnder', 'Godynyuk', 'CGY', 'D', 21, 10, 2, 3, 2, 2, 2, 3, 8, 2, 2, 3, 5, 1, 2, 4),
(93, 92, 'Greg', 'Smyth', 'CGY', 'D', 6, 10, 0, 0, 1, 0, 0, 1, 9, 0, 1, 1, 4, 0, 4, 4),
(94, 93, 'Ed', 'Belfour', 'CHI', 'G', 30, 6, 6, 4, 6, 6, 5, 0, 0, 0, 0, 6, 6, 5, 5, 5),
(95, 94, 'Jim', 'Waite', 'CHI', 'G', 29, 6, 3, 3, 3, 3, 2, 0, 0, 0, 0, 2, 2, 3, 3, 5),
(96, 95, 'Jeremy', 'Roenick', 'CHI', 'F', 27, 4, 5, 5, 4, 4, 5, 2, 3, 5, 5, 5, 2, 5, 3, 5),
(97, 96, 'Christan', 'Ruuttu', 'CHI', 'F', 22, 8, 4, 4, 3, 4, 3, 4, 4, 4, 2, 4, 2, 4, 3, 5),
(98, 97, 'Brent', 'Sutter', 'CHI', 'F', 12, 6, 3, 2, 4, 5, 3, 4, 3, 4, 3, 5, 1, 3, 3, 5),
(99, 98, 'Troy', 'Murray', 'CHI', 'F', 19, 8, 4, 3, 2, 4, 2, 4, 3, 3, 1, 3, 5, 3, 3, 5),
(100, 99, 'Michel', 'Goulet', 'CHI', 'F', 16, 8, 4, 3, 3, 3, 2, 2, 6, 3, 5, 3, 3, 1, 2, 5),
(101, 100, 'Stephane', 'Matteau', 'CHI', 'F', 32, 8, 2, 2, 3, 2, 1, 3, 6, 2, 3, 3, 2, 1, 3, 5),
(102, 101, 'Greg', 'Gilbert', 'CHI', 'F', 14, 7, 2, 2, 3, 3, 2, 4, 6, 3, 3, 3, 1, 1, 2, 5),
(103, 102, 'Jocelyn', 'Lemieux', 'CHI', 'F', 26, 9, 3, 4, 3, 3, 4, 2, 6, 2, 2, 2, 2, 1, 3, 5),
(104, 103, 'Stu', 'Grimson', 'CHI', 'F', 23, 11, 1, 1, 0, 2, 1, 3, 10, 1, 1, 2, 5, 1, 4, 5),
(105, 104, 'Steve', 'Larmer', 'CHI', 'F', 28, 7, 4, 4, 4, 6, 4, 4, 4, 4, 4, 6, 3, 4, 2, 5),
(106, 105, 'Dirk', 'Graham', 'CHI', 'F', 33, 8, 4, 3, 3, 5, 3, 4, 7, 3, 2, 4, 5, 3, 4, 5),
(107, 106, 'Brian', 'Noonan', 'CHI', 'F', 10, 7, 3, 3, 3, 3, 4, 3, 3, 4, 3, 4, 5, 3, 3, 5),
(108, 107, 'Dave', 'Christian', 'CHI', 'F', 25, 8, 3, 3, 2, 3, 3, 2, 3, 3, 1, 3, 2, 3, 1, 5),
(109, 108, 'Joe', 'Murphy', 'CHI', 'F', 17, 7, 4, 4, 4, 3, 4, 3, 2, 3, 3, 4, 2, 4, 3, 5),
(110, 109, 'Rob', 'Brown', 'CHI', 'F', 44, 6, 4, 3, 3, 2, 2, 2, 8, 4, 1, 2, 0, 2, 4, 5),
(111, 110, 'Chris', 'Chelios', 'CHI', 'D', 7, 7, 4, 4, 4, 6, 5, 4, 7, 5, 1, 6, 2, 4, 5, 5),
(112, 111, 'Steve', 'Smith', 'CHI', 'D', 5, 11, 4, 4, 3, 4, 4, 4, 6, 4, 1, 5, 2, 4, 4, 5),
(113, 112, 'Bryan', 'Marchment', 'CHI', 'D', 2, 8, 3, 3, 2, 4, 2, 4, 6, 2, 1, 3, 2, 1, 5, 5),
(114, 113, 'Frantsek', 'Kucera', 'CHI', 'D', 6, 9, 2, 2, 2, 4, 3, 1, 3, 2, 1, 3, 4, 2, 2, 5),
(115, 114, 'Craig', 'Muni', 'CHI', 'D', 3, 9, 2, 2, 1, 3, 2, 4, 6, 2, 0, 4, 2, 2, 3, 5),
(116, 115, 'Keith', 'Brown', 'CHI', 'D', 4, 7, 2, 2, 2, 3, 2, 3, 9, 3, 1, 3, 4, 3, 3, 5),
(117, 116, 'Cam', 'Russell', 'CHI', 'D', 8, 5, 3, 3, 1, 3, 2, 3, 4, 3, 1, 3, 5, 2, 4, 5),
(118, 117, 'Adam', 'Bennett', 'CHI', 'D', 47, 9, 2, 2, 1, 1, 1, 2, 5, 2, 0, 1, 4, 1, 2, 5),
(119, 118, 'Jon', 'Casey', 'DAL', 'G', 30, 2, 4, 3, 4, 4, 3, 0, 0, 0, 0, 2, 2, 3, 4, 6),
(120, 119, 'Darcy', 'Wakaluk', 'DAL', 'G', 35, 6, 2, 3, 3, 3, 3, 0, 0, 0, 0, 2, 2, 3, 2, 6),
(121, 120, 'Mike', 'Modano', 'DAL', 'F', 9, 7, 5, 5, 4, 4, 5, 2, 4, 5, 2, 5, 2, 4, 3, 6),
(122, 121, 'Dave', 'Gagner', 'DAL', 'F', 15, 6, 4, 4, 4, 4, 3, 2, 4, 4, 4, 4, 2, 4, 4, 6),
(123, 122, 'Neal', 'Broten', 'DAL', 'F', 7, 4, 4, 4, 3, 5, 3, 3, 0, 3, 2, 4, 3, 4, 1, 6),
(124, 123, 'Brent', 'Gilchrist', 'DAL', 'F', 41, 6, 4, 3, 2, 2, 3, 2, 0, 4, 2, 2, 5, 3, 2, 6),
(125, 124, 'Bobby', 'Smith', 'DAL', 'F', 18, 10, 3, 3, 2, 3, 2, 2, 6, 3, 2, 3, 4, 4, 0, 6),
(126, 125, 'Mike', 'McPhee', 'DAL', 'F', 17, 9, 4, 3, 3, 3, 3, 4, 4, 2, 2, 4, 4, 2, 2, 6),
(127, 126, 'Gaetan', 'Duchesne', 'DAL', 'F', 10, 9, 3, 4, 2, 3, 2, 3, 4, 2, 3, 3, 5, 1, 1, 6),
(128, 127, 'Brian', 'Propp', 'DAL', 'F', 16, 8, 3, 3, 3, 2, 3, 3, 6, 3, 2, 2, 5, 3, 0, 6),
(129, 128, 'Russ', 'Courtnall', 'DAL', 'F', 26, 6, 5, 6, 4, 2, 4, 2, 1, 3, 3, 3, 4, 3, 2, 6),
(130, 129, 'Ulf', 'Dahlen', 'DAL', 'F', 22, 8, 3, 4, 4, 3, 3, 2, 0, 4, 4, 4, 3, 3, 0, 6),
(131, 130, 'Mike', 'Craig', 'DAL', 'F', 20, 6, 3, 3, 3, 3, 3, 3, 7, 4, 3, 3, 2, 2, 3, 6),
(132, 131, 'Trent', 'Klatt', 'DAL', 'F', 29, 9, 2, 2, 3, 1, 2, 1, 5, 2, 1, 1, 1, 2, 2, 6),
(133, 132, 'Shane', 'Churla', 'DAL', 'F', 27, 9, 1, 2, 2, 2, 1, 2, 9, 2, 2, 2, 1, 2, 5, 6),
(134, 133, 'Stewart', 'Gavin', 'DAL', 'F', 12, 7, 3, 3, 2, 2, 1, 2, 0, 2, 2, 2, 5, 1, 3, 6),
(135, 134, 'Mark', 'Tinordi', 'DAL', 'D', 24, 9, 3, 3, 3, 4, 4, 4, 4, 3, 3, 4, 2, 2, 4, 6),
(136, 135, 'Tommy', 'Sjodin', 'DAL', 'D', 33, 6, 4, 3, 3, 3, 4, 2, 1, 3, 1, 3, 3, 3, 1, 6),
(137, 136, 'Jim', 'Johnson', 'DAL', 'D', 6, 7, 2, 3, 2, 4, 2, 3, 6, 3, 1, 4, 1, 4, 3, 6),
(138, 137, 'Derian', 'Hatcher', 'DAL', 'D', 2, 9, 3, 2, 2, 3, 2, 2, 4, 2, 1, 4, 2, 2, 4, 6),
(139, 138, 'Craig', 'Ludwig', 'DAL', 'D', 3, 12, 2, 2, 1, 3, 2, 3, 4, 2, 0, 3, 4, 2, 4, 6),
(140, 139, 'Richard', 'Matvichuk', 'DAL', 'D', 4, 7, 2, 3, 1, 3, 3, 3, 6, 3, 0, 3, 5, 2, 2, 6),
(141, 140, 'Mark', 'Osiecki', 'DAL', 'D', 23, 9, 2, 2, 1, 2, 2, 2, 5, 2, 0, 1, 3, 1, 2, 6),
(142, 141, 'Brad', 'Berry', 'DAL', 'D', 5, 7, 2, 2, 0, 3, 2, 3, 4, 2, 0, 3, 5, 1, 4, 6),
(143, 142, 'Enrico', 'Ciccone', 'DAL', 'D', 39, 9, 1, 1, 0, 2, 2, 2, 8, 2, 0, 3, 5, 2, 5, 6),
(144, 143, 'Tim', 'Cheveldae', 'DET', 'G', 32, 6, 4, 4, 4, 4, 4, 0, 0, 0, 0, 4, 3, 4, 4, 7),
(145, 144, 'Vincent', 'Riendeau', 'DET', 'G', 37, 6, 3, 3, 2, 2, 2, 0, 0, 0, 0, 3, 2, 2, 3, 7),
(146, 145, 'Steve', 'Yzerman', 'DET', 'F', 19, 6, 6, 5, 6, 4, 4, 1, 1, 5, 5, 6, 1, 5, 2, 7),
(147, 146, 'Sergei', 'Fedorov', 'DET', 'F', 91, 7, 5, 4, 4, 4, 4, 3, 2, 5, 4, 4, 1, 5, 3, 7),
(148, 147, 'Dallas', 'Drake', 'DET', 'F', 28, 4, 4, 4, 3, 4, 3, 2, 0, 3, 3, 4, 1, 3, 3, 7),
(149, 148, 'Mike', 'Sillinger', 'DET', 'F', 23, 7, 3, 3, 3, 3, 2, 2, 3, 3, 2, 4, 0, 2, 1, 7),
(150, 149, 'Vachslav', 'Kozlov', 'DET', 'F', 13, 5, 4, 3, 2, 2, 3, 1, 2, 3, 3, 3, 5, 3, 3, 7),
(151, 150, 'Paul', 'Ysebaert', 'DET', 'F', 21, 7, 4, 4, 4, 4, 3, 2, 6, 4, 4, 3, 3, 4, 2, 7),
(152, 151, 'Shawn', 'Burr', 'DET', 'F', 11, 6, 2, 2, 3, 3, 2, 4, 6, 2, 2, 3, 1, 2, 3, 7),
(153, 152, 'Keith', 'Primeau', 'DET', 'F', 55, 11, 3, 3, 3, 4, 3, 1, 6, 2, 4, 3, 1, 2, 4, 7),
(154, 153, 'Gerard', 'Gallant', 'DET', 'F', 17, 6, 2, 2, 3, 3, 3, 4, 6, 3, 3, 3, 1, 3, 4, 7),
(155, 154, 'John', 'Ogrodnick', 'DET', 'F', 25, 9, 3, 3, 3, 3, 3, 3, 2, 3, 4, 2, 1, 3, 0, 7),
(156, 155, 'Dino', 'Ciccarelli', 'DET', 'F', 22, 5, 5, 4, 4, 2, 5, 2, 3, 5, 5, 4, 1, 4, 3, 7),
(157, 156, 'Ray', 'Sheppard', 'DET', 'F', 26, 6, 2, 2, 4, 3, 3, 3, 3, 3, 4, 3, 2, 2, 2, 7),
(158, 157, 'Bob', 'Probert', 'DET', 'F', 24, 11, 4, 3, 3, 3, 3, 4, 10, 2, 2, 4, 2, 3, 5, 7),
(159, 158, 'Sheldon', 'Kennedy', 'DET', 'F', 15, 4, 3, 3, 3, 2, 2, 2, 3, 2, 4, 2, 5, 2, 2, 7),
(160, 159, 'Jim', 'Hiller', 'DET', 'F', 14, 7, 2, 2, 2, 1, 2, 3, 7, 2, 2, 1, 4, 2, 4, 7),
(161, 160, 'Paul', 'Coffey', 'DET', 'D', 77, 9, 6, 5, 4, 3, 4, 2, 4, 6, 1, 5, 1, 5, 3, 7),
(162, 161, 'Steve', 'Chiasson', 'DET', 'D', 3, 9, 4, 3, 4, 4, 4, 3, 6, 4, 1, 4, 2, 3, 4, 7),
(163, 162, 'Yves', 'Racine', 'DET', 'D', 33, 6, 3, 3, 3, 4, 4, 3, 4, 3, 1, 4, 2, 3, 3, 7),
(164, 163, 'Nicklas', 'Lidstrom', 'DET', 'D', 5, 5, 4, 3, 3, 4, 4, 3, 4, 4, 1, 4, 2, 4, 1, 7),
(165, 164, 'Mark', 'Howe', 'DET', 'D', 4, 6, 3, 3, 3, 4, 3, 3, 2, 3, 1, 3, 0, 3, 1, 7),
(166, 165, 'Vladimir', 'Konstantov', 'DET', 'D', 16, 6, 3, 3, 2, 4, 3, 4, 7, 3, 1, 4, 2, 3, 3, 7),
(167, 166, 'Steve', 'Konroyd', 'DET', 'D', 8, 8, 3, 3, 2, 3, 2, 4, 4, 2, 1, 3, 2, 3, 3, 7),
(168, 167, 'Brad', 'McCrimmon', 'DET', 'D', 2, 8, 3, 2, 2, 4, 2, 4, 6, 1, 0, 3, 1, 3, 3, 7),
(169, 168, 'Bill', 'Ranford', 'EDM', 'G', 30, 4, 4, 3, 3, 3, 4, 0, 0, 0, 0, 4, 4, 5, 4, 8),
(170, 169, 'Ron', 'Tugnutt', 'EDM', 'G', 1, 2, 2, 3, 3, 3, 1, 0, 0, 0, 0, 1, 1, 1, 2, 8),
(171, 170, 'Doug', 'Weight', 'EDM', 'F', 39, 6, 3, 3, 3, 4, 3, 3, 4, 4, 3, 3, 1, 3, 2, 8),
(172, 171, 'Todd', 'Elik', 'EDM', 'F', 34, 7, 3, 4, 3, 3, 2, 2, 4, 3, 3, 3, 1, 2, 3, 8),
(173, 172, 'Craig', 'MacTavish', 'EDM', 'F', 14, 8, 4, 3, 2, 4, 2, 4, 4, 3, 2, 5, 2, 2, 3, 8),
(174, 173, 'Kevin', 'Todd', 'EDM', 'F', 15, 5, 3, 4, 3, 3, 3, 3, 6, 3, 2, 3, 3, 3, 2, 8),
(175, 174, 'Shjon', 'Podein', 'EDM', 'F', 26, 9, 2, 2, 3, 2, 2, 2, 6, 2, 4, 2, 5, 1, 2, 8),
(176, 175, 'Mike', 'Hudson', 'EDM', 'F', 20, 9, 3, 3, 2, 4, 2, 4, 8, 2, 0, 3, 2, 3, 3, 8),
(177, 176, 'Shayne', 'Corson', 'EDM', 'F', 9, 9, 4, 4, 3, 4, 3, 4, 6, 4, 2, 4, 2, 3, 4, 8),
(178, 177, 'Craig', 'Simpson', 'EDM', 'F', 18, 8, 3, 3, 4, 3, 4, 2, 3, 4, 5, 3, 1, 3, 2, 8),
(179, 178, 'Zdeno', 'Ciger', 'EDM', 'F', 8, 7, 4, 3, 3, 3, 3, 2, 0, 3, 3, 3, 2, 3, 0, 8),
(180, 179, 'Kelly', 'Buchberger', 'EDM', 'F', 16, 10, 2, 2, 2, 3, 2, 4, 10, 1, 3, 3, 2, 1, 3, 8),
(181, 180, 'Martin', 'Gelinas', 'EDM', 'F', 7, 8, 3, 3, 2, 2, 3, 2, 4, 3, 2, 2, 4, 2, 2, 8),
(182, 181, 'Louie', 'DeBrusk', 'EDM', 'F', 29, 12, 1, 1, 2, 1, 2, 3, 12, 1, 4, 1, 5, 1, 5, 8),
(183, 182, 'Petr', 'Klima', 'EDM', 'F', 85, 7, 5, 5, 3, 2, 4, 1, 3, 5, 5, 4, 5, 3, 3, 8),
(184, 183, 'Scott', 'Mellanby', 'EDM', 'F', 27, 9, 1, 1, 3, 3, 3, 4, 7, 2, 3, 3, 3, 2, 4, 8),
(185, 184, 'Steven', 'Rice', 'EDM', 'F', 12, 11, 2, 2, 2, 1, 2, 1, 3, 2, 1, 1, 2, 2, 3, 8),
(186, 185, 'Dave', 'Manson', 'EDM', 'D', 24, 9, 4, 4, 3, 5, 5, 4, 10, 4, 1, 5, 4, 3, 4, 8),
(187, 186, 'Igor', 'Kravchuk', 'EDM', 'D', 21, 9, 4, 3, 3, 4, 3, 3, 2, 4, 2, 4, 4, 3, 2, 8),
(188, 187, 'Brian', 'Benning', 'EDM', 'D', 19, 8, 2, 2, 3, 4, 3, 3, 6, 2, 2, 4, 2, 3, 4, 8),
(189, 188, 'Geoff', 'Smith', 'EDM', 'D', 25, 9, 4, 3, 2, 3, 1, 1, 4, 3, 1, 3, 2, 3, 1, 8),
(190, 189, 'Brian', 'Glynn', 'EDM', 'D', 6, 11, 3, 3, 2, 3, 4, 3, 4, 2, 1, 4, 3, 2, 3, 8),
(191, 190, 'Luke', 'Richardson', 'EDM', 'D', 22, 11, 3, 3, 1, 3, 2, 4, 6, 3, 0, 2, 4, 3, 4, 8),
(192, 191, 'Chris', 'Joseph', 'EDM', 'D', 2, 10, 3, 3, 3, 1, 3, 3, 5, 3, 1, 1, 2, 3, 3, 8),
(193, 192, 'Brad', 'Werenka', 'EDM', 'D', 36, 9, 3, 3, 2, 2, 3, 2, 6, 3, 3, 2, 5, 2, 3, 8),
(194, 193, 'John', 'Vanbiesbrk', 'FLA', 'G', 34, 5, 3, 4, 5, 5, 3, 0, 0, 0, 0, 3, 4, 3, 4, 9),
(195, 194, 'Mark', 'Fitzpatrik', 'FLA', 'G', 30, 7, 2, 4, 2, 2, 3, 0, 0, 0, 0, 2, 2, 2, 2, 9),
(196, 195, 'Tom', 'Fitzgerald', 'FLA', 'F', 14, 8, 2, 2, 2, 3, 2, 2, 1, 2, 2, 3, 2, 2, 2, 9),
(197, 196, 'Scott', 'Mellanby', 'FLA', 'F', 27, 9, 1, 1, 3, 3, 3, 4, 7, 2, 3, 3, 3, 2, 4, 9),
(198, 197, 'Brian', 'Skrudland', 'FLA', 'F', 39, 8, 4, 2, 2, 4, 2, 4, 6, 3, 3, 4, 4, 3, 4, 9),
(199, 198, 'Mike', 'Hough', 'FLA', 'F', 18, 7, 3, 2, 3, 3, 3, 2, 4, 3, 2, 3, 2, 3, 3, 9),
(200, 199, 'Dave', 'Lowry', 'FLA', 'F', 10, 8, 2, 2, 2, 3, 2, 3, 6, 2, 2, 3, 4, 2, 4, 9),
(201, 200, 'Andrei', 'Lomakin', 'FLA', 'F', 23, 7, 4, 3, 3, 2, 3, 1, 2, 3, 3, 3, 2, 4, 2, 9),
(202, 201, 'Randy', 'Gilhen', 'FLA', 'F', 20, 7, 2, 2, 1, 3, 2, 3, 2, 2, 1, 3, 5, 2, 1, 9),
(203, 202, 'Jesse', 'Belanger', 'FLA', 'F', 29, 4, 1, 2, 3, 1, 2, 2, 0, 2, 2, 1, 4, 2, 1, 9),
(204, 203, 'Bill', 'Lindsay', 'FLA', 'F', 22, 7, 1, 2, 2, 2, 2, 2, 0, 2, 2, 2, 4, 2, 1, 9),
(205, 204, 'Joe', 'Cirella', 'FLA', 'D', 6, 10, 3, 3, 2, 2, 3, 2, 9, 2, 2, 3, 3, 2, 3, 9),
(206, 205, 'Alexnder', 'Godynyuk', 'FLA', 'D', 21, 10, 2, 3, 2, 2, 2, 3, 8, 2, 2, 3, 5, 1, 2, 9),
(207, 206, 'Gord', 'Murphy', 'FLA', 'D', 28, 8, 5, 4, 2, 3, 4, 4, 9, 3, 1, 3, 3, 3, 3, 9),
(208, 207, 'Gord', 'Hynes', 'FLA', 'D', 26, 4, 2, 2, 2, 2, 1, 3, 2, 2, 2, 2, 5, 2, 2, 9),
(209, 208, 'Milan', 'Tichy', 'FLA', 'D', 43, 8, 3, 2, 1, 1, 2, 3, 8, 2, 1, 2, 2, 2, 4, 9),
(210, 209, 'Stephane', 'Richer', 'FLA', 'D', 25, 9, 3, 3, 3, 3, 3, 3, 3, 3, 2, 3, 3, 2, 2, 9),
(211, 210, 'Sean', 'Burke', 'HFD', 'G', 1, 10, 4, 3, 2, 2, 4, 0, 0, 0, 0, 4, 4, 4, 4, 10),
(212, 211, 'Mario', 'Gosselin', 'HFD', 'G', 31, 3, 2, 3, 4, 4, 2, 0, 0, 0, 0, 1, 1, 2, 2, 10),
(213, 212, 'Frank', 'Pietrngelo', 'HFD', 'G', 40, 6, 3, 3, 1, 1, 3, 0, 0, 0, 0, 2, 2, 2, 2, 10),
(214, 213, 'Andrew', 'Cassels', 'HFD', 'F', 21, 7, 3, 3, 4, 4, 2, 2, 0, 3, 4, 4, 0, 3, 2, 10),
(215, 214, 'Terry', 'Yake', 'HFD', 'F', 25, 6, 3, 3, 4, 3, 3, 3, 3, 3, 4, 4, 0, 3, 2, 10),
(216, 215, 'Mikael', 'Nylander', 'HFD', 'F', 36, 5, 4, 3, 3, 2, 3, 2, 2, 3, 2, 3, 1, 3, 2, 10),
(217, 216, 'Robert', 'Kron', 'HFD', 'F', 38, 5, 3, 3, 3, 4, 2, 2, 2, 3, 3, 3, 4, 3, 2, 10),
(218, 217, 'Robert', 'Petrovicky', 'HFD', 'F', 39, 5, 4, 3, 2, 2, 3, 2, 2, 3, 1, 3, 4, 3, 3, 10),
(219, 218, 'Geoff', 'Sanderson', 'HFD', 'F', 8, 6, 4, 4, 4, 3, 4, 2, 0, 4, 4, 4, 3, 3, 1, 10),
(220, 219, 'Patrick', 'Poulin', 'HFD', 'F', 24, 10, 3, 3, 3, 2, 3, 3, 0, 3, 3, 3, 2, 3, 2, 10),
(221, 220, 'Yvon', 'Corriveau', 'HFD', 'F', 11, 8, 2, 2, 2, 3, 2, 3, 8, 1, 2, 3, 3, 1, 1, 10),
(222, 221, 'Jim', 'McKenzie', 'HFD', 'F', 33, 9, 2, 2, 1, 1, 2, 2, 4, 2, 2, 2, 3, 1, 4, 10),
(223, 222, 'Randy', 'Cunnyworth', 'HFD', 'F', 7, 6, 2, 3, 2, 3, 2, 3, 6, 2, 2, 3, 5, 3, 3, 10),
(224, 223, 'Pat', 'Verbeek', 'HFD', 'F', 16, 7, 3, 4, 4, 3, 4, 3, 7, 4, 4, 4, 2, 4, 4, 10),
(225, 224, 'Mark', 'Janssens', 'HFD', 'F', 22, 11, 3, 3, 3, 3, 3, 4, 6, 3, 3, 4, 1, 2, 4, 10),
(226, 225, 'Nick', 'Kypreos', 'HFD', 'F', 20, 8, 2, 2, 2, 2, 1, 3, 6, 2, 4, 3, 4, 1, 5, 10),
(227, 226, 'Mark', 'Greig', 'HFD', 'F', 17, 7, 1, 1, 2, 1, 0, 1, 5, 1, 1, 1, 0, 1, 3, 10),
(228, 227, 'Jamie', 'Leach', 'HFD', 'F', 34, 8, 3, 3, 2, 1, 2, 3, 9, 2, 3, 1, 5, 2, 0, 10),
(229, 228, 'Zarley', 'Zalapski', 'HFD', 'D', 3, 10, 5, 4, 4, 5, 4, 4, 4, 4, 2, 5, 1, 3, 3, 10),
(230, 229, 'Eric', 'Weinrich', 'HFD', 'D', 4, 10, 3, 4, 3, 4, 3, 3, 4, 3, 2, 4, 1, 3, 3, 10),
(231, 230, 'Adam', 'Burt', 'HFD', 'D', 6, 7, 4, 3, 2, 3, 4, 3, 4, 4, 1, 4, 3, 3, 4, 10),
(232, 231, 'Dan', 'Keczmer', 'HFD', 'D', 37, 7, 2, 2, 2, 3, 1, 1, 6, 2, 2, 2, 5, 1, 3, 10),
(233, 232, 'Doug', 'Houda', 'HFD', 'D', 27, 7, 2, 2, 1, 2, 2, 2, 9, 2, 1, 2, 4, 1, 4, 10),
(234, 233, 'Randy', 'Ladouceur', 'HFD', 'D', 29, 11, 3, 3, 1, 3, 1, 2, 4, 2, 1, 3, 5, 1, 4, 10),
(235, 234, 'Allen', 'Pedersen', 'HFD', 'D', 41, 10, 2, 3, 1, 3, 2, 3, 6, 2, 1, 2, 1, 2, 3, 10),
(236, 235, 'Kelly', 'Hrudey', 'LA', 'G', 32, 6, 3, 3, 4, 4, 4, 0, 0, 0, 0, 2, 2, 2, 3, 11),
(237, 236, 'Robb', 'Stauber', 'LA', 'G', 35, 6, 2, 3, 5, 5, 3, 0, 0, 0, 0, 2, 2, 2, 2, 11),
(238, 237, 'Rick', 'Knickle', 'LA', 'G', 1, 2, 2, 3, 3, 3, 2, 0, 0, 0, 0, 2, 2, 2, 1, 11),
(239, 238, 'Wayne', 'Gretzky', 'LA', 'F', 99, 4, 6, 4, 5, 4, 2, 2, 2, 6, 2, 6, 0, 6, 0, 11),
(240, 239, 'Jimmy', 'Carson', 'LA', 'F', 12, 9, 4, 4, 4, 3, 4, 2, 3, 4, 5, 4, 2, 4, 1, 11),
(241, 240, 'Corey', 'Millen', 'LA', 'F', 23, 4, 3, 4, 4, 3, 2, 1, 5, 3, 4, 3, 3, 3, 3, 11),
(242, 241, 'Gary', 'Shuchuk', 'LA', 'F', 14, 6, 2, 2, 2, 0, 1, 2, 3, 2, 2, 0, 3, 2, 2, 11),
(243, 242, 'Luc', 'Robitaille', 'LA', 'F', 20, 7, 4, 4, 5, 3, 4, 2, 4, 5, 6, 5, 2, 4, 3, 11),
(244, 243, 'Tony', 'Granato', 'LA', 'F', 21, 6, 4, 5, 4, 4, 3, 3, 3, 3, 4, 3, 3, 3, 4, 11),
(245, 244, 'Lonnie', 'Loach', 'LA', 'F', 29, 6, 2, 3, 3, 2, 2, 2, 6, 2, 3, 2, 2, 2, 2, 11),
(246, 245, 'Pat', 'Conacher', 'LA', 'F', 15, 7, 2, 2, 2, 2, 2, 2, 4, 2, 3, 2, 4, 3, 1, 11),
(247, 246, 'Warren', 'Rychel', 'LA', 'F', 10, 7, 2, 2, 2, 1, 1, 3, 6, 1, 2, 1, 5, 1, 5, 11),
(248, 247, 'Tomas', 'Sandstrom', 'LA', 'F', 7, 9, 4, 4, 5, 3, 5, 3, 8, 4, 5, 3, 2, 3, 3, 11),
(249, 248, 'Jari', 'Kurri', 'LA', 'F', 17, 8, 4, 3, 4, 4, 4, 2, 1, 4, 3, 4, 1, 3, 2, 11),
(250, 249, 'Mike', 'Donnelly', 'LA', 'F', 11, 6, 4, 4, 4, 3, 2, 3, 4, 2, 3, 4, 3, 3, 2, 11),
(251, 250, 'Dave', 'Taylor', 'LA', 'F', 18, 7, 3, 2, 2, 3, 3, 3, 5, 3, 2, 3, 3, 2, 3, 11),
(252, 251, 'Rob', 'Blake', 'LA', 'D', 4, 11, 4, 4, 4, 4, 4, 3, 3, 4, 1, 4, 3, 4, 4, 11),
(253, 252, 'Marty', 'McSorley', 'LA', 'D', 33, 14, 3, 3, 3, 4, 3, 3, 9, 3, 2, 4, 4, 3, 6, 11),
(254, 253, 'Alexei', 'Zhitnik', 'LA', 'D', 2, 5, 4, 4, 3, 4, 3, 3, 4, 3, 2, 4, 1, 3, 3, 11),
(255, 254, 'Darryl', 'Sydor', 'LA', 'D', 25, 9, 3, 3, 2, 3, 3, 3, 4, 3, 1, 3, 2, 3, 2, 11),
(256, 255, 'Charlie', 'Huddy', 'LA', 'D', 22, 10, 3, 2, 2, 4, 3, 3, 4, 3, 1, 3, 1, 3, 2, 11),
(257, 256, 'Mark', 'Hardy', 'LA', 'D', 24, 8, 3, 3, 2, 3, 1, 3, 6, 2, 0, 2, 1, 2, 3, 11),
(258, 257, 'Brent', 'Thompson', 'LA', 'D', 3, 5, 2, 2, 1, 2, 1, 2, 8, 2, 0, 2, 1, 1, 4, 11),
(259, 258, 'Tim', 'Watters', 'LA', 'D', 5, 6, 2, 2, 1, 2, 1, 2, 6, 2, 0, 2, 1, 2, 2, 11),
(260, 259, 'Rene', 'Chapdlaine', 'LA', 'D', 8, 8, 1, 1, 0, 1, 0, 1, 5, 1, 0, 1, 3, 1, 3, 11),
(261, 260, 'Patrick', 'Roy', 'MTL', 'G', 33, 6, 6, 4, 4, 4, 6, 0, 0, 0, 0, 5, 5, 6, 6, 12),
(262, 261, 'Andre', 'Racicot', 'MTL', 'G', 37, 4, 2, 3, 3, 3, 3, 0, 0, 0, 0, 2, 2, 2, 2, 12),
(263, 262, 'Kirk', 'Muller', 'MTL', 'F', 11, 9, 4, 4, 4, 4, 4, 4, 4, 4, 4, 4, 1, 4, 3, 12),
(264, 263, 'Stephan', 'Lebeau', 'MTL', 'F', 47, 5, 4, 4, 4, 3, 3, 2, 1, 4, 5, 4, 0, 3, 1, 12),
(265, 264, 'Denis', 'Savard', 'MTL', 'F', 18, 5, 5, 4, 4, 3, 3, 2, 3, 5, 3, 3, 0, 4, 3, 12),
(266, 265, 'Guy', 'Carbonneau', 'MTL', 'F', 21, 6, 4, 3, 2, 4, 2, 4, 1, 4, 1, 3, 3, 4, 1, 12),
(267, 266, 'Vincent', 'Damphousse', 'MTL', 'F', 25, 6, 4, 4, 4, 3, 3, 2, 0, 5, 3, 4, 2, 4, 3, 12),
(268, 267, 'Gilbert', 'Dionne', 'MTL', 'F', 45, 8, 3, 4, 3, 3, 3, 2, 4, 3, 3, 3, 2, 3, 2, 12),
(269, 268, 'John', 'Leclair', 'MTL', 'F', 17, 11, 3, 4, 3, 3, 3, 3, 0, 3, 3, 3, 2, 2, 2, 12),
(270, 269, 'Benoit', 'Brunet', 'MTL', 'F', 22, 6, 2, 2, 3, 2, 2, 2, 2, 2, 3, 2, 2, 2, 2, 12),
(271, 270, 'Mario', 'Roberge', 'MTL', 'F', 32, 6, 1, 1, 1, 1, 2, 3, 8, 1, 3, 1, 3, 1, 4, 12),
(272, 271, 'Brian', 'Bellows', 'MTL', 'F', 23, 8, 4, 4, 4, 3, 4, 2, 3, 4, 4, 4, 2, 4, 2, 12),
(273, 272, 'Mike', 'Keane', 'MTL', 'F', 12, 5, 3, 4, 4, 3, 2, 3, 3, 2, 3, 3, 0, 3, 3, 12),
(274, 273, 'Gary', 'Leeman', 'MTL', 'F', 26, 5, 4, 4, 3, 2, 3, 2, 9, 3, 3, 3, 2, 3, 2, 12),
(275, 274, 'Todd', 'Ewen', 'MTL', 'F', 36, 11, 1, 1, 2, 1, 1, 3, 7, 1, 2, 2, 3, 1, 4, 12),
(276, 275, 'Ed', 'Ronan', 'MTL', 'F', 31, 8, 2, 2, 2, 1, 2, 3, 3, 2, 2, 1, 4, 2, 1, 12),
(277, 276, 'Eric', 'Desjardins', 'MTL', 'D', 28, 9, 4, 3, 3, 4, 3, 4, 3, 4, 2, 4, 2, 3, 3, 12),
(278, 277, 'Matt', 'Schneider', 'MTL', 'D', 27, 7, 3, 4, 3, 3, 3, 3, 4, 4, 2, 4, 2, 4, 3, 12),
(279, 278, 'Patrice', 'Brisebois', 'MTL', 'D', 43, 5, 3, 3, 3, 3, 3, 3, 7, 2, 2, 4, 3, 2, 3, 12),
(280, 279, 'Kevin', 'Haller', 'MTL', 'D', 14, 6, 2, 2, 2, 3, 1, 2, 6, 1, 2, 4, 5, 2, 3, 12),
(281, 280, 'Rob', 'Ramage', 'MTL', 'D', 5, 9, 3, 2, 2, 3, 3, 4, 7, 3, 1, 3, 5, 3, 4, 12),
(282, 281, 'J.J.', 'Daigneault', 'MTL', 'D', 48, 6, 4, 3, 2, 4, 4, 3, 4, 3, 2, 4, 4, 2, 2, 12),
(283, 282, 'Lyle', 'Odelein', 'MTL', 'D', 24, 9, 3, 2, 2, 4, 2, 3, 6, 2, 0, 3, 3, 2, 4, 12),
(284, 283, 'Sean', 'Hill', 'MTL', 'D', 38, 8, 2, 2, 2, 2, 2, 3, 5, 2, 1, 2, 3, 1, 4, 12),
(285, 284, 'Donald', 'Dufresne', 'MTL', 'D', 34, 9, 2, 2, 1, 2, 2, 3, 9, 2, 1, 2, 3, 1, 3, 12),
(286, 285, 'Chris', 'Terreri', 'NJ', 'G', 31, 2, 4, 4, 4, 4, 3, 0, 0, 0, 0, 3, 3, 3, 3, 13),
(287, 286, 'Craig', 'Billington', 'NJ', 'G', 1, 4, 3, 4, 2, 2, 1, 0, 0, 0, 0, 2, 2, 2, 2, 13),
(288, 287, 'Alexnder', 'Semak', 'NJ', 'F', 20, 6, 4, 3, 4, 4, 3, 3, 1, 4, 4, 3, 2, 4, 2, 13),
(289, 288, 'Bernie', 'Nicholls', 'NJ', 'F', 19, 6, 3, 3, 4, 3, 3, 1, 3, 4, 2, 3, 0, 4, 3, 13),
(290, 289, 'Peter', 'Stastny', 'NJ', 'F', 26, 9, 4, 3, 3, 4, 3, 3, 0, 4, 4, 3, 2, 4, 1, 13),
(291, 290, 'Janne', 'Ojanen', 'NJ', 'F', 34, 9, 2, 2, 3, 2, 2, 2, 2, 2, 2, 2, 2, 3, 2, 13),
(292, 291, 'Valeri', 'Zelepukin', 'NJ', 'F', 25, 6, 4, 4, 4, 3, 3, 1, 0, 4, 3, 3, 1, 4, 3, 13),
(293, 292, 'John', 'MacLean', 'NJ', 'F', 15, 9, 3, 3, 3, 4, 4, 3, 7, 3, 3, 4, 4, 2, 3, 13),
(294, 293, 'Bobby', 'Holik', 'NJ', 'F', 16, 10, 3, 4, 3, 3, 3, 3, 3, 3, 3, 4, 5, 3, 3, 13),
(295, 294, 'Tom', 'Chorske', 'NJ', 'F', 9, 9, 2, 2, 3, 2, 1, 2, 3, 3, 2, 2, 2, 3, 2, 13),
(296, 295, 'Troy', 'Mallette', 'NJ', 'F', 8, 10, 2, 2, 2, 2, 1, 1, 8, 2, 4, 1, 3, 1, 3, 13),
(297, 296, 'Stephane', 'Richer', 'NJ', 'F', 44, 9, 4, 4, 4, 3, 5, 2, 1, 4, 3, 4, 4, 3, 2, 13),
(298, 297, 'Claude', 'Lemieux', 'NJ', 'F', 22, 11, 4, 4, 4, 3, 4, 3, 7, 3, 2, 4, 3, 3, 4, 13),
(299, 298, 'Bill', 'Guerin', 'NJ', 'F', 12, 9, 2, 2, 3, 2, 3, 2, 3, 3, 3, 2, 3, 2, 3, 13),
(300, 299, 'Randy', 'McKay', 'NJ', 'F', 21, 6, 2, 2, 2, 2, 2, 2, 9, 2, 2, 3, 4, 2, 4, 13),
(301, 300, 'Scott', 'Pellerin', 'NJ', 'F', 18, 6, 2, 3, 3, 3, 2, 2, 6, 2, 3, 2, 2, 2, 3, 13),
(302, 301, 'Dave', 'Barr', 'NJ', 'F', 11, 8, 3, 3, 2, 3, 3, 3, 3, 2, 3, 3, 2, 2, 2, 13),
(303, 302, 'Scott', 'Stevens', 'NJ', 'D', 4, 11, 4, 4, 3, 4, 4, 5, 6, 4, 2, 5, 0, 4, 3, 13),
(304, 303, 'Vachslav', 'Fetisov', 'NJ', 'D', 2, 11, 4, 2, 2, 4, 4, 4, 4, 4, 1, 3, 0, 4, 4, 13),
(305, 304, 'Bruce', 'Driver', 'NJ', 'D', 23, 6, 3, 3, 3, 4, 2, 3, 4, 3, 2, 4, 2, 3, 2, 13),
(306, 305, 'Scott', 'Niedrmayer', 'NJ', 'D', 27, 9, 3, 3, 3, 3, 3, 3, 4, 3, 2, 3, 1, 3, 2, 13),
(307, 306, 'Alexei', 'Kasatonov', 'NJ', 'D', 7, 11, 4, 3, 2, 3, 4, 4, 4, 4, 1, 3, 1, 4, 2, 13),
(308, 307, 'Ken', 'Daneyko', 'NJ', 'D', 3, 10, 2, 2, 1, 4, 1, 4, 6, 2, 0, 4, 4, 1, 4, 13),
(309, 308, 'Tommy', 'Albelin', 'NJ', 'D', 6, 7, 3, 2, 2, 3, 2, 2, 2, 3, 0, 3, 3, 2, 2, 13),
(310, 309, 'Myles', 'O''Connor', 'NJ', 'D', 5, 7, 1, 1, 0, 1, 1, 1, 2, 1, 0, 1, 3, 0, 3, 13),
(311, 310, 'Glenn', 'Healy', 'NYI', 'G', 35, 5, 2, 4, 4, 4, 2, 0, 0, 0, 0, 2, 2, 2, 2, 14),
(312, 311, 'Mark', 'Fitzpatrik', 'NYI', 'G', 30, 7, 2, 4, 2, 2, 3, 0, 0, 0, 0, 2, 2, 2, 2, 14),
(313, 312, 'Pierre', 'Turgeon', 'NYI', 'F', 77, 9, 4, 4, 5, 3, 4, 3, 4, 4, 5, 5, 1, 4, 1, 14),
(314, 313, 'Benoit', 'Hogue', 'NYI', 'F', 33, 7, 4, 5, 4, 3, 3, 2, 4, 4, 5, 4, 1, 4, 3, 14),
(315, 314, 'Marty', 'McInnis', 'NYI', 'F', 18, 4, 3, 3, 3, 2, 2, 2, 3, 3, 3, 3, 0, 2, 2, 14),
(316, 315, 'Travis', 'Green', 'NYI', 'F', 39, 8, 2, 2, 3, 2, 2, 3, 1, 2, 1, 2, 3, 2, 2, 14),
(317, 316, 'Ray', 'Ferraro', 'NYI', 'F', 20, 6, 3, 3, 3, 3, 4, 2, 6, 4, 3, 4, 3, 3, 3, 14),
(318, 317, 'Claude', 'Loiselle', 'NYI', 'F', 10, 8, 3, 2, 2, 1, 1, 3, 8, 3, 3, 1, 5, 2, 4, 14),
(319, 318, 'Steve', 'Thomas', 'NYI', 'F', 32, 6, 4, 4, 4, 3, 3, 4, 4, 3, 3, 4, 2, 4, 3, 14),
(320, 319, 'Derek', 'King', 'NYI', 'F', 27, 9, 3, 2, 4, 3, 4, 1, 4, 4, 5, 4, 2, 2, 2, 14),
(321, 320, 'Dave', 'Volek', 'NYI', 'F', 25, 6, 4, 4, 3, 2, 2, 1, 2, 4, 2, 4, 5, 3, 2, 14),
(322, 321, 'Patrick', 'Flatley', 'NYI', 'F', 26, 8, 3, 2, 4, 3, 2, 3, 3, 4, 2, 4, 0, 4, 2, 14),
(323, 322, 'Brian', 'Mullen', 'NYI', 'F', 16, 6, 3, 3, 3, 3, 3, 2, 4, 3, 3, 4, 5, 3, 1, 14),
(324, 323, 'Brad', 'Dalgarno', 'NYI', 'F', 15, 11, 1, 2, 3, 2, 1, 1, 5, 2, 4, 2, 1, 2, 3, 14),
(325, 324, 'Tom', 'Fitzgerald', 'NYI', 'F', 14, 8, 2, 2, 2, 3, 2, 2, 1, 2, 2, 3, 2, 2, 2, 14),
(326, 325, 'Dan', 'Marois', 'NYI', 'F', 17, 7, 3, 3, 2, 1, 3, 1, 5, 3, 1, 2, 4, 2, 3, 14),
(327, 326, 'Mick', 'Vukota', 'NYI', 'F', 12, 8, 2, 3, 1, 1, 1, 1, 9, 1, 1, 2, 4, 1, 4, 14),
(328, 327, 'Vladimir', 'Malakhov', 'NYI', 'D', 23, 10, 3, 3, 4, 3, 4, 3, 4, 3, 2, 4, 2, 3, 3, 14),
(329, 328, 'Darius', 'Kasparitis', 'NYI', 'D', 11, 7, 4, 3, 2, 3, 3, 4, 4, 3, 1, 3, 2, 3, 4, 14),
(330, 329, 'Jeff', 'Norton', 'NYI', 'D', 8, 8, 3, 3, 4, 3, 2, 2, 4, 2, 2, 4, 1, 3, 2, 14),
(331, 330, 'Uwe', 'Krupp', 'NYI', 'D', 4, 14, 2, 2, 3, 4, 3, 3, 3, 2, 2, 4, 1, 3, 2, 14),
(332, 331, 'Tom', 'Kurvers', 'NYI', 'D', 28, 8, 3, 3, 4, 3, 4, 2, 6, 3, 1, 4, 1, 3, 2, 14),
(333, 332, 'Scott', 'Lachance', 'NYI', 'D', 7, 8, 2, 2, 2, 4, 3, 3, 4, 3, 2, 4, 1, 3, 3, 14),
(334, 333, 'Dennis', 'Vaske', 'NYI', 'D', 37, 10, 1, 1, 2, 1, 2, 2, 6, 1, 1, 1, 1, 1, 3, 14),
(335, 334, 'Richard', 'Pilon', 'NYI', 'D', 47, 9, 3, 3, 1, 2, 3, 3, 8, 2, 1, 2, 5, 1, 5, 14),
(336, 335, 'John', 'Vanbiesbrk', 'NYR', 'G', 34, 5, 3, 4, 5, 5, 3, 0, 0, 0, 0, 3, 4, 3, 4, 15),
(337, 336, 'Mike', 'Richter', 'NYR', 'G', 35, 7, 3, 4, 4, 4, 3, 0, 0, 0, 0, 4, 4, 4, 4, 15),
(338, 337, 'Mark', 'Messier', 'NYR', 'F', 11, 10, 5, 4, 4, 4, 3, 5, 4, 5, 3, 4, 0, 5, 3, 15),
(339, 338, 'Sergei', 'Nemchinov', 'NYR', 'F', 13, 6, 4, 3, 3, 5, 3, 4, 0, 3, 4, 5, 2, 3, 2, 15),
(340, 339, 'Darren', 'Turcotte', 'NYR', 'F', 8, 6, 4, 4, 4, 3, 3, 2, 4, 4, 3, 4, 4, 3, 2, 15),
(341, 340, 'Ed', 'Olczyk', 'NYR', 'F', 12, 9, 4, 3, 3, 3, 4, 2, 4, 4, 3, 3, 4, 4, 2, 15),
(342, 341, 'Esa', 'Tikkanen', 'NYR', 'F', 10, 9, 5, 5, 3, 4, 4, 5, 4, 4, 2, 4, 4, 4, 3, 15),
(343, 342, 'Adam', 'Graves', 'NYR', 'F', 9, 6, 4, 4, 4, 3, 2, 3, 6, 3, 3, 4, 5, 3, 4, 15),
(344, 343, 'Phil', 'Bourque', 'NYR', 'F', 29, 8, 2, 4, 2, 3, 2, 4, 8, 3, 2, 3, 2, 2, 2, 15),
(345, 344, 'Jan', 'Erixon', 'NYR', 'F', 20, 8, 3, 3, 2, 3, 2, 2, 2, 3, 3, 3, 0, 3, 1, 15),
(346, 345, 'Steven', 'King', 'NYR', 'F', 25, 7, 2, 2, 3, 2, 2, 1, 3, 2, 3, 3, 4, 2, 2, 15),
(347, 346, 'Mike', 'Gartner', 'NYR', 'F', 22, 7, 5, 5, 4, 4, 5, 2, 3, 5, 3, 5, 5, 5, 2, 15),
(348, 347, 'Tony', 'Amonte', 'NYR', 'F', 33, 6, 4, 4, 4, 3, 3, 1, 3, 3, 3, 4, 3, 3, 2, 15),
(349, 348, 'Alexei', 'Kovalev', 'NYR', 'F', 27, 7, 4, 3, 3, 3, 3, 1, 0, 3, 4, 3, 4, 3, 3, 15),
(350, 349, 'Paul', 'Broten', 'NYR', 'F', 37, 7, 1, 1, 2, 3, 1, 2, 3, 1, 2, 2, 3, 1, 2, 15),
(351, 350, 'Joey', 'Kocur', 'NYR', 'F', 26, 8, 2, 1, 1, 3, 2, 3, 9, 2, 1, 2, 4, 2, 4, 15),
(352, 351, 'Mike', 'Hartman', 'NYR', 'F', 18, 7, 2, 3, 1, 0, 1, 3, 6, 1, 1, 1, 5, 1, 4, 15),
(353, 352, 'Brian', 'Leetch', 'NYR', 'D', 2, 6, 6, 3, 4, 4, 4, 2, 6, 5, 1, 5, 2, 5, 2, 15),
(354, 353, 'James', 'Patrick', 'NYR', 'D', 3, 9, 4, 4, 3, 4, 4, 4, 3, 4, 1, 4, 2, 4, 3, 15),
(355, 354, 'Sergei', 'Zubov', 'NYR', 'D', 21, 7, 3, 3, 3, 4, 3, 3, 3, 3, 2, 3, 1, 3, 0, 15),
(356, 355, 'Jeff', 'Beukeboom', 'NYR', 'D', 23, 11, 2, 2, 2, 4, 2, 3, 7, 2, 0, 3, 0, 2, 4, 15),
(357, 356, 'Kevin', 'Lowe', 'NYR', 'D', 4, 8, 4, 3, 2, 4, 3, 4, 2, 4, 1, 3, 1, 3, 3, 15),
(358, 357, 'Peter', 'Andersson', 'NYR', 'D', 5, 9, 2, 3, 3, 2, 2, 2, 2, 3, 1, 2, 4, 3, 2, 15),
(359, 358, 'Jay', 'Wells', 'NYR', 'D', 24, 10, 2, 2, 2, 2, 2, 3, 6, 2, 0, 2, 1, 2, 4, 15),
(360, 359, 'Joe', 'Cirella', 'NYR', 'D', 6, 10, 3, 3, 2, 2, 3, 2, 9, 2, 2, 3, 3, 2, 3, 15),
(361, 360, 'Peter', 'Sidorkwicz', 'OTW', 'G', 31, 6, 2, 3, 1, 1, 2, 0, 0, 0, 0, 2, 2, 2, 2, 16),
(362, 361, 'Daniel', 'Berthiaume', 'OTW', 'G', 32, 1, 3, 3, 1, 1, 2, 0, 0, 0, 0, 2, 2, 2, 2, 16),
(363, 362, 'Jamie', 'Baker', 'OTW', 'F', 13, 7, 3, 3, 3, 3, 3, 2, 4, 3, 3, 4, 2, 3, 2, 16),
(364, 363, 'Mark', 'Lamb', 'OTW', 'F', 7, 6, 4, 3, 2, 4, 2, 3, 0, 3, 1, 3, 3, 3, 3, 16),
(365, 364, 'Neil', 'Brady', 'OTW', 'F', 12, 9, 2, 2, 3, 3, 2, 2, 6, 2, 2, 3, 1, 3, 3, 16),
(366, 365, 'Mark', 'Freer', 'OTW', 'F', 11, 6, 2, 2, 3, 3, 2, 2, 4, 2, 3, 4, 3, 2, 2, 16),
(367, 366, 'Laurie', 'Boschman', 'OTW', 'F', 16, 6, 4, 2, 2, 4, 2, 3, 4, 3, 2, 3, 5, 2, 3, 16),
(368, 367, 'David', 'Archibald', 'OTW', 'F', 15, 7, 2, 2, 2, 3, 2, 1, 6, 2, 2, 3, 5, 2, 2, 16),
(369, 368, 'Rob', 'Murphy', 'OTW', 'F', 18, 9, 1, 2, 2, 2, 2, 3, 6, 2, 1, 2, 4, 1, 2, 16),
(370, 369, 'Sylvain', 'Turgeon', 'OTW', 'F', 61, 9, 4, 4, 3, 3, 3, 2, 4, 3, 2, 3, 5, 2, 3, 16),
(371, 370, 'Mike', 'Peluso', 'OTW', 'F', 44, 9, 2, 2, 2, 3, 2, 3, 10, 1, 3, 3, 5, 2, 5, 16),
(372, 371, 'Doug', 'Smail', 'OTW', 'F', 9, 5, 3, 3, 2, 3, 2, 2, 6, 2, 1, 2, 4, 2, 3, 16),
(373, 372, 'Jeff', 'Lazaro', 'OTW', 'F', 28, 6, 3, 3, 3, 1, 2, 2, 8, 3, 3, 1, 5, 2, 2, 16),
(374, 373, 'Darcy', 'Loewen', 'OTW', 'F', 10, 6, 2, 2, 1, 2, 2, 1, 6, 1, 2, 2, 4, 2, 4, 16),
(375, 374, 'Bob', 'Kudelski', 'OTW', 'F', 26, 9, 3, 3, 3, 3, 3, 2, 3, 3, 4, 3, 4, 3, 2, 16),
(376, 375, 'Jody', 'Hull', 'OTW', 'F', 17, 9, 2, 2, 3, 3, 2, 3, 1, 2, 2, 3, 3, 2, 1, 16),
(377, 376, 'Andrew', 'McBain', 'OTW', 'F', 20, 9, 2, 2, 3, 3, 2, 3, 5, 2, 2, 2, 1, 2, 2, 16),
(378, 377, 'Tomas', 'Jelinek', 'OTW', 'D', 25, 7, 2, 2, 2, 2, 2, 1, 6, 3, 2, 2, 5, 1, 3, 16),
(379, 378, 'Norm', 'Maciver', 'OTW', 'D', 22, 6, 3, 3, 4, 4, 3, 3, 0, 2, 2, 4, 1, 3, 3, 16),
(380, 379, 'Brad', 'Shaw', 'OTW', 'D', 4, 7, 3, 2, 3, 3, 3, 2, 3, 3, 1, 3, 2, 3, 2, 16),
(381, 380, 'Darren', 'Rumble', 'OTW', 'D', 34, 9, 2, 2, 2, 3, 2, 3, 4, 2, 0, 3, 4, 2, 3, 16),
(382, 381, 'Chris', 'Luongo', 'OTW', 'D', 23, 6, 2, 2, 1, 3, 1, 1, 3, 2, 0, 2, 4, 2, 3, 16),
(383, 382, 'Ken', 'Hammond', 'OTW', 'D', 5, 7, 3, 2, 1, 3, 2, 3, 6, 2, 1, 3, 5, 1, 3, 16),
(384, 383, 'Gord', 'Dineen', 'OTW', 'D', 6, 8, 1, 1, 2, 2, 1, 2, 3, 1, 1, 2, 5, 1, 3, 16),
(385, 384, 'Brad', 'Marsh', 'OTW', 'D', 14, 11, 2, 2, 0, 3, 1, 3, 6, 1, 0, 2, 5, 2, 2, 16),
(386, 385, 'Tommy', 'Soderstrom', 'PHI', 'G', 30, 3, 4, 4, 5, 5, 4, 0, 0, 0, 0, 3, 4, 3, 4, 17),
(387, 386, 'Dominic', 'Roussel', 'PHI', 'G', 33, 6, 3, 3, 3, 3, 3, 0, 0, 0, 0, 3, 3, 2, 2, 17),
(388, 387, 'Steph', 'Beauregard', 'PHI', 'G', 35, 7, 2, 3, 0, 0, 1, 0, 1, 0, 0, 2, 2, 2, 2, 17),
(389, 388, 'Eric', 'Lindros', 'PHI', 'F', 88, 12, 4, 3, 4, 4, 4, 5, 9, 4, 6, 5, 2, 4, 4, 17),
(390, 389, 'Rod', 'BrindAmour', 'PHI', 'F', 17, 9, 4, 3, 4, 4, 4, 3, 4, 4, 4, 4, 2, 4, 3, 17),
(391, 390, 'Pelle', 'Eklund', 'PHI', 'F', 9, 5, 5, 4, 4, 3, 3, 3, 2, 4, 3, 4, 0, 4, 1, 17),
(392, 391, 'Josef', 'Beranek', 'PHI', 'F', 42, 6, 3, 3, 3, 3, 2, 1, 0, 3, 3, 3, 4, 3, 3, 17),
(393, 392, 'Keith', 'Acton', 'PHI', 'F', 25, 4, 2, 2, 2, 4, 3, 4, 0, 3, 2, 4, 2, 3, 2, 17),
(394, 393, 'Vachslav', 'Butsayev', 'PHI', 'F', 22, 6, 2, 2, 2, 2, 2, 2, 6, 2, 0, 2, 1, 2, 3, 17),
(395, 394, 'Brent', 'Fedyk', 'PHI', 'F', 18, 8, 2, 2, 4, 3, 3, 3, 3, 2, 3, 3, 1, 2, 2, 17),
(396, 395, 'Doug', 'Evans', 'PHI', 'F', 15, 6, 2, 2, 2, 2, 2, 2, 4, 2, 3, 2, 2, 2, 3, 17),
(397, 396, 'Andrei', 'Lomakin', 'PHI', 'F', 23, 7, 4, 3, 3, 2, 3, 1, 2, 3, 3, 3, 2, 4, 2, 17),
(398, 397, 'Dave', 'Snuggerud', 'PHI', 'F', 14, 7, 3, 3, 2, 2, 2, 2, 6, 3, 1, 2, 5, 3, 1, 17),
(399, 398, 'Claude', 'Boivin', 'PHI', 'F', 10, 9, 1, 1, 2, 1, 2, 2, 8, 1, 4, 1, 2, 1, 4, 17),
(400, 399, 'Mark', 'Recchi', 'PHI', 'F', 8, 6, 5, 4, 5, 3, 4, 3, 4, 4, 5, 4, 1, 4, 3, 17),
(401, 400, 'Kevin', 'Dineen', 'PHI', 'F', 11, 7, 4, 5, 3, 4, 2, 2, 7, 3, 3, 4, 5, 3, 4, 17),
(402, 401, 'Dave', 'Brown', 'PHI', 'F', 21, 9, 1, 1, 0, 2, 1, 2, 9, 1, 0, 2, 5, 1, 3, 17),
(403, 402, 'Garry', 'Galley', 'PHI', 'D', 3, 7, 2, 2, 3, 4, 2, 3, 6, 3, 1, 3, 2, 3, 3, 17),
(404, 403, 'Dimitri', 'Yushkevich', 'PHI', 'D', 2, 7, 4, 3, 3, 4, 3, 2, 4, 3, 1, 4, 3, 3, 3, 17),
(405, 404, 'Greg', 'Hawgood', 'PHI', 'D', 20, 7, 4, 3, 3, 3, 3, 2, 4, 3, 2, 3, 1, 3, 3, 17),
(406, 405, 'Terry', 'Carkner', 'PHI', 'D', 29, 10, 2, 2, 2, 3, 2, 3, 6, 2, 1, 3, 0, 2, 4, 17),
(407, 406, 'Ric', 'Nattress', 'PHI', 'D', 5, 10, 2, 2, 3, 3, 2, 2, 5, 2, 3, 3, 3, 2, 2, 17),
(408, 407, 'Ryan', 'McGill', 'PHI', 'D', 27, 8, 2, 2, 2, 3, 2, 2, 7, 2, 1, 3, 4, 1, 4, 17),
(409, 408, 'Gord', 'Hynes', 'PHI', 'D', 26, 4, 2, 2, 2, 2, 1, 3, 2, 2, 2, 2, 5, 2, 2, 17),
(410, 409, 'Shawn', 'Cronin', 'PHI', 'D', 44, 10, 1, 1, 1, 1, 1, 2, 12, 1, 3, 1, 5, 1, 3, 17),
(411, 410, 'Tom', 'Barrasso', 'PIT', 'G', 35, 10, 4, 4, 5, 5, 4, 0, 1, 0, 0, 4, 4, 4, 4, 18),
(412, 411, 'Ken', 'Wregget', 'PIT', 'G', 31, 8, 2, 3, 4, 4, 2, 0, 0, 0, 0, 3, 2, 3, 2, 18),
(413, 412, 'Mario', 'Lemieux', 'PIT', 'F', 66, 10, 5, 4, 6, 4, 4, 3, 3, 6, 6, 6, 0, 6, 2, 18),
(414, 413, 'Ron', 'Francis', 'PIT', 'F', 10, 9, 4, 3, 4, 4, 4, 4, 4, 4, 3, 4, 0, 4, 2, 18),
(415, 414, 'Shawn', 'McEachern', 'PIT', 'F', 15, 7, 3, 3, 3, 3, 3, 2, 4, 3, 3, 4, 3, 3, 2, 18),
(416, 415, 'Mike', 'Stapleton', 'PIT', 'F', 26, 6, 3, 2, 2, 2, 2, 2, 1, 2, 1, 2, 5, 3, 0, 18),
(417, 416, 'Kevin', 'Stevens', 'PIT', 'F', 25, 11, 3, 4, 5, 3, 3, 3, 6, 4, 4, 5, 3, 4, 4, 18),
(418, 417, 'Dave', 'Tippett', 'PIT', 'F', 14, 6, 2, 3, 2, 3, 2, 2, 4, 2, 2, 3, 1, 2, 2, 18),
(419, 418, 'Troy', 'Loney', 'PIT', 'F', 24, 10, 2, 3, 2, 3, 2, 4, 6, 2, 1, 3, 2, 1, 3, 18),
(420, 419, 'Jeff', 'Daniels', 'PIT', 'F', 20, 9, 2, 2, 1, 2, 2, 2, 6, 2, 3, 2, 4, 2, 1, 18),
(421, 420, 'Jaromir', 'Jagr', 'PIT', 'F', 68, 10, 5, 4, 4, 3, 3, 4, 4, 5, 3, 4, 1, 4, 2, 18),
(422, 421, 'Rick', 'Tocchet', 'PIT', 'F', 22, 9, 2, 2, 5, 4, 4, 3, 7, 3, 5, 4, 1, 3, 4, 18),
(423, 422, 'Joe', 'Mullen', 'PIT', 'F', 7, 6, 4, 3, 4, 3, 3, 3, 1, 4, 5, 4, 2, 3, 0, 18),
(424, 423, 'Martin', 'Straka', 'PIT', 'F', 82, 5, 3, 3, 3, 2, 2, 2, 2, 2, 2, 2, 0, 3, 2, 18),
(425, 424, 'Mike', 'Needham', 'PIT', 'F', 39, 6, 2, 2, 2, 2, 2, 2, 5, 2, 3, 2, 5, 2, 1, 18),
(426, 425, 'Jay', 'Caufield', 'PIT', 'F', 16, 14, 1, 2, 0, 1, 1, 3, 11, 1, 0, 1, 3, 1, 4, 18),
(427, 426, 'Larry', 'Murphy', 'PIT', 'D', 55, 10, 4, 3, 4, 5, 4, 3, 3, 4, 2, 5, 1, 4, 3, 18),
(428, 427, 'Ulf', 'Samuelsson', 'PIT', 'D', 5, 8, 4, 4, 3, 5, 3, 5, 6, 3, 0, 4, 1, 3, 5, 18),
(429, 428, 'Jim', 'Paek', 'PIT', 'D', 2, 8, 2, 3, 2, 2, 2, 2, 4, 2, 1, 3, 1, 2, 2, 18),
(430, 429, 'Paul', 'Stanton', 'PIT', 'D', 23, 8, 3, 3, 2, 3, 4, 3, 3, 2, 1, 3, 5, 4, 3, 18),
(431, 430, 'Peter', 'Taglianeti', 'PIT', 'D', 32, 9, 2, 2, 2, 3, 3, 4, 4, 3, 0, 4, 3, 2, 4, 18),
(432, 431, 'Mike', 'Ramsey', 'PIT', 'D', 6, 8, 3, 2, 2, 3, 2, 3, 6, 2, 2, 3, 1, 2, 2, 18),
(433, 432, 'Kjell', 'Samuelsson', 'PIT', 'D', 28, 14, 2, 2, 1, 3, 4, 4, 7, 3, 1, 4, 5, 2, 3, 18),
(434, 433, 'Grant', 'Jennings', 'PIT', 'D', 3, 9, 2, 2, 1, 3, 2, 3, 8, 2, 0, 2, 3, 1, 3, 18),
(435, 434, 'Bryan', 'Fogarty', 'PIT', 'D', 33, 8, 1, 1, 2, 1, 1, 2, 2, 2, 0, 1, 0, 1, 1, 18),
(436, 435, 'Ron', 'Hextall', 'QUE', 'G', 27, 7, 4, 4, 4, 4, 4, 0, 0, 0, 0, 4, 4, 3, 3, 19),
(437, 436, 'Stephane', 'Fiset', 'QUE', 'G', 35, 5, 3, 4, 3, 3, 2, 0, 0, 0, 0, 2, 2, 2, 2, 19),
(438, 437, 'Joe', 'Sakic', 'QUE', 'F', 19, 6, 4, 4, 5, 4, 4, 2, 0, 4, 5, 5, 2, 5, 2, 19),
(439, 438, 'Mike', 'Ricci', 'QUE', 'F', 9, 7, 4, 4, 4, 3, 3, 3, 4, 3, 5, 3, 0, 4, 3, 19),
(440, 439, 'Claude', 'Lapointe', 'QUE', 'F', 47, 5, 3, 3, 3, 4, 2, 2, 4, 3, 2, 3, 1, 2, 3, 19),
(441, 440, 'Martin', 'Rucinsky', 'QUE', 'F', 25, 5, 3, 2, 3, 2, 3, 1, 4, 3, 3, 3, 1, 3, 2, 19),
(442, 441, 'Valeri', 'Kamensky', 'QUE', 'F', 31, 8, 4, 4, 4, 3, 5, 2, 5, 4, 3, 4, 1, 4, 2, 19),
(443, 442, 'Mike', 'Hough', 'QUE', 'F', 18, 7, 3, 2, 3, 3, 3, 2, 4, 3, 2, 3, 2, 3, 3, 19),
(444, 443, 'Gino', 'Cavallini', 'QUE', 'F', 44, 11, 1, 3, 2, 2, 2, 2, 4, 2, 3, 2, 2, 2, 2, 19),
(445, 444, 'Scott', 'Pearson', 'QUE', 'F', 22, 9, 2, 2, 2, 2, 2, 3, 6, 2, 4, 3, 5, 2, 4, 19),
(446, 445, 'Bill', 'Lindsay', 'QUE', 'F', 20, 6, 1, 2, 2, 2, 2, 2, 2, 2, 1, 2, 3, 2, 1, 19),
(447, 446, 'Chris', 'Simon', 'QUE', 'F', 12, 13, 1, 1, 1, 0, 1, 2, 8, 1, 1, 0, 5, 1, 5, 19),
(448, 447, 'Tony', 'Twist', 'QUE', 'F', 15, 10, 1, 1, 1, 0, 1, 1, 12, 1, 0, 1, 4, 1, 4, 19),
(449, 448, 'Mats', 'Sundin', 'QUE', 'F', 13, 7, 4, 4, 5, 4, 4, 1, 3, 4, 5, 4, 0, 4, 3, 19),
(450, 449, 'Owen', 'Nolan', 'QUE', 'F', 11, 8, 4, 4, 4, 3, 4, 1, 7, 4, 4, 4, 3, 3, 4, 19),
(451, 450, 'Andrei', 'Kovalenko', 'QUE', 'F', 51, 3, 3, 4, 4, 3, 3, 3, 4, 3, 4, 4, 1, 3, 2, 19),
(452, 451, 'Scott', 'Young', 'QUE', 'F', 48, 7, 3, 3, 3, 4, 3, 2, 1, 3, 3, 3, 4, 3, 1, 19),
(453, 452, 'Steve', 'Duchesne', 'QUE', 'D', 28, 8, 4, 4, 4, 4, 4, 2, 4, 4, 2, 4, 1, 4, 2, 19),
(454, 453, 'Curtis', 'Leschyshyn', 'QUE', 'D', 7, 9, 3, 4, 3, 4, 2, 3, 4, 2, 3, 4, 0, 3, 2, 19),
(455, 454, 'Alexei', 'Gusarov', 'QUE', 'D', 5, 6, 3, 3, 3, 3, 3, 3, 0, 3, 3, 4, 0, 3, 2, 19),
(456, 455, 'Kerry', 'Huffman', 'QUE', 'D', 2, 9, 3, 3, 3, 3, 3, 3, 6, 3, 1, 3, 2, 2, 3, 19),
(457, 456, 'Adam', 'Foote', 'QUE', 'D', 52, 6, 2, 2, 2, 4, 1, 3, 3, 2, 1, 3, 2, 2, 4, 19),
(458, 457, 'Steven', 'Finn', 'QUE', 'D', 29, 8, 2, 2, 2, 3, 3, 3, 6, 2, 2, 3, 4, 2, 4, 19),
(459, 458, 'Mikhail', 'Tatarinov', 'QUE', 'D', 4, 8, 3, 3, 2, 2, 5, 4, 6, 4, 1, 2, 4, 4, 3, 19),
(460, 459, 'Craig', 'Wolanin', 'QUE', 'D', 6, 9, 2, 2, 2, 2, 1, 2, 8, 1, 1, 2, 1, 1, 4, 19),
(461, 460, 'Arturs', 'Irbe', 'SJ', 'G', 32, 5, 2, 4, 4, 4, 3, 0, 0, 0, 0, 3, 3, 2, 2, 20),
(462, 461, 'Jeff', 'Hackett', 'SJ', 'G', 30, 5, 2, 3, 1, 1, 2, 0, 0, 0, 0, 2, 2, 2, 2, 20),
(463, 462, 'Brian', 'Hayward', 'SJ', 'G', 1, 6, 2, 3, 0, 0, 2, 0, 0, 0, 0, 2, 2, 2, 2, 20),
(464, 463, 'Kelly', 'Kisio', 'SJ', 'F', 11, 6, 2, 2, 4, 4, 3, 3, 3, 3, 4, 4, 0, 3, 3, 20),
(465, 464, 'Rob', 'Gaudreau', 'SJ', 'F', 37, 6, 3, 3, 3, 3, 3, 2, 3, 2, 3, 4, 5, 3, 1, 20),
(466, 465, 'Dean', 'Evason', 'SJ', 'F', 12, 6, 1, 1, 2, 3, 2, 3, 3, 2, 3, 3, 3, 2, 3, 20),
(467, 466, 'Mike', 'Sullivan', 'SJ', 'F', 47, 6, 2, 3, 2, 3, 2, 1, 0, 2, 1, 4, 5, 2, 1, 20),
(468, 467, 'Perry', 'Berezan', 'SJ', 'F', 16, 7, 4, 4, 2, 2, 2, 3, 3, 2, 2, 2, 5, 3, 3, 20),
(469, 468, 'Robin', 'Bawa', 'SJ', 'F', 26, 11, 2, 2, 1, 1, 2, 1, 5, 1, 4, 1, 3, 2, 3, 20),
(470, 469, 'Johan', 'Garpenlov', 'SJ', 'F', 10, 6, 3, 3, 4, 2, 2, 1, 0, 3, 3, 3, 1, 2, 2, 20),
(471, 470, 'Jeff', 'Odgers', 'SJ', 'F', 36, 9, 1, 2, 3, 2, 2, 2, 6, 2, 3, 3, 4, 1, 5, 20),
(472, 471, 'John', 'Carter', 'SJ', 'F', 20, 4, 2, 2, 2, 2, 2, 2, 8, 2, 1, 2, 5, 2, 3, 20),
(473, 472, 'David', 'Maley', 'SJ', 'F', 25, 8, 1, 1, 1, 1, 2, 3, 8, 2, 0, 1, 4, 1, 4, 20),
(474, 473, 'Pat', 'Falloon', 'SJ', 'F', 17, 7, 4, 4, 3, 2, 3, 1, 3, 4, 2, 4, 5, 3, 1, 20),
(475, 474, 'Ed', 'Courtenay', 'SJ', 'F', 39, 9, 2, 2, 3, 3, 1, 1, 3, 1, 3, 2, 1, 2, 1, 20),
(476, 475, 'Mark', 'Pederson', 'SJ', 'F', 18, 8, 2, 2, 3, 2, 2, 2, 6, 2, 3, 2, 5, 2, 2, 20),
(477, 476, 'Doug', 'Wilson', 'SJ', 'D', 24, 7, 4, 3, 3, 3, 6, 3, 6, 4, 1, 3, 3, 4, 3, 20),
(478, 477, 'Neil', 'Wilkinson', 'SJ', 'D', 5, 7, 3, 3, 1, 3, 2, 3, 5, 3, 0, 4, 4, 4, 3, 20),
(479, 478, 'Sandis', 'Ozolinsh', 'SJ', 'D', 6, 7, 3, 3, 3, 3, 3, 3, 6, 3, 2, 4, 2, 3, 3, 20),
(480, 479, 'Tom', 'Pederson', 'SJ', 'D', 41, 4, 1, 2, 3, 2, 2, 2, 5, 2, 2, 2, 4, 3, 2, 20),
(481, 480, 'Doug', 'Zmolek', 'SJ', 'D', 19, 12, 2, 2, 2, 3, 2, 3, 6, 2, 1, 3, 5, 2, 4, 20),
(482, 481, 'David', 'Williams', 'SJ', 'D', 3, 8, 2, 2, 2, 2, 2, 2, 5, 2, 0, 2, 2, 1, 3, 20),
(483, 482, 'Jay', 'More', 'SJ', 'D', 4, 7, 3, 2, 1, 3, 4, 3, 3, 3, 1, 3, 5, 3, 4, 20),
(484, 483, 'Peter', 'Ahola', 'SJ', 'D', 21, 9, 2, 2, 1, 3, 2, 3, 6, 2, 1, 3, 4, 2, 2, 20),
(485, 484, 'Rob', 'Zettler', 'SJ', 'D', 2, 7, 2, 2, 1, 3, 2, 2, 4, 3, 0, 3, 4, 3, 4, 20),
(486, 485, 'Curtis', 'Joseph', 'STL', 'G', 31, 6, 4, 4, 6, 6, 4, 0, 0, 0, 0, 3, 3, 4, 4, 21),
(487, 486, 'Guy', 'Hebert', 'STL', 'G', 29, 6, 2, 3, 3, 3, 2, 0, 0, 0, 0, 2, 2, 2, 2, 21),
(488, 487, 'Craig', 'Janney', 'STL', 'F', 15, 7, 4, 3, 5, 4, 3, 2, 0, 4, 4, 4, 0, 4, 0, 21),
(489, 488, 'Nelson', 'Emerson', 'STL', 'F', 7, 4, 4, 4, 4, 3, 3, 2, 3, 4, 3, 4, 1, 3, 2, 21),
(490, 489, 'Ron', 'Sutter', 'STL', 'F', 22, 6, 3, 3, 3, 4, 2, 4, 5, 3, 3, 4, 3, 4, 3, 21),
(491, 490, 'Ron', 'Wilson', 'STL', 'F', 18, 6, 3, 3, 2, 4, 1, 2, 0, 2, 2, 4, 3, 2, 2, 21),
(492, 491, 'Bob', 'Bassen', 'STL', 'F', 28, 4, 3, 4, 2, 2, 2, 4, 8, 3, 3, 2, 3, 2, 3, 21),
(493, 492, 'Philippe', 'Bozon', 'STL', 'F', 36, 6, 2, 2, 2, 2, 2, 1, 6, 2, 1, 2, 5, 1, 3, 21),
(494, 493, 'Igor', 'Korolev', 'STL', 'F', 38, 7, 2, 2, 2, 3, 2, 2, 0, 2, 1, 3, 0, 2, 1, 21),
(495, 494, 'Dave', 'Lowry', 'STL', 'F', 10, 8, 2, 2, 2, 3, 2, 3, 6, 2, 2, 3, 4, 2, 4, 21),
(496, 495, 'Basil', 'McRae', 'STL', 'F', 17, 9, 2, 2, 2, 2, 2, 2, 12, 2, 1, 3, 4, 1, 5, 21),
(497, 496, 'Brendan', 'Shanahan', 'STL', 'F', 19, 10, 3, 3, 5, 4, 4, 2, 7, 4, 5, 4, 2, 4, 4, 21),
(498, 497, 'Brett', 'Hull', 'STL', 'F', 16, 9, 4, 4, 5, 3, 6, 3, 3, 5, 3, 4, 4, 3, 2, 21),
(499, 498, 'Kevin', 'Miller', 'STL', 'F', 14, 7, 4, 3, 3, 4, 3, 3, 7, 3, 3, 4, 3, 3, 3, 21),
(500, 499, 'Rich', 'Sutter', 'STL', 'F', 23, 7, 3, 3, 2, 4, 1, 2, 3, 2, 2, 4, 5, 2, 3, 21),
(501, 500, 'Kelly', 'Chase', 'STL', 'F', 39, 8, 1, 1, 1, 2, 1, 1, 9, 1, 1, 2, 3, 1, 5, 21),
(502, 501, 'Jeff', 'Brown', 'STL', 'D', 21, 9, 3, 3, 4, 4, 5, 2, 3, 4, 3, 5, 1, 4, 2, 21),
(503, 502, 'Garth', 'Butcher', 'STL', 'D', 5, 9, 2, 3, 2, 4, 2, 4, 7, 3, 1, 4, 4, 3, 4, 21),
(504, 503, 'Doug', 'Crossman', 'STL', 'D', 6, 7, 2, 2, 3, 3, 2, 2, 6, 2, 3, 4, 0, 3, 2, 21),
(505, 504, 'Rick', 'Zombo', 'STL', 'D', 4, 8, 2, 2, 2, 3, 3, 2, 3, 2, 0, 4, 0, 2, 3, 21),
(506, 505, 'Stephane', 'Quintal', 'STL', 'D', 33, 11, 2, 2, 1, 4, 2, 3, 7, 3, 0, 4, 4, 3, 3, 21),
(507, 506, 'Lee', 'Norwood', 'STL', 'D', 20, 8, 2, 2, 2, 3, 1, 3, 8, 2, 2, 3, 2, 2, 4, 21),
(508, 507, 'Bret', 'Hedican', 'STL', 'D', 44, 8, 2, 2, 1, 1, 2, 3, 6, 2, 0, 1, 3, 2, 2, 21),
(509, 508, 'Curt', 'Giles', 'STL', 'D', 2, 5, 3, 2, 1, 3, 1, 2, 2, 2, 0, 3, 3, 1, 2, 21),
(510, 509, 'Murray', 'Baron', 'STL', 'D', 34, 10, 3, 3, 1, 2, 2, 2, 6, 2, 1, 2, 5, 1, 3, 21),
(511, 510, 'Wendell', 'Young', 'TB', 'G', 1, 6, 3, 3, 2, 2, 3, 0, 0, 0, 0, 3, 2, 3, 3, 22),
(512, 511, 'Pat', 'Jablonski', 'TB', 'G', 35, 5, 2, 3, 2, 2, 2, 0, 1, 0, 0, 2, 2, 2, 2, 22),
(513, 512, 'J.C.', 'Bergeron', 'TB', 'G', 30, 7, 2, 3, 2, 2, 2, 0, 0, 0, 0, 1, 1, 1, 1, 22),
(514, 513, 'Brian', 'Bradley', 'TB', 'F', 19, 4, 4, 3, 4, 3, 4, 3, 3, 3, 5, 4, 2, 3, 3, 22),
(515, 514, 'Chris', 'Kontos', 'TB', 'F', 16, 8, 3, 3, 4, 3, 3, 3, 0, 3, 5, 4, 3, 3, 0, 22),
(516, 515, 'Adam', 'Creighton', 'TB', 'F', 10, 10, 3, 2, 3, 2, 2, 3, 4, 2, 2, 3, 4, 3, 3, 22),
(517, 516, 'Marc', 'Bureau', 'TB', 'F', 28, 7, 3, 3, 3, 3, 2, 2, 1, 3, 2, 3, 3, 2, 4, 22),
(518, 517, 'Rob', 'DiMaio', 'TB', 'F', 18, 5, 2, 3, 3, 3, 2, 2, 5, 2, 2, 3, 2, 2, 3, 22),
(519, 518, 'Steve', 'Kasper', 'TB', 'F', 11, 5, 3, 3, 1, 3, 2, 4, 4, 3, 3, 3, 2, 3, 1, 22),
(520, 519, 'Jason', 'Lafreniere', 'TB', 'F', 17, 6, 2, 2, 3, 3, 2, 1, 3, 2, 4, 2, 2, 1, 2, 22),
(521, 520, 'Randy', 'Gilhen', 'TB', 'F', 20, 7, 2, 2, 1, 3, 2, 3, 2, 2, 1, 3, 5, 2, 1, 22),
(522, 521, 'Mikael', 'Andersson', 'TB', 'F', 34, 6, 2, 4, 2, 3, 2, 1, 0, 3, 2, 4, 5, 3, 0, 22),
(523, 522, 'Rob', 'Zamuner', 'TB', 'F', 7, 9, 2, 3, 3, 2, 2, 3, 4, 3, 2, 3, 3, 2, 2, 22),
(524, 523, 'Steve', 'Maltais', 'TB', 'F', 37, 10, 2, 2, 2, 3, 2, 3, 0, 2, 1, 3, 4, 2, 2, 22),
(525, 524, 'John', 'Tucker', 'TB', 'F', 14, 9, 2, 3, 3, 3, 3, 2, 3, 3, 2, 3, 2, 3, 3, 22),
(526, 525, 'Danton', 'Cole', 'TB', 'F', 24, 7, 3, 3, 3, 3, 2, 2, 1, 2, 2, 3, 4, 2, 1, 22),
(527, 526, 'Tim', 'Bergland', 'TB', 'F', 21, 8, 2, 2, 1, 3, 2, 2, 3, 2, 1, 3, 5, 2, 2, 22),
(528, 527, 'Stan', 'Drulia', 'TB', 'F', 27, 7, 1, 2, 1, 0, 2, 2, 3, 1, 2, 0, 5, 1, 2, 22),
(529, 528, 'Bob', 'Beers', 'TB', 'D', 2, 9, 3, 3, 3, 3, 2, 2, 3, 2, 2, 3, 3, 2, 3, 22),
(530, 529, 'Roman', 'Hamrlik', 'TB', 'D', 44, 7, 3, 2, 2, 3, 3, 2, 4, 3, 1, 3, 4, 2, 3, 22),
(531, 530, 'Shawn', 'Chambers', 'TB', 'D', 22, 9, 2, 2, 3, 3, 2, 2, 2, 2, 1, 3, 2, 2, 2, 22),
(532, 531, 'Marc', 'Bergevin', 'TB', 'D', 25, 6, 2, 2, 2, 2, 3, 3, 4, 2, 0, 3, 3, 2, 2, 22),
(533, 532, 'Joe', 'Reekie', 'TB', 'D', 29, 11, 3, 2, 2, 2, 3, 2, 6, 3, 0, 3, 2, 2, 3, 22),
(534, 533, 'Chris', 'Lipuma', 'TB', 'D', 40, 6, 1, 1, 2, 1, 1, 0, 2, 1, 0, 1, 1, 1, 4, 22),
(535, 534, 'Matt', 'Hervey', 'TB', 'D', 26, 9, 1, 1, 2, 1, 1, 2, 9, 1, 0, 1, 3, 0, 4, 22),
(536, 535, 'Felix', 'Potvin', 'TOR', 'G', 29, 6, 4, 4, 6, 6, 4, 0, 0, 0, 0, 4, 4, 4, 4, 23),
(537, 536, 'Daren', 'Puppa', 'TOR', 'G', 1, 9, 3, 4, 5, 5, 2, 0, 1, 0, 0, 2, 2, 3, 3, 23),
(538, 537, 'Rick', 'Wamsley', 'TOR', 'G', 30, 6, 2, 3, 0, 0, 2, 0, 0, 0, 0, 2, 2, 2, 2, 23),
(539, 538, 'Doug', 'Gilmour', 'TOR', 'F', 93, 4, 5, 4, 5, 5, 4, 4, 4, 4, 4, 6, 0, 4, 3, 23),
(540, 539, 'John', 'Cullen', 'TOR', 'F', 19, 7, 4, 3, 4, 3, 3, 2, 3, 4, 4, 4, 1, 4, 3, 23),
(541, 540, 'Mike', 'Krushelski', 'TOR', 'F', 26, 9, 3, 3, 3, 4, 2, 3, 4, 3, 4, 4, 3, 2, 2, 23),
(542, 541, 'Peter', 'Zezel', 'TOR', 'F', 25, 9, 3, 3, 3, 3, 3, 4, 0, 3, 3, 4, 1, 4, 1, 23),
(543, 542, 'Dave', 'McLlwain', 'TOR', 'F', 7, 7, 3, 2, 2, 3, 1, 3, 4, 3, 3, 3, 5, 3, 2, 23),
(544, 543, 'Dave', 'Andreychuk', 'TOR', 'F', 14, 11, 3, 3, 4, 4, 4, 4, 3, 3, 4, 5, 4, 3, 2, 23),
(545, 544, 'Wendel', 'Clark', 'TOR', 'F', 17, 8, 3, 3, 3, 3, 5, 4, 6, 4, 3, 4, 3, 4, 4, 23),
(546, 545, 'Mark', 'Osborne', 'TOR', 'F', 21, 9, 2, 2, 2, 4, 2, 3, 4, 2, 2, 4, 4, 1, 3, 23),
(547, 546, 'Bill', 'Berg', 'TOR', 'F', 10, 7, 2, 2, 2, 3, 2, 3, 4, 2, 3, 4, 5, 2, 3, 23),
(548, 547, 'Nikolai', 'Borshevsky', 'TOR', 'F', 16, 6, 4, 4, 4, 2, 3, 2, 0, 4, 4, 4, 2, 4, 1, 23),
(549, 548, 'Glenn', 'Anderson', 'TOR', 'F', 9, 7, 4, 4, 4, 3, 3, 2, 6, 4, 3, 4, 1, 4, 3, 23),
(550, 549, 'Rob', 'Pearson', 'TOR', 'F', 12, 6, 2, 2, 3, 3, 1, 1, 1, 2, 3, 4, 5, 2, 4, 23),
(551, 550, 'Mike', 'Foligno', 'TOR', 'F', 71, 8, 2, 2, 2, 3, 2, 5, 5, 3, 3, 3, 5, 2, 3, 23);
INSERT INTO `roster` (`ID`, `Player_ID`, `First`, `Last`, `Team`, `Pos`, `JNo`, `Wgt`, `Agl`, `Spd`, `OfA`, `DfA`, `ShP`, `ChK`, `H/F`, `StH`, `ShA`, `End`, `Rgh`, `Pas`, `Agr`, `Team_ID`) VALUES
(552, 551, 'Ken', 'Baumgartnr', 'TOR', 'F', 22, 9, 2, 2, 0, 2, 1, 2, 10, 1, 0, 2, 3, 2, 4, 23),
(553, 552, 'Todd', 'Gill', 'TOR', 'D', 23, 6, 3, 3, 3, 3, 2, 4, 4, 2, 2, 4, 1, 2, 3, 23),
(554, 553, 'Dave', 'Ellett', 'TOR', 'D', 4, 9, 4, 4, 3, 4, 5, 4, 4, 4, 1, 4, 2, 4, 2, 23),
(555, 554, 'Dimitri', 'Mironov', 'TOR', 'D', 15, 7, 3, 2, 3, 3, 3, 1, 2, 3, 2, 3, 1, 3, 2, 23),
(556, 555, 'Drake', 'Berehowsky', 'TOR', 'D', 55, 10, 2, 2, 3, 3, 2, 3, 5, 2, 2, 3, 0, 2, 3, 23),
(557, 556, 'Jamie', 'Macoun', 'TOR', 'D', 34, 8, 3, 3, 2, 4, 4, 4, 4, 3, 1, 4, 4, 4, 2, 23),
(558, 557, 'Bob', 'Rouse', 'TOR', 'D', 3, 10, 3, 3, 2, 4, 2, 4, 3, 2, 0, 4, 4, 2, 3, 23),
(559, 558, 'Sylvain', 'Lefebvre', 'TOR', 'D', 2, 9, 2, 2, 1, 3, 1, 3, 4, 2, 0, 4, 4, 3, 3, 23),
(560, 559, 'Bob', 'McGill', 'TOR', 'D', 8, 8, 2, 2, 0, 2, 3, 3, 5, 2, 3, 2, 3, 2, 4, 23),
(561, 560, 'Kirk', 'McLean', 'VAN', 'G', 1, 8, 4, 4, 4, 4, 4, 0, 0, 0, 0, 4, 4, 3, 3, 24),
(562, 561, 'Kay', 'Whitmore', 'VAN', 'G', 35, 5, 2, 3, 5, 5, 2, 0, 0, 0, 0, 2, 3, 2, 3, 24),
(563, 562, 'Cliff', 'Ronning', 'VAN', 'F', 7, 5, 5, 5, 4, 3, 2, 2, 0, 4, 3, 5, 1, 4, 1, 24),
(564, 563, 'Petr', 'Nedved', 'VAN', 'F', 19, 5, 2, 2, 4, 3, 2, 1, 0, 3, 6, 4, 2, 3, 3, 24),
(565, 564, 'Anatoli', 'Semenov', 'VAN', 'F', 20, 7, 3, 3, 3, 4, 3, 2, 0, 3, 3, 4, 0, 3, 2, 24),
(566, 565, 'Tom', 'Fergus', 'VAN', 'F', 15, 10, 2, 2, 3, 3, 2, 2, 2, 2, 3, 3, 0, 2, 2, 24),
(567, 566, 'Geoff', 'Courtnall', 'VAN', 'F', 14, 7, 5, 5, 4, 3, 3, 1, 4, 4, 3, 3, 2, 4, 4, 24),
(568, 567, 'Murray', 'Craven', 'VAN', 'F', 32, 6, 3, 3, 4, 3, 3, 3, 4, 3, 4, 3, 0, 3, 1, 24),
(569, 568, 'Greg', 'Adams', 'VAN', 'F', 8, 7, 3, 3, 4, 4, 3, 3, 2, 3, 5, 4, 1, 3, 1, 24),
(570, 569, 'Sergio', 'Momesso', 'VAN', 'F', 27, 11, 4, 3, 3, 3, 3, 4, 6, 2, 3, 4, 4, 2, 4, 24),
(571, 570, 'Gino', 'Odjick', 'VAN', 'F', 29, 11, 2, 2, 2, 3, 2, 3, 10, 2, 1, 3, 3, 2, 6, 24),
(572, 571, 'Garry', 'Valk', 'VAN', 'F', 23, 7, 2, 2, 2, 3, 2, 3, 6, 2, 3, 3, 3, 2, 3, 24),
(573, 572, 'Pavel', 'Bure', 'VAN', 'F', 10, 5, 5, 6, 5, 4, 4, 2, 0, 5, 4, 4, 4, 4, 2, 24),
(574, 573, 'Trevor', 'Linden', 'VAN', 'F', 16, 9, 4, 4, 4, 4, 4, 3, 3, 4, 4, 4, 3, 4, 2, 24),
(575, 574, 'Dixon', 'Ward', 'VAN', 'F', 17, 9, 2, 3, 3, 3, 3, 2, 1, 2, 5, 3, 1, 2, 3, 24),
(576, 575, 'Jim', 'Sandlak', 'VAN', 'F', 25, 11, 1, 2, 3, 3, 3, 2, 9, 2, 2, 3, 3, 2, 4, 24),
(577, 576, 'Tim', 'Hunter', 'VAN', 'F', 26, 9, 2, 2, 1, 2, 2, 3, 9, 2, 3, 2, 3, 2, 4, 24),
(578, 577, 'Jyrki', 'Lumme', 'VAN', 'D', 21, 7, 4, 3, 3, 4, 2, 3, 4, 4, 1, 4, 1, 4, 2, 24),
(579, 578, 'Doug', 'Lidster', 'VAN', 'D', 3, 9, 3, 3, 2, 3, 3, 4, 3, 4, 1, 4, 1, 4, 2, 24),
(580, 579, 'Adrien', 'Plavsic', 'VAN', 'D', 6, 7, 2, 2, 3, 3, 2, 3, 6, 2, 2, 3, 0, 2, 3, 24),
(581, 580, 'Jiri', 'Slegr', 'VAN', 'D', 24, 10, 3, 3, 3, 3, 3, 2, 6, 3, 1, 4, 1, 3, 4, 24),
(582, 581, 'Gerald', 'Diduck', 'VAN', 'D', 4, 10, 3, 3, 2, 3, 4, 4, 7, 3, 1, 3, 4, 3, 4, 24),
(583, 582, 'Dave', 'Babych', 'VAN', 'D', 44, 11, 2, 2, 3, 4, 3, 2, 6, 3, 0, 4, 2, 3, 3, 24),
(584, 583, 'Dana', 'Murzyn', 'VAN', 'D', 5, 9, 2, 3, 2, 3, 4, 4, 6, 2, 1, 4, 4, 2, 4, 24),
(585, 584, 'Robert', 'Dirk', 'VAN', 'D', 22, 11, 2, 2, 1, 3, 2, 3, 6, 3, 2, 3, 3, 2, 4, 24),
(586, 585, 'Don', 'Beaupre', 'WSH', 'G', 33, 4, 3, 4, 3, 3, 3, 0, 0, 0, 0, 3, 3, 3, 3, 25),
(587, 586, 'Rick', 'Tabaracci', 'WSH', 'G', 31, 6, 2, 3, 1, 1, 2, 0, 0, 0, 0, 3, 3, 2, 2, 25),
(588, 587, 'Mike', 'Ridley', 'WSH', 'F', 17, 9, 4, 4, 4, 3, 3, 2, 0, 4, 4, 4, 0, 4, 2, 25),
(589, 588, 'Dimitri', 'Khristich', 'WSH', 'F', 8, 7, 3, 3, 4, 3, 4, 3, 1, 4, 6, 4, 1, 4, 2, 25),
(590, 589, 'Dale', 'Hunter', 'WSH', 'F', 32, 8, 2, 2, 4, 4, 3, 4, 6, 2, 4, 4, 0, 4, 4, 25),
(591, 590, 'Michal', 'Pivonka', 'WSH', 'F', 20, 8, 3, 3, 4, 3, 3, 3, 4, 4, 3, 4, 0, 4, 3, 25),
(592, 591, 'Steve', 'Konowlchuk', 'WSH', 'F', 22, 6, 2, 2, 2, 2, 2, 3, 2, 2, 2, 2, 2, 2, 2, 25),
(593, 592, 'Reggie', 'Savage', 'WSH', 'F', 15, 7, 2, 2, 2, 1, 2, 2, 6, 2, 2, 1, 3, 2, 2, 25),
(594, 593, 'Bob', 'Carpenter', 'WSH', 'F', 11, 7, 4, 4, 3, 3, 3, 2, 4, 3, 2, 3, 4, 4, 3, 25),
(595, 594, 'Todd', 'Krygier', 'WSH', 'F', 21, 6, 2, 3, 2, 3, 2, 2, 4, 2, 2, 3, 5, 1, 2, 25),
(596, 595, 'Alan', 'May', 'WSH', 'F', 16, 9, 2, 2, 2, 3, 3, 3, 7, 2, 2, 3, 4, 2, 5, 25),
(597, 596, 'Peter', 'Bondra', 'WSH', 'F', 12, 6, 4, 6, 4, 3, 3, 2, 0, 4, 4, 4, 2, 3, 2, 25),
(598, 597, 'Pat', 'Elynuik', 'WSH', 'F', 19, 6, 3, 3, 3, 3, 3, 2, 3, 3, 5, 3, 1, 2, 2, 25),
(599, 598, 'Kelly', 'Miller', 'WSH', 'F', 10, 8, 4, 4, 3, 3, 3, 2, 0, 4, 3, 3, 2, 4, 1, 25),
(600, 599, 'Keith', 'Jones', 'WSH', 'F', 26, 7, 2, 2, 2, 2, 2, 3, 3, 2, 3, 2, 2, 3, 4, 25),
(601, 600, 'Paul', 'MacDermid', 'WSH', 'F', 23, 9, 2, 2, 2, 3, 2, 4, 7, 2, 4, 3, 3, 2, 3, 25),
(602, 601, 'Kevin', 'Hatcher', 'WSH', 'D', 4, 12, 3, 3, 4, 4, 5, 4, 3, 4, 2, 4, 4, 4, 3, 25),
(603, 602, 'Al', 'Iafrate', 'WSH', 'D', 34, 11, 4, 4, 4, 4, 6, 4, 6, 4, 2, 4, 4, 4, 4, 25),
(604, 603, 'Sylvain', 'Cote', 'WSH', 'D', 3, 6, 3, 3, 3, 4, 3, 3, 1, 3, 2, 4, 4, 3, 2, 25),
(605, 604, 'Calle', 'Johansson', 'WSH', 'D', 6, 9, 4, 3, 3, 4, 4, 3, 4, 4, 1, 4, 1, 4, 2, 25),
(606, 605, 'Paul', 'Cavallini', 'WSH', 'D', 14, 10, 3, 3, 2, 3, 3, 3, 4, 3, 1, 3, 5, 3, 2, 25),
(607, 606, 'Shawn', 'Anderson', 'WSH', 'D', 36, 9, 2, 2, 1, 2, 2, 3, 6, 2, 1, 2, 3, 3, 1, 25),
(608, 607, 'Jason', 'Woolley', 'WSH', 'D', 25, 6, 2, 2, 1, 1, 1, 2, 2, 2, 0, 1, 2, 1, 2, 25),
(609, 608, 'Rod', 'Langway', 'WSH', 'D', 5, 11, 3, 2, 0, 2, 2, 3, 2, 3, 0, 2, 3, 2, 3, 25),
(610, 609, 'Bob', 'Essensa', 'WPG', 'G', 35, 3, 4, 4, 5, 5, 4, 0, 0, 0, 0, 4, 4, 4, 4, 26),
(611, 610, 'Jim', 'Hrivnak', 'WPG', 'G', 30, 6, 2, 3, 2, 2, 2, 0, 0, 0, 0, 2, 2, 2, 2, 26),
(612, 611, 'Alexei', 'Zhamnov', 'WPG', 'F', 10, 7, 5, 3, 4, 3, 3, 3, 0, 5, 4, 4, 1, 5, 2, 26),
(613, 612, 'Thomas', 'Steen', 'WPG', 'F', 25, 8, 4, 3, 4, 3, 3, 3, 4, 4, 4, 4, 0, 5, 3, 26),
(614, 613, 'Luciano', 'Borsato', 'WPG', 'F', 38, 4, 3, 3, 3, 3, 2, 3, 1, 3, 4, 3, 2, 3, 2, 26),
(615, 614, 'Mike', 'Eagles', 'WPG', 'F', 36, 7, 3, 3, 2, 4, 2, 5, 4, 2, 2, 5, 1, 2, 3, 26),
(616, 615, 'Stu', 'Barnes', 'WPG', 'F', 14, 5, 2, 3, 3, 3, 2, 2, 3, 2, 3, 3, 4, 2, 1, 26),
(617, 616, 'Darrin', 'Shannon', 'WPG', 'F', 34, 9, 2, 2, 3, 4, 3, 4, 0, 3, 4, 4, 0, 3, 3, 26),
(618, 617, 'Keith', 'Tkachuk', 'WPG', 'F', 7, 9, 3, 2, 3, 3, 4, 3, 6, 2, 3, 4, 4, 2, 4, 26),
(619, 618, 'Kris', 'King', 'WPG', 'F', 17, 10, 3, 3, 2, 4, 2, 3, 6, 2, 2, 4, 3, 2, 4, 26),
(620, 619, 'Russ', 'Romaniuk', 'WPG', 'F', 21, 6, 3, 2, 1, 2, 2, 3, 6, 2, 3, 2, 5, 2, 2, 26),
(621, 620, 'Andy', 'Brickley', 'WPG', 'F', 23, 9, 2, 2, 2, 2, 1, 3, 2, 2, 0, 2, 0, 3, 0, 26),
(622, 621, 'Teemu', 'Selanne', 'WPG', 'F', 13, 6, 5, 6, 5, 3, 4, 3, 3, 4, 5, 5, 4, 4, 2, 26),
(623, 622, 'Evgeny', 'Davydov', 'WPG', 'F', 11, 6, 4, 4, 3, 3, 4, 1, 3, 3, 4, 3, 5, 3, 2, 26),
(624, 623, 'John', 'Druce', 'WPG', 'F', 15, 9, 2, 2, 3, 3, 2, 3, 3, 2, 2, 3, 1, 2, 2, 26),
(625, 624, 'Bryan', 'Erickson', 'WPG', 'F', 18, 5, 2, 3, 3, 3, 2, 3, 3, 2, 2, 3, 1, 2, 1, 26),
(626, 625, 'Tie', 'Domi', 'WPG', 'F', 20, 9, 2, 2, 2, 3, 2, 3, 9, 2, 3, 4, 1, 2, 6, 26),
(627, 626, 'Phil', 'Housley', 'WPG', 'D', 6, 6, 6, 5, 4, 3, 3, 2, 4, 6, 2, 4, 0, 6, 2, 26),
(628, 627, 'Teppo', 'Numminen', 'WPG', 'D', 27, 7, 4, 3, 3, 5, 3, 3, 1, 4, 2, 4, 1, 3, 2, 26),
(629, 628, 'Fredrik', 'Olausson', 'WPG', 'D', 4, 9, 4, 3, 4, 3, 4, 1, 1, 4, 2, 3, 1, 4, 1, 26),
(630, 629, 'Sergei', 'Bautin', 'WPG', 'D', 3, 6, 3, 3, 2, 4, 3, 4, 4, 3, 1, 4, 2, 3, 3, 26),
(631, 630, 'Igor', 'Ulanov', 'WPG', 'D', 5, 9, 2, 2, 2, 4, 2, 3, 6, 2, 1, 4, 0, 2, 4, 26),
(632, 631, 'Mike', 'Lalor', 'WPG', 'D', 22, 9, 3, 2, 1, 3, 2, 2, 4, 2, 0, 4, 5, 2, 3, 26),
(633, 632, 'Dean', 'Kennedy', 'WPG', 'D', 26, 9, 2, 2, 1, 3, 2, 3, 3, 2, 0, 4, 4, 2, 3, 26),
(634, 633, 'Randy', 'Carlyle', 'WPG', 'D', 8, 9, 2, 2, 1, 2, 2, 3, 6, 2, 1, 2, 5, 2, 2, 26),
(635, 634, 'Patrick', 'Roy', 'ASE', 'G', 33, 6, 6, 4, 4, 4, 6, 0, 1, 0, 0, 5, 5, 6, 6, 27),
(636, 635, 'Grant', 'Fuhr', 'ASE', 'G', 31, 7, 5, 4, 5, 5, 5, 0, 0, 0, 0, 4, 4, 5, 5, 27),
(637, 636, 'Tom', 'Barrasso', 'ASE', 'G', 35, 10, 4, 4, 5, 5, 4, 0, 0, 0, 0, 4, 4, 4, 4, 27),
(638, 637, 'Mario', 'Lemieux', 'ASE', 'F', 66, 10, 5, 4, 6, 4, 4, 3, 3, 6, 6, 6, 0, 6, 2, 27),
(639, 638, 'Mark', 'Messier', 'ASE', 'F', 11, 10, 5, 4, 4, 4, 3, 5, 4, 5, 3, 4, 0, 5, 3, 27),
(640, 639, 'Kirk', 'Muller', 'ASE', 'F', 10, 9, 4, 4, 4, 4, 4, 4, 4, 4, 4, 4, 1, 4, 3, 27),
(641, 640, 'Adam', 'Oates', 'ASE', 'F', 12, 7, 5, 4, 6, 5, 3, 3, 1, 5, 4, 5, 0, 6, 1, 27),
(642, 641, 'Joe', 'Sakic', 'ASE', 'F', 19, 6, 4, 4, 5, 4, 4, 2, 0, 4, 5, 5, 2, 5, 2, 27),
(643, 642, 'Pierre', 'Turgeon', 'ASE', 'F', 78, 9, 4, 4, 5, 3, 4, 3, 4, 4, 5, 5, 1, 4, 1, 27),
(644, 643, 'Pat', 'LaFontaine', 'ASE', 'F', 16, 5, 5, 4, 6, 4, 3, 3, 3, 5, 4, 6, 0, 5, 2, 27),
(645, 644, 'Kevin', 'Stevens', 'ASE', 'F', 25, 11, 3, 4, 5, 3, 3, 3, 6, 4, 4, 5, 3, 4, 4, 27),
(646, 645, 'Jaromir', 'Jagr', 'ASE', 'F', 68, 10, 5, 4, 4, 3, 3, 4, 4, 5, 3, 4, 1, 4, 2, 27),
(647, 646, 'Peter', 'Bondra', 'ASE', 'F', 13, 6, 4, 6, 4, 3, 3, 2, 0, 4, 4, 4, 2, 3, 2, 27),
(648, 647, 'Mike', 'Gartner', 'ASE', 'F', 22, 7, 5, 5, 4, 4, 5, 2, 3, 5, 3, 5, 5, 5, 2, 27),
(649, 648, 'Rick', 'Tocchet', 'ASE', 'F', 23, 9, 2, 2, 5, 4, 4, 3, 7, 3, 5, 4, 1, 3, 4, 27),
(650, 649, 'Alexnder', 'Mogilny', 'ASE', 'F', 89, 7, 6, 6, 6, 3, 4, 2, 4, 5, 5, 4, 4, 5, 2, 27),
(651, 650, 'Mark', 'Recchi', 'ASE', 'F', 8, 6, 5, 4, 5, 3, 4, 3, 4, 4, 5, 4, 1, 4, 3, 27),
(652, 651, 'Larry', 'Murphy', 'ASE', 'D', 55, 10, 4, 3, 4, 5, 4, 3, 2, 4, 2, 5, 1, 4, 3, 27),
(653, 652, 'Ray', 'Bourque', 'ASE', 'D', 77, 10, 5, 4, 4, 6, 5, 6, 0, 5, 5, 6, 2, 5, 2, 27),
(654, 653, 'Brian', 'Leetch', 'ASE', 'D', 2, 6, 6, 3, 4, 4, 4, 2, 6, 5, 1, 5, 2, 5, 2, 27),
(655, 654, 'Steve', 'Duchesne', 'ASE', 'D', 28, 8, 4, 4, 4, 4, 4, 2, 4, 4, 2, 4, 1, 4, 2, 27),
(656, 655, 'Al', 'Iafrate', 'ASE', 'D', 34, 11, 4, 4, 4, 4, 6, 4, 6, 4, 2, 4, 4, 4, 4, 27),
(657, 656, 'Scott', 'Stevens', 'ASE', 'D', 4, 11, 4, 4, 3, 4, 4, 5, 6, 4, 2, 5, 0, 4, 3, 27),
(658, 657, 'Zarley', 'Zalapski', 'ASE', 'D', 3, 10, 5, 4, 4, 5, 4, 4, 4, 4, 2, 5, 1, 3, 3, 27),
(659, 658, 'Glen', 'Wesley', 'ASE', 'D', 26, 8, 5, 4, 3, 4, 4, 3, 6, 4, 1, 4, 4, 4, 2, 27),
(660, 659, 'Ed', 'Belfour', 'ASW', 'G', 30, 6, 6, 4, 6, 6, 5, 0, 0, 0, 0, 6, 6, 5, 5, 28),
(661, 660, 'Tim', 'Cheveldae', 'ASW', 'G', 32, 6, 4, 4, 4, 4, 4, 0, 0, 0, 0, 4, 3, 4, 4, 28),
(662, 661, 'Felix', 'Potvin', 'ASW', 'G', 29, 6, 4, 4, 6, 6, 4, 0, 0, 0, 0, 4, 4, 4, 4, 28),
(663, 662, 'Steve', 'Yzerman', 'ASW', 'F', 19, 6, 6, 5, 6, 4, 4, 1, 1, 5, 5, 6, 1, 5, 2, 28),
(664, 663, 'Mike', 'Modano', 'ASW', 'F', 9, 7, 5, 5, 4, 4, 5, 2, 4, 5, 2, 5, 2, 4, 3, 28),
(665, 664, 'Jeremy', 'Roenick', 'ASW', 'F', 27, 4, 5, 5, 4, 4, 5, 2, 3, 5, 5, 5, 2, 5, 3, 28),
(666, 665, 'Brian', 'Bradley', 'ASW', 'F', 23, 4, 4, 3, 4, 3, 4, 3, 3, 3, 5, 4, 2, 3, 3, 28),
(667, 666, 'Doug', 'Gilmour', 'ASW', 'F', 93, 4, 5, 4, 5, 5, 4, 4, 4, 4, 4, 6, 0, 4, 3, 28),
(668, 667, 'Wayne', 'Gretzky', 'ASW', 'F', 99, 4, 6, 4, 5, 4, 2, 2, 2, 6, 2, 6, 0, 6, 0, 28),
(669, 668, 'Gary', 'Roberts', 'ASW', 'F', 11, 7, 4, 4, 5, 4, 4, 4, 8, 4, 5, 5, 1, 3, 4, 28),
(670, 669, 'Luc', 'Robitaille', 'ASW', 'F', 20, 7, 4, 4, 5, 3, 4, 2, 4, 5, 6, 5, 2, 4, 3, 28),
(671, 670, 'Theoren', 'Fleury', 'ASW', 'F', 14, 3, 5, 5, 4, 5, 4, 4, 7, 4, 3, 6, 1, 3, 3, 28),
(672, 671, 'Brett', 'Hull', 'ASW', 'F', 16, 9, 4, 4, 5, 3, 6, 3, 3, 5, 3, 4, 4, 3, 2, 28),
(673, 672, 'Pavel', 'Bure', 'ASW', 'F', 10, 5, 5, 6, 5, 4, 4, 2, 0, 5, 4, 4, 4, 4, 2, 28),
(674, 673, 'Teemu', 'Selanne', 'ASW', 'F', 13, 6, 5, 6, 5, 3, 4, 3, 3, 4, 5, 5, 4, 4, 2, 28),
(675, 674, 'Pat', 'Falloon', 'ASW', 'F', 18, 7, 4, 4, 3, 2, 3, 1, 3, 4, 2, 4, 5, 3, 1, 28),
(676, 675, 'Jari', 'Kurri', 'ASW', 'F', 17, 8, 4, 3, 4, 4, 4, 2, 1, 4, 3, 4, 1, 3, 2, 28),
(677, 676, 'Gary', 'Suter', 'ASW', 'D', 22, 7, 5, 4, 4, 5, 4, 4, 6, 4, 2, 5, 2, 4, 3, 28),
(678, 677, 'Jeff', 'Brown', 'ASW', 'D', 21, 9, 3, 3, 4, 4, 5, 2, 3, 4, 3, 5, 1, 4, 2, 28),
(679, 678, 'Paul', 'Coffey', 'ASW', 'D', 77, 9, 6, 5, 4, 3, 4, 2, 4, 6, 1, 5, 1, 5, 3, 28),
(680, 679, 'Chris', 'Chelios', 'ASW', 'D', 7, 7, 4, 4, 4, 6, 5, 4, 7, 5, 1, 6, 2, 4, 5, 28),
(681, 680, 'Phil', 'Housley', 'ASW', 'D', 6, 6, 6, 5, 4, 3, 3, 2, 4, 6, 2, 4, 0, 6, 2, 28),
(682, 681, 'Dave', 'Manson', 'ASW', 'D', 24, 9, 4, 4, 3, 5, 5, 4, 10, 4, 1, 5, 4, 3, 4, 28),
(683, 682, 'Steve', 'Smith', 'ASW', 'D', 5, 11, 4, 4, 3, 4, 4, 4, 6, 4, 1, 5, 2, 4, 4, 28),
(684, 683, 'Steve', 'Chiasson', 'ASW', 'D', 3, 9, 4, 3, 4, 4, 4, 3, 6, 4, 1, 4, 2, 3, 4, 28);

-- --------------------------------------------------------

--
-- Table structure for table `schedule`
--

CREATE TABLE `schedule` (
  `ID` int(11) NOT NULL,
  `H_Team_ID` int(11) NOT NULL,
  `A_Team_ID` int(11) NOT NULL,
  `H_Score` int(11) NOT NULL,
  `A_Score` int(11) NOT NULL,
  `OT` int(11) NOT NULL,
  `Confirm_Time` int(11) NOT NULL,
  `Game_ID` int(11) NOT NULL,
  `Series_ID` int(11) NOT NULL,
  `H_User_ID` int(11) NOT NULL,
  `A_User_ID` int(11) NOT NULL
) ENGINE=InnoDB DEFAULT CHARSET=latin1;

-- --------------------------------------------------------

--
-- Table structure for table `scoresum`
--

CREATE TABLE `scoresum` (
  `ID` int(11) NOT NULL,
  `Game_ID` int(11) NOT NULL,
  `Team_ID` int(11) NOT NULL,
  `Period` int(11) NOT NULL,
  `Time` int(11) NOT NULL,
  `G` int(11) NOT NULL,
  `A1` int(11) NOT NULL,
  `A2` int(11) NOT NULL,
  `Type` int(11) NOT NULL
) ENGINE=InnoDB DEFAULT CHARSET=latin1;

-- --------------------------------------------------------

--
-- Table structure for table `series`
--

CREATE TABLE `series` (
  `ID` int(11) NOT NULL,
  `H_User_ID` int(11) NOT NULL,
  `A_User_ID` int(11) NOT NULL,
  `Name` int(11) NOT NULL
) ENGINE=InnoDB DEFAULT CHARSET=latin1;

-- --------------------------------------------------------

--
-- Table structure for table `users`
--

CREATE TABLE `users` (
  `ID` int(11) NOT NULL,
  `Name` varchar(255) NOT NULL,
  `Alias` varchar(255) NOT NULL,
  `Password` varchar(255) NOT NULL
) ENGINE=InnoDB DEFAULT CHARSET=latin1;

--
-- Dumping data for table `users`
--

INSERT INTO `users` (`ID`, `Name`, `Alias`, `Password`) VALUES
(1, 'Matt Garvin', 'AquaLizard', 'Elvis!'),
(2, 'Rob Clarkson', 'AtomicRaven', 'Saturn!');

--
-- Indexes for dumped tables
--

--
-- Indexes for table `gamestats`
--
ALTER TABLE `gamestats`
  ADD PRIMARY KEY (`Game_ID`);

--
-- Indexes for table `nhlteam`
--
ALTER TABLE `nhlteam`
  ADD PRIMARY KEY (`ID`);

--
-- Indexes for table `pensum`
--
ALTER TABLE `pensum`
  ADD PRIMARY KEY (`ID`);

--
-- Indexes for table `playerstats`
--
ALTER TABLE `playerstats`
  ADD PRIMARY KEY (`ID`);

--
-- Indexes for table `roster`
--
ALTER TABLE `roster`
  ADD PRIMARY KEY (`ID`);

--
-- Indexes for table `schedule`
--
ALTER TABLE `schedule`
  ADD PRIMARY KEY (`ID`);

--
-- Indexes for table `scoresum`
--
ALTER TABLE `scoresum`
  ADD PRIMARY KEY (`ID`);

--
-- Indexes for table `series`
--
ALTER TABLE `series`
  ADD PRIMARY KEY (`ID`);

--
-- Indexes for table `users`
--
ALTER TABLE `users`
  ADD PRIMARY KEY (`ID`);

--
-- AUTO_INCREMENT for dumped tables
--

--
-- AUTO_INCREMENT for table `gamestats`
--
ALTER TABLE `gamestats`
  MODIFY `Game_ID` int(11) NOT NULL AUTO_INCREMENT, AUTO_INCREMENT=169;
--
-- AUTO_INCREMENT for table `nhlteam`
--
ALTER TABLE `nhlteam`
  MODIFY `ID` int(11) NOT NULL AUTO_INCREMENT, AUTO_INCREMENT=29;
--
-- AUTO_INCREMENT for table `pensum`
--
ALTER TABLE `pensum`
  MODIFY `ID` int(11) NOT NULL AUTO_INCREMENT, AUTO_INCREMENT=21;
--
-- AUTO_INCREMENT for table `playerstats`
--
ALTER TABLE `playerstats`
  MODIFY `ID` int(11) NOT NULL AUTO_INCREMENT, AUTO_INCREMENT=1169;
--
-- AUTO_INCREMENT for table `roster`
--
ALTER TABLE `roster`
  MODIFY `ID` int(11) NOT NULL AUTO_INCREMENT, AUTO_INCREMENT=685;
--
-- AUTO_INCREMENT for table `schedule`
--
ALTER TABLE `schedule`
  MODIFY `ID` int(11) NOT NULL AUTO_INCREMENT, AUTO_INCREMENT=122;
--
-- AUTO_INCREMENT for table `scoresum`
--
ALTER TABLE `scoresum`
  MODIFY `ID` int(11) NOT NULL AUTO_INCREMENT, AUTO_INCREMENT=156;
--
-- AUTO_INCREMENT for table `series`
--
ALTER TABLE `series`
  MODIFY `ID` int(11) NOT NULL AUTO_INCREMENT;
--
-- AUTO_INCREMENT for table `users`
--
ALTER TABLE `users`
  MODIFY `ID` int(11) NOT NULL AUTO_INCREMENT, AUTO_INCREMENT=3;
/*!40101 SET CHARACTER_SET_CLIENT=@OLD_CHARACTER_SET_CLIENT */;
/*!40101 SET CHARACTER_SET_RESULTS=@OLD_CHARACTER_SET_RESULTS */;
/*!40101 SET COLLATION_CONNECTION=@OLD_COLLATION_CONNECTION */;
